============================= test session starts ==============================
platform linux -- Python 3.12.7, pytest-8.4.1, pluggy-1.6.0
rootdir: /data/home/xts/code/cs336/assignment2-systems
configfile: pyproject.toml
plugins: jaxtyping-0.3.2
collected 2 items

tests/test_sharded_optimizer.py::test_sharded_optimizer[ToyModel] torch.Size([2])
self.local_params[-1]: torch.Size([1])
torch.Size([10, 10])
self.local_params[-1]: torch.Size([50])
torch.Size([50, 10])
self.local_params[-1]: torch.Size([250])
torch.Size([50])
self.local_params[-1]: torch.Size([25])
torch.Size([5, 50])
self.local_params[-1]: torch.Size([125])
rank: local_param 0 tensor([2.], device='cuda:0', requires_grad=True)
rank: flatten_data 0 tensor([2., 2.], device='cuda:0')
rank: local_param 0 tensor([ 0.2418,  0.2625, -0.0741,  0.2905, -0.0693,  0.0638, -0.1540,  0.1857,
         0.2788, -0.2320,  0.2749,  0.0592,  0.2336,  0.0428,  0.1525, -0.0446,
         0.2438,  0.0467, -0.1476,  0.0806, -0.1457, -0.0371, -0.1284,  0.2098,
        -0.2496, -0.1458, -0.0893, -0.1901,  0.0298, -0.3123,  0.2856, -0.2686,
         0.2441,  0.0526, -0.1027,  0.1954,  0.0493,  0.2555,  0.0346, -0.0997,
         0.0850, -0.0858,  0.1331,  0.2823,  0.1828, -0.1382,  0.1825,  0.0566,
         0.1606, -0.1927], device='cuda:0', requires_grad=True)
rank: flatten_data 0 tensor([ 0.2418,  0.2625, -0.0741,  0.2905, -0.0693,  0.0638, -0.1540,  0.1857,
         0.2788, -0.2320,  0.2749,  0.0592,  0.2336,  0.0428,  0.1525, -0.0446,
         0.2438,  0.0467, -0.1476,  0.0806, -0.1457, -0.0371, -0.1284,  0.2098,
        -0.2496, -0.1458, -0.0893, -0.1901,  0.0298, -0.3123,  0.2856, -0.2686,
         0.2441,  0.0526, -0.1027,  0.1954,  0.0493,  0.2555,  0.0346, -0.0997,
         0.0850, -0.0858,  0.1331,  0.2823,  0.1828, -0.1382,  0.1825,  0.0566,
         0.1606, -0.1927, -0.3130, -0.1222, -0.2426,  0.2595,  0.0911,  0.1310,
         0.1000, -0.0055,  0.2475, -0.2247,  0.0199, -0.2158,  0.0975, -0.1089,
         0.0969, -0.0659,  0.2623, -0.1874, -0.1886, -0.1886,  0.2844,  0.1054,
         0.3043, -0.2610, -0.3137, -0.2474, -0.2127,  0.1281,  0.1132,  0.2628,
        -0.1633, -0.2156,  0.1678, -0.1278,  0.1919, -0.0750,  0.1809, -0.2457,
        -0.1596,  0.0964,  0.0669, -0.0806,  0.1885,  0.2150, -0.2293, -0.1688,
         0.2896, -0.1067, -0.1121, -0.3060], device='cuda:0')
rank: local_param 0 tensor([-0.1811,  0.0790, -0.0417, -0.2295,  0.0074, -0.2160, -0.2683, -0.1741,
        -0.2768, -0.2014,  0.3161,  0.0597,  0.0974, -0.2949, -0.2077, -0.1053,
         0.0494, -0.2783, -0.1363, -0.1893,  0.0009, -0.1177, -0.0219, -0.2143,
        -0.2171, -0.1845, -0.1082, -0.2496,  0.2651, -0.0628,  0.2721,  0.0985,
        -0.2678,  0.2188, -0.0870, -0.1212, -0.2625, -0.3144,  0.0905, -0.0691,
         0.1231, -0.2595,  0.2348, -0.2321, -0.0546,  0.0661,  0.1633,  0.2553,
         0.2881, -0.2507,  0.0796, -0.1360, -0.0347, -0.2367,  0.2880, -0.2321,
         0.1690,  0.1111,  0.1028, -0.1710,  0.2874,  0.0695,  0.0407, -0.2787,
         0.1327, -0.0474, -0.1449,  0.2716,  0.0705, -0.1750, -0.1601, -0.0151,
         0.1766, -0.0808, -0.1804, -0.1083, -0.2362,  0.1128,  0.2448, -0.2977,
         0.0734,  0.1634,  0.0573, -0.1126,  0.1651,  0.1662,  0.1182, -0.0556,
        -0.0837,  0.0338, -0.0559, -0.0942,  0.2021,  0.2718, -0.0313, -0.0708,
         0.0046, -0.0189,  0.0760,  0.0886, -0.2872, -0.1167,  0.2663,  0.1232,
        -0.0157, -0.1907, -0.1935, -0.2833, -0.1031,  0.1068,  0.2016,  0.1460,
        -0.2795, -0.1902, -0.0499,  0.3059,  0.0457, -0.0819,  0.1308, -0.1204,
        -0.2047,  0.2308, -0.1438, -0.0634, -0.3146,  0.2116,  0.2396,  0.1152,
        -0.2205, -0.3121, -0.2568,  0.2358,  0.1518,  0.2661,  0.1657,  0.0800,
        -0.0031, -0.2405, -0.2709, -0.2958,  0.1295, -0.1553, -0.0636, -0.1820,
        -0.0576, -0.2226, -0.2066,  0.1049, -0.0940,  0.1952, -0.1014, -0.2320,
        -0.0558, -0.1533, -0.0967, -0.3010,  0.1769, -0.2202,  0.1589,  0.1435,
         0.2259, -0.2426,  0.2274, -0.1495,  0.1173,  0.2970, -0.0446, -0.0024,
        -0.0728, -0.2640,  0.1518, -0.3139,  0.1963,  0.2366,  0.2991, -0.0746,
        -0.2598,  0.0711,  0.1747, -0.3147, -0.0718, -0.1896, -0.0277, -0.1557,
        -0.1293, -0.1004, -0.3005,  0.2595,  0.2651, -0.0496, -0.0360, -0.1291,
        -0.2856, -0.3077,  0.1175, -0.1736, -0.2033, -0.0247, -0.1053, -0.1023,
         0.0102, -0.0671, -0.1089, -0.1514, -0.2574,  0.2652, -0.1266,  0.0838,
        -0.1097,  0.0257,  0.2948,  0.1457, -0.2740,  0.1255,  0.3002,  0.0832,
         0.2120,  0.3118, -0.0485,  0.0656, -0.2198, -0.0652,  0.2342,  0.1621,
        -0.2001, -0.2536, -0.2161, -0.3121, -0.2440, -0.0782,  0.2134,  0.0529,
        -0.2405, -0.2537,  0.1573, -0.2352, -0.0389,  0.1517, -0.1464, -0.0345,
        -0.0275, -0.0748, -0.1603, -0.2819, -0.2556, -0.1693,  0.3054, -0.1527,
        -0.2124,  0.0767], device='cuda:0', requires_grad=True)
rank: flatten_data 0 tensor([-0.1811,  0.0790, -0.0417, -0.2295,  0.0074, -0.2160, -0.2683, -0.1741,
        -0.2768, -0.2014,  0.3161,  0.0597,  0.0974, -0.2949, -0.2077, -0.1053,
         0.0494, -0.2783, -0.1363, -0.1893,  0.0009, -0.1177, -0.0219, -0.2143,
        -0.2171, -0.1845, -0.1082, -0.2496,  0.2651, -0.0628,  0.2721,  0.0985,
        -0.2678,  0.2188, -0.0870, -0.1212, -0.2625, -0.3144,  0.0905, -0.0691,
         0.1231, -0.2595,  0.2348, -0.2321, -0.0546,  0.0661,  0.1633,  0.2553,
         0.2881, -0.2507,  0.0796, -0.1360, -0.0347, -0.2367,  0.2880, -0.2321,
         0.1690,  0.1111,  0.1028, -0.1710,  0.2874,  0.0695,  0.0407, -0.2787,
         0.1327, -0.0474, -0.1449,  0.2716,  0.0705, -0.1750, -0.1601, -0.0151,
         0.1766, -0.0808, -0.1804, -0.1083, -0.2362,  0.1128,  0.2448, -0.2977,
         0.0734,  0.1634,  0.0573, -0.1126,  0.1651,  0.1662,  0.1182, -0.0556,
        -0.0837,  0.0338, -0.0559, -0.0942,  0.2021,  0.2718, -0.0313, -0.0708,
         0.0046, -0.0189,  0.0760,  0.0886, -0.2872, -0.1167,  0.2663,  0.1232,
        -0.0157, -0.1907, -0.1935, -0.2833, -0.1031,  0.1068,  0.2016,  0.1460,
        -0.2795, -0.1902, -0.0499,  0.3059,  0.0457, -0.0819,  0.1308, -0.1204,
        -0.2047,  0.2308, -0.1438, -0.0634, -0.3146,  0.2116,  0.2396,  0.1152,
        -0.2205, -0.3121, -0.2568,  0.2358,  0.1518,  0.2661,  0.1657,  0.0800,
        -0.0031, -0.2405, -0.2709, -0.2958,  0.1295, -0.1553, -0.0636, -0.1820,
        -0.0576, -0.2226, -0.2066,  0.1049, -0.0940,  0.1952, -0.1014, -0.2320,
        -0.0558, -0.1533, -0.0967, -0.3010,  0.1769, -0.2202,  0.1589,  0.1435,
         0.2259, -0.2426,  0.2274, -0.1495,  0.1173,  0.2970, -0.0446, -0.0024,
        -0.0728, -0.2640,  0.1518, -0.3139,  0.1963,  0.2366,  0.2991, -0.0746,
        -0.2598,  0.0711,  0.1747, -0.3147, -0.0718, -0.1896, -0.0277, -0.1557,
        -0.1293, -0.1004, -0.3005,  0.2595,  0.2651, -0.0496, -0.0360, -0.1291,
        -0.2856, -0.3077,  0.1175, -0.1736, -0.2033, -0.0247, -0.1053, -0.1023,
         0.0102, -0.0671, -0.1089, -0.1514, -0.2574,  0.2652, -0.1266,  0.0838,
        -0.1097,  0.0257,  0.2948,  0.1457, -0.2740,  0.1255,  0.3002,  0.0832,
         0.2120,  0.3118, -0.0485,  0.0656, -0.2198, -0.0652,  0.2342,  0.1621,
        -0.2001, -0.2536, -0.2161, -0.3121, -0.2440, -0.0782,  0.2134,  0.0529,
        -0.2405, -0.2537,  0.1573, -0.2352, -0.0389,  0.1517, -0.1464, -0.0345,
        -0.0275, -0.0748, -0.1603, -0.2819, -0.2556, -0.1693,  0.3054, -0.1527,
        -0.2124,  0.0767,  0.0872,  0.1733,  0.2404,  0.1761, -0.3135,  0.0280,
         0.1916, -0.0292, -0.1863,  0.3015, -0.1183, -0.1800, -0.2851,  0.0141,
         0.1401,  0.0700,  0.0625, -0.2398, -0.2953,  0.0056,  0.2883,  0.1824,
        -0.1841, -0.0410, -0.2331, -0.1526,  0.0573,  0.1722,  0.2620, -0.2903,
         0.2114, -0.2230,  0.1184,  0.2676,  0.0044,  0.2877, -0.2694, -0.1208,
         0.1844, -0.0689, -0.0647, -0.1318,  0.2180,  0.1551,  0.1013, -0.1777,
        -0.2567,  0.0342,  0.0937, -0.1460, -0.0885,  0.2136,  0.0252,  0.0143,
        -0.0778, -0.2864, -0.2973, -0.1512, -0.1607,  0.0985, -0.0921, -0.1237,
         0.3015,  0.1101,  0.2254, -0.1531, -0.1292,  0.1162, -0.2107, -0.2067,
        -0.0153, -0.1157, -0.2371,  0.1876,  0.2543,  0.0513, -0.0551, -0.2929,
        -0.1152,  0.0805,  0.1491, -0.0400, -0.1250,  0.1762, -0.2518,  0.1999,
        -0.1227,  0.0048, -0.0625,  0.0383, -0.0956,  0.2299, -0.0082,  0.2468,
         0.3040, -0.1541, -0.2307,  0.2537,  0.2478, -0.2415, -0.0244, -0.3118,
        -0.2589,  0.0611,  0.0841,  0.0670, -0.0861,  0.2917,  0.0452, -0.1866,
        -0.0179,  0.0759,  0.1107, -0.2236,  0.1185, -0.1616, -0.2628, -0.1727,
         0.3050,  0.2703,  0.2832,  0.1856,  0.2389, -0.0423, -0.1740,  0.1580,
        -0.1639, -0.2134, -0.1010,  0.0664,  0.1628, -0.1228, -0.1861,  0.0427,
        -0.1864, -0.2059,  0.1648, -0.0531,  0.2890,  0.3076,  0.0946,  0.1088,
         0.0728,  0.0050, -0.0230,  0.0043,  0.1181,  0.2940, -0.0820, -0.1337,
        -0.0766, -0.1528,  0.0538,  0.2360,  0.2473,  0.1452, -0.2327, -0.1697,
        -0.0695, -0.0583,  0.0260, -0.2903,  0.0984, -0.2412, -0.2001, -0.2629,
         0.2755, -0.2994,  0.2386, -0.0106, -0.0368,  0.1978, -0.0292,  0.1983,
         0.2286, -0.2746,  0.1217,  0.0597,  0.0680,  0.0462,  0.0865, -0.1521,
        -0.0405,  0.3005,  0.2125, -0.0119, -0.2974,  0.0139, -0.2153,  0.2572,
        -0.1920, -0.0228, -0.0702,  0.0563,  0.2976,  0.0300,  0.1831,  0.2455,
         0.2553, -0.1092, -0.0707,  0.1524, -0.0863,  0.1481, -0.0691, -0.2145,
         0.1287,  0.0485,  0.1410,  0.3142,  0.2159,  0.2998,  0.0169, -0.2720,
        -0.2218, -0.1964, -0.2787, -0.1585, -0.2911, -0.2918, -0.1890, -0.3117,
        -0.1941,  0.1206,  0.2638, -0.0941, -0.0920,  0.1689, -0.1560, -0.1495,
         0.1948, -0.2755,  0.0387,  0.2793,  0.0542,  0.0860, -0.1842, -0.0044,
         0.0174,  0.0776,  0.1229,  0.2748, -0.2414,  0.0095, -0.1580, -0.2502,
        -0.0253, -0.2784,  0.2207,  0.0366], device='cuda:0')torch.Size([2])
self.local_params[-1]: torch.Size([1])
torch.Size([10, 10])
self.local_params[-1]: torch.Size([50])
torch.Size([50, 10])
self.local_params[-1]: torch.Size([250])
torch.Size([50])
self.local_params[-1]: torch.Size([25])
torch.Size([5, 50])
self.local_params[-1]: torch.Size([125])
rank: local_param 1 tensor([2.], device='cuda:1', requires_grad=True)
rank: flatten_data 1 tensor([2., 2.], device='cuda:1')
rank: local_param 1 tensor([-0.3130, -0.1222, -0.2426,  0.2595,  0.0911,  0.1310,  0.1000, -0.0055,
         0.2475, -0.2247,  0.0199, -0.2158,  0.0975, -0.1089,  0.0969, -0.0659,
         0.2623, -0.1874, -0.1886, -0.1886,  0.2844,  0.1054,  0.3043, -0.2610,
        -0.3137, -0.2474, -0.2127,  0.1281,  0.1132,  0.2628, -0.1633, -0.2156,
         0.1678, -0.1278,  0.1919, -0.0750,  0.1809, -0.2457, -0.1596,  0.0964,
         0.0669, -0.0806,  0.1885,  0.2150, -0.2293, -0.1688,  0.2896, -0.1067,
        -0.1121, -0.3060], device='cuda:1', requires_grad=True)
rank: flatten_data 1 tensor([ 0.2418,  0.2625, -0.0741,  0.2905, -0.0693,  0.0638, -0.1540,  0.1857,
         0.2788, -0.2320,  0.2749,  0.0592,  0.2336,  0.0428,  0.1525, -0.0446,
         0.2438,  0.0467, -0.1476,  0.0806, -0.1457, -0.0371, -0.1284,  0.2098,
        -0.2496, -0.1458, -0.0893, -0.1901,  0.0298, -0.3123,  0.2856, -0.2686,
         0.2441,  0.0526, -0.1027,  0.1954,  0.0493,  0.2555,  0.0346, -0.0997,
         0.0850, -0.0858,  0.1331,  0.2823,  0.1828, -0.1382,  0.1825,  0.0566,
         0.1606, -0.1927, -0.3130, -0.1222, -0.2426,  0.2595,  0.0911,  0.1310,
         0.1000, -0.0055,  0.2475, -0.2247,  0.0199, -0.2158,  0.0975, -0.1089,
         0.0969, -0.0659,  0.2623, -0.1874, -0.1886, -0.1886,  0.2844,  0.1054,
         0.3043, -0.2610, -0.3137, -0.2474, -0.2127,  0.1281,  0.1132,  0.2628,
        -0.1633, -0.2156,  0.1678, -0.1278,  0.1919, -0.0750,  0.1809, -0.2457,
        -0.1596,  0.0964,  0.0669, -0.0806,  0.1885,  0.2150, -0.2293, -0.1688,
         0.2896, -0.1067, -0.1121, -0.3060], device='cuda:1')
rank: local_param 1 tensor([ 0.0872,  0.1733,  0.2404,  0.1761, -0.3135,  0.0280,  0.1916, -0.0292,
        -0.1863,  0.3015, -0.1183, -0.1800, -0.2851,  0.0141,  0.1401,  0.0700,
         0.0625, -0.2398, -0.2953,  0.0056,  0.2883,  0.1824, -0.1841, -0.0410,
        -0.2331, -0.1526,  0.0573,  0.1722,  0.2620, -0.2903,  0.2114, -0.2230,
         0.1184,  0.2676,  0.0044,  0.2877, -0.2694, -0.1208,  0.1844, -0.0689,
        -0.0647, -0.1318,  0.2180,  0.1551,  0.1013, -0.1777, -0.2567,  0.0342,
         0.0937, -0.1460, -0.0885,  0.2136,  0.0252,  0.0143, -0.0778, -0.2864,
        -0.2973, -0.1512, -0.1607,  0.0985, -0.0921, -0.1237,  0.3015,  0.1101,
         0.2254, -0.1531, -0.1292,  0.1162, -0.2107, -0.2067, -0.0153, -0.1157,
        -0.2371,  0.1876,  0.2543,  0.0513, -0.0551, -0.2929, -0.1152,  0.0805,
         0.1491, -0.0400, -0.1250,  0.1762, -0.2518,  0.1999, -0.1227,  0.0048,
        -0.0625,  0.0383, -0.0956,  0.2299, -0.0082,  0.2468,  0.3040, -0.1541,
        -0.2307,  0.2537,  0.2478, -0.2415, -0.0244, -0.3118, -0.2589,  0.0611,
         0.0841,  0.0670, -0.0861,  0.2917,  0.0452, -0.1866, -0.0179,  0.0759,
         0.1107, -0.2236,  0.1185, -0.1616, -0.2628, -0.1727,  0.3050,  0.2703,
         0.2832,  0.1856,  0.2389, -0.0423, -0.1740,  0.1580, -0.1639, -0.2134,
        -0.1010,  0.0664,  0.1628, -0.1228, -0.1861,  0.0427, -0.1864, -0.2059,
         0.1648, -0.0531,  0.2890,  0.3076,  0.0946,  0.1088,  0.0728,  0.0050,
        -0.0230,  0.0043,  0.1181,  0.2940, -0.0820, -0.1337, -0.0766, -0.1528,
         0.0538,  0.2360,  0.2473,  0.1452, -0.2327, -0.1697, -0.0695, -0.0583,
         0.0260, -0.2903,  0.0984, -0.2412, -0.2001, -0.2629,  0.2755, -0.2994,
         0.2386, -0.0106, -0.0368,  0.1978, -0.0292,  0.1983,  0.2286, -0.2746,
         0.1217,  0.0597,  0.0680,  0.0462,  0.0865, -0.1521, -0.0405,  0.3005,
         0.2125, -0.0119, -0.2974,  0.0139, -0.2153,  0.2572, -0.1920, -0.0228,
        -0.0702,  0.0563,  0.2976,  0.0300,  0.1831,  0.2455,  0.2553, -0.1092,
        -0.0707,  0.1524, -0.0863,  0.1481, -0.0691, -0.2145,  0.1287,  0.0485,
         0.1410,  0.3142,  0.2159,  0.2998,  0.0169, -0.2720, -0.2218, -0.1964,
        -0.2787, -0.1585, -0.2911, -0.2918, -0.1890, -0.3117, -0.1941,  0.1206,
         0.2638, -0.0941, -0.0920,  0.1689, -0.1560, -0.1495,  0.1948, -0.2755,
         0.0387,  0.2793,  0.0542,  0.0860, -0.1842, -0.0044,  0.0174,  0.0776,
         0.1229,  0.2748, -0.2414,  0.0095, -0.1580, -0.2502, -0.0253, -0.2784,
         0.2207,  0.0366], device='cuda:1', requires_grad=True)
rank: flatten_data 1 tensor([-0.1811,  0.0790, -0.0417, -0.2295,  0.0074, -0.2160, -0.2683, -0.1741,
        -0.2768, -0.2014,  0.3161,  0.0597,  0.0974, -0.2949, -0.2077, -0.1053,
         0.0494, -0.2783, -0.1363, -0.1893,  0.0009, -0.1177, -0.0219, -0.2143,
        -0.2171, -0.1845, -0.1082, -0.2496,  0.2651, -0.0628,  0.2721,  0.0985,
        -0.2678,  0.2188, -0.0870, -0.1212, -0.2625, -0.3144,  0.0905, -0.0691,
         0.1231, -0.2595,  0.2348, -0.2321, -0.0546,  0.0661,  0.1633,  0.2553,
         0.2881, -0.2507,  0.0796, -0.1360, -0.0347, -0.2367,  0.2880, -0.2321,
         0.1690,  0.1111,  0.1028, -0.1710,  0.2874,  0.0695,  0.0407, -0.2787,
         0.1327, -0.0474, -0.1449,  0.2716,  0.0705, -0.1750, -0.1601, -0.0151,
         0.1766, -0.0808, -0.1804, -0.1083, -0.2362,  0.1128,  0.2448, -0.2977,
         0.0734,  0.1634,  0.0573, -0.1126,  0.1651,  0.1662,  0.1182, -0.0556,
        -0.0837,  0.0338, -0.0559, -0.0942,  0.2021,  0.2718, -0.0313, -0.0708,
         0.0046, -0.0189,  0.0760,  0.0886, -0.2872, -0.1167,  0.2663,  0.1232,
        -0.0157, -0.1907, -0.1935, -0.2833, -0.1031,  0.1068,  0.2016,  0.1460,
        -0.2795, -0.1902, -0.0499,  0.3059,  0.0457, -0.0819,  0.1308, -0.1204,
        -0.2047,  0.2308, -0.1438, -0.0634, -0.3146,  0.2116,  0.2396,  0.1152,
        -0.2205, -0.3121, -0.2568,  0.2358,  0.1518,  0.2661,  0.1657,  0.0800,
        -0.0031, -0.2405, -0.2709, -0.2958,  0.1295, -0.1553, -0.0636, -0.1820,
        -0.0576, -0.2226, -0.2066,  0.1049, -0.0940,  0.1952, -0.1014, -0.2320,
        -0.0558, -0.1533, -0.0967, -0.3010,  0.1769, -0.2202,  0.1589,  0.1435,
         0.2259, -0.2426,  0.2274, -0.1495,  0.1173,  0.2970, -0.0446, -0.0024,
        -0.0728, -0.2640,  0.1518, -0.3139,  0.1963,  0.2366,  0.2991, -0.0746,
        -0.2598,  0.0711,  0.1747, -0.3147, -0.0718, -0.1896, -0.0277, -0.1557,
        -0.1293, -0.1004, -0.3005,  0.2595,  0.2651, -0.0496, -0.0360, -0.1291,
        -0.2856, -0.3077,  0.1175, -0.1736, -0.2033, -0.0247, -0.1053, -0.1023,
         0.0102, -0.0671, -0.1089, -0.1514, -0.2574,  0.2652, -0.1266,  0.0838,
        -0.1097,  0.0257,  0.2948,  0.1457, -0.2740,  0.1255,  0.3002,  0.0832,
         0.2120,  0.3118, -0.0485,  0.0656, -0.2198, -0.0652,  0.2342,  0.1621,
        -0.2001, -0.2536, -0.2161, -0.3121, -0.2440, -0.0782,  0.2134,  0.0529,
        -0.2405, -0.2537,  0.1573, -0.2352, -0.0389,  0.1517, -0.1464, -0.0345,
        -0.0275, -0.0748, -0.1603, -0.2819, -0.2556, -0.1693,  0.3054, -0.1527,
        -0.2124,  0.0767,  0.0872,  0.1733,  0.2404,  0.1761, -0.3135,  0.0280,
         0.1916, -0.0292, -0.1863,  0.3015, -0.1183, -0.1800, -0.2851,  0.0141,
         0.1401,  0.0700,  0.0625, -0.2398, -0.2953,  0.0056,  0.2883,  0.1824,
        -0.1841, -0.0410, -0.2331, -0.1526,  0.0573,  0.1722,  0.2620, -0.2903,
         0.2114, -0.2230,  0.1184,  0.2676,  0.0044,  0.2877, -0.2694, -0.1208,
         0.1844, -0.0689, -0.0647, -0.1318,  0.2180,  0.1551,  0.1013, -0.1777,
        -0.2567,  0.0342,  0.0937, -0.1460, -0.0885,  0.2136,  0.0252,  0.0143,
        -0.0778, -0.2864, -0.2973, -0.1512, -0.1607,  0.0985, -0.0921, -0.1237,
         0.3015,  0.1101,  0.2254, -0.1531, -0.1292,  0.1162, -0.2107, -0.2067,
        -0.0153, -0.1157, -0.2371,  0.1876,  0.2543,  0.0513, -0.0551, -0.2929,
        -0.1152,  0.0805,  0.1491, -0.0400, -0.1250,  0.1762, -0.2518,  0.1999,
        -0.1227,  0.0048, -0.0625,  0.0383, -0.0956,  0.2299, -0.0082,  0.2468,
         0.3040, -0.1541, -0.2307,  0.2537,  0.2478, -0.2415, -0.0244, -0.3118,
        -0.2589,  0.0611,  0.0841,  0.0670, -0.0861,  0.2917,  0.0452, -0.1866,
        -0.0179,  0.0759,  0.1107, -0.2236,  0.1185, -0.1616, -0.2628, -0.1727,
         0.3050,  0.2703,  0.2832,  0.1856,  0.2389, -0.0423, -0.1740,  0.1580,
        -0.1639, -0.2134, -0.1010,  0.0664,  0.1628, -0.1228, -0.1861,  0.0427,
        -0.1864, -0.2059,  0.1648, -0.0531,  0.2890,  0.3076,  0.0946,  0.1088,
         0.0728,  0.0050, -0.0230,  0.0043,  0.1181,  0.2940, -0.0820, -0.1337,
        -0.0766, -0.1528,  0.0538,  0.2360,  0.2473,  0.1452, -0.2327, -0.1697,
        -0.0695, -0.0583,  0.0260, -0.2903,  0.0984, -0.2412, -0.2001, -0.2629,
         0.2755, -0.2994,  0.2386, -0.0106, -0.0368,  0.1978, -0.0292,  0.1983,
         0.2286, -0.2746,  0.1217,  0.0597,  0.0680,  0.0462,  0.0865, -0.1521,
        -0.0405,  0.3005,  0.2125, -0.0119, -0.2974,  0.0139, -0.2153,  0.2572,
        -0.1920, -0.0228, -0.0702,  0.0563,  0.2976,  0.0300,  0.1831,  0.2455,
         0.2553, -0.1092, -0.0707,  0.1524, -0.0863,  0.1481, -0.0691, -0.2145,
         0.1287,  0.0485,  0.1410,  0.3142,  0.2159,  0.2998,  0.0169, -0.2720,
        -0.2218, -0.1964, -0.2787, -0.1585, -0.2911, -0.2918, -0.1890, -0.3117,
        -0.1941,  0.1206,  0.2638, -0.0941, -0.0920,  0.1689, -0.1560, -0.1495,
         0.1948, -0.2755,  0.0387,  0.2793,  0.0542,  0.0860, -0.1842, -0.0044,
         0.0174,  0.0776,  0.1229,  0.2748, -0.2414,  0.0095, -0.1580, -0.2502,
        -0.0253, -0.2784,  0.2207,  0.0366], device='cuda:1')
rank: local_param 0 tensor([-0.1704,  0.1653, -0.2993, -0.1223, -0.0616, -0.2687, -0.2011, -0.0516,
         0.2399,  0.3054,  0.2012, -0.1888, -0.2069,  0.2760,  0.1119,  0.0084,
         0.0428, -0.2542, -0.1056,  0.3044, -0.0780, -0.0159, -0.2626, -0.1769,
        -0.0065], device='cuda:0', requires_grad=True)
rank: flatten_data 0 tensor([-0.1704,  0.1653, -0.2993, -0.1223, -0.0616, -0.2687, -0.2011, -0.0516,
         0.2399,  0.3054,  0.2012, -0.1888, -0.2069,  0.2760,  0.1119,  0.0084,
         0.0428, -0.2542, -0.1056,  0.3044, -0.0780, -0.0159, -0.2626, -0.1769,
        -0.0065, -0.1964, -0.0392,  0.1287, -0.3093,  0.0939, -0.2091, -0.1543,
         0.1214,  0.2514, -0.0864, -0.1298, -0.2859, -0.1631, -0.2769, -0.0724,
         0.0645, -0.2963,  0.2761,  0.1984, -0.3096, -0.1510,  0.1031, -0.0650,
        -0.0345, -0.1428], device='cuda:0')
rank: local_param 0 tensor([ 0.1136, -0.0791,  0.1173,  0.0091,  0.0284,  0.1103, -0.0233, -0.0805,
        -0.0229,  0.1147, -0.1049,  0.0321, -0.1390,  0.0741,  0.0523,  0.0060,
         0.0607,  0.0002,  0.0783, -0.1120, -0.0208,  0.0627,  0.1408,  0.0720,
        -0.1028,  0.1088, -0.0315, -0.0302, -0.1285, -0.0223,  0.1000,  0.0197,
        -0.0824,  0.0435, -0.0453,  0.1291, -0.1227, -0.0447, -0.1366, -0.0557,
         0.0446,  0.1361,  0.0238,  0.1386,  0.0277,  0.0817,  0.1134,  0.1182,
        -0.0792,  0.1300,  0.0857, -0.0661, -0.0675, -0.1186,  0.0355, -0.1146,
         0.0597,  0.0447, -0.1229,  0.0385, -0.0115,  0.0646,  0.0811, -0.1406,
         0.1297,  0.1186,  0.0563, -0.1293, -0.0505, -0.0410, -0.0363,  0.0798,
         0.0514,  0.1120, -0.0530,  0.0476,  0.0503, -0.1177, -0.1372, -0.0734,
         0.0968, -0.1331, -0.1231,  0.0792,  0.0763,  0.1163, -0.1068, -0.1035,
         0.0725,  0.1230,  0.0846,  0.0222,  0.0466,  0.1342, -0.0912, -0.0642,
         0.0989, -0.0968, -0.0780,  0.1032,  0.0446,  0.0457, -0.0599, -0.0020,
         0.1294, -0.0849,  0.0011,  0.0673, -0.0976,  0.1373, -0.0707, -0.0340,
        -0.0383, -0.0922, -0.1388,  0.0797,  0.0376, -0.1325, -0.0910,  0.1398,
         0.0541,  0.0567, -0.0846, -0.0620, -0.0213], device='cuda:0',
       requires_grad=True)
rank: flatten_data 0 tensor([ 0.1136, -0.0791,  0.1173,  0.0091,  0.0284,  0.1103, -0.0233, -0.0805,
        -0.0229,  0.1147, -0.1049,  0.0321, -0.1390,  0.0741,  0.0523,  0.0060,
         0.0607,  0.0002,  0.0783, -0.1120, -0.0208,  0.0627,  0.1408,  0.0720,
        -0.1028,  0.1088, -0.0315, -0.0302, -0.1285, -0.0223,  0.1000,  0.0197,
        -0.0824,  0.0435, -0.0453,  0.1291, -0.1227, -0.0447, -0.1366, -0.0557,
         0.0446,  0.1361,  0.0238,  0.1386,  0.0277,  0.0817,  0.1134,  0.1182,
        -0.0792,  0.1300,  0.0857, -0.0661, -0.0675, -0.1186,  0.0355, -0.1146,
         0.0597,  0.0447, -0.1229,  0.0385, -0.0115,  0.0646,  0.0811, -0.1406,
         0.1297,  0.1186,  0.0563, -0.1293, -0.0505, -0.0410, -0.0363,  0.0798,
         0.0514,  0.1120, -0.0530,  0.0476,  0.0503, -0.1177, -0.1372, -0.0734,
         0.0968, -0.1331, -0.1231,  0.0792,  0.0763,  0.1163, -0.1068, -0.1035,
         0.0725,  0.1230,  0.0846,  0.0222,  0.0466,  0.1342, -0.0912, -0.0642,
         0.0989, -0.0968, -0.0780,  0.1032,  0.0446,  0.0457, -0.0599, -0.0020,
         0.1294, -0.0849,  0.0011,  0.0673, -0.0976,  0.1373, -0.0707, -0.0340,
        -0.0383, -0.0922, -0.1388,  0.0797,  0.0376, -0.1325, -0.0910,  0.1398,
         0.0541,  0.0567, -0.0846, -0.0620, -0.0213, -0.0259, -0.0969,  0.0117,
         0.0141, -0.0179,  0.0196, -0.0561,  0.0368,  0.0533, -0.0745, -0.1402,
         0.0740,  0.0337, -0.0719,  0.1363, -0.0640,  0.0956,  0.0717, -0.1186,
         0.0912, -0.1300, -0.0783, -0.0236, -0.0953,  0.1382, -0.0284,  0.0562,
        -0.1263,  0.0814, -0.0440, -0.1076,  0.0207,  0.0685,  0.1224, -0.0864,
        -0.0696,  0.0272,  0.0384,  0.0544,  0.0776, -0.0321,  0.0786,  0.1043,
        -0.0369,  0.1006,  0.0691,  0.1247, -0.0804, -0.0698, -0.0409,  0.0072,
         0.0849, -0.0807,  0.0708, -0.0507,  0.0854, -0.0067, -0.1239, -0.0778,
        -0.1024,  0.0701, -0.0948, -0.0118,  0.0305, -0.0776,  0.0408, -0.1381,
        -0.1012, -0.1281, -0.0428, -0.0515,  0.0203, -0.0262,  0.0665,  0.1297,
         0.0507, -0.0557, -0.1324,  0.0512, -0.0701,  0.0720,  0.0945,  0.0545,
         0.1327,  0.1343,  0.0299, -0.1030,  0.1264, -0.0671, -0.0668,  0.1183,
         0.1096,  0.0427,  0.0089, -0.1190, -0.0147,  0.1356,  0.0360,  0.0121,
        -0.0294, -0.0493,  0.0843,  0.0087,  0.0920, -0.0250,  0.0618,  0.0584,
         0.0226,  0.0889,  0.0886,  0.1311,  0.1087, -0.0362, -0.1197,  0.0259,
        -0.0012, -0.0369, -0.0237,  0.0067,  0.1032,  0.0441, -0.0502, -0.0582,
        -0.0350, -0.0547], device='cuda:0')
rank: local_param 0 tensor([2.], device='cuda:0', requires_grad=True)
rank: flatten_data 0 tensor([2., 2.], device='cuda:0')
rank: local_param 0 tensor([ 0.2418,  0.2625, -0.0741,  0.2905, -0.0693,  0.0638, -0.1540,  0.1857,
         0.2788, -0.2320,  0.2749,  0.0592,  0.2336,  0.0428,  0.1525, -0.0446,
         0.2438,  0.0467, -0.1476,  0.0806, -0.1457, -0.0371, -0.1284,  0.2098,
        -0.2496, -0.1458, -0.0893, -0.1901,  0.0298, -0.3123,  0.2856, -0.2686,
         0.2441,  0.0526, -0.1027,  0.1954,  0.0493,  0.2555,  0.0346, -0.0997,
         0.0850, -0.0858,  0.1331,  0.2823,  0.1828, -0.1382,  0.1825,  0.0566,
         0.1606, -0.1927], device='cuda:0', requires_grad=True)
rank: flatten_data 0 tensor([ 0.2418,  0.2625, -0.0741,  0.2905, -0.0693,  0.0638, -0.1540,  0.1857,
         0.2788, -0.2320,  0.2749,  0.0592,  0.2336,  0.0428,  0.1525, -0.0446,
         0.2438,  0.0467, -0.1476,  0.0806, -0.1457, -0.0371, -0.1284,  0.2098,
        -0.2496, -0.1458, -0.0893, -0.1901,  0.0298, -0.3123,  0.2856, -0.2686,
         0.2441,  0.0526, -0.1027,  0.1954,  0.0493,  0.2555,  0.0346, -0.0997,
         0.0850, -0.0858,  0.1331,  0.2823,  0.1828, -0.1382,  0.1825,  0.0566,
         0.1606, -0.1927, -0.3130, -0.1222, -0.2426,  0.2595,  0.0911,  0.1310,
         0.1000, -0.0055,  0.2475, -0.2247,  0.0199, -0.2158,  0.0975, -0.1089,
         0.0969, -0.0659,  0.2623, -0.1874, -0.1886, -0.1886,  0.2844,  0.1054,
         0.3043, -0.2610, -0.3137, -0.2474, -0.2127,  0.1281,  0.1132,  0.2628,
        -0.1633, -0.2156,  0.1678, -0.1278,  0.1919, -0.0750,  0.1809, -0.2457,
        -0.1596,  0.0964,  0.0669, -0.0806,  0.1885,  0.2150, -0.2293, -0.1688,
         0.2896, -0.1067, -0.1121, -0.3060], device='cuda:0')
rank: local_param 0 tensor([-0.1811,  0.0790, -0.0417, -0.2295,  0.0074, -0.2160, -0.2683, -0.1741,
        -0.2768, -0.2014,  0.3161,  0.0597,  0.0974, -0.2949, -0.2077, -0.1053,
         0.0494, -0.2783, -0.1363, -0.1893,  0.0009, -0.1177, -0.0219, -0.2143,
        -0.2171, -0.1845, -0.1082, -0.2496,  0.2651, -0.0628,  0.2721,  0.0985,
        -0.2678,  0.2188, -0.0870, -0.1212, -0.2625, -0.3144,  0.0905, -0.0691,
         0.1231, -0.2595,  0.2348, -0.2321, -0.0546,  0.0661,  0.1633,  0.2553,
         0.2881, -0.2507,  0.0796, -0.1360, -0.0347, -0.2367,  0.2880, -0.2321,
         0.1690,  0.1111,  0.1028, -0.1710,  0.2874,  0.0695,  0.0407, -0.2787,
         0.1327, -0.0474, -0.1449,  0.2716,  0.0705, -0.1750, -0.1601, -0.0151,
         0.1766, -0.0808, -0.1804, -0.1083, -0.2362,  0.1128,  0.2448, -0.2977,
         0.0734,  0.1634,  0.0573, -0.1126,  0.1651,  0.1662,  0.1182, -0.0556,
        -0.0837,  0.0338, -0.0559, -0.0942,  0.2021,  0.2718, -0.0313, -0.0708,
         0.0046, -0.0189,  0.0760,  0.0886, -0.2872, -0.1167,  0.2663,  0.1232,
        -0.0157, -0.1907, -0.1935, -0.2833, -0.1031,  0.1068,  0.2016,  0.1460,
        -0.2795, -0.1902, -0.0499,  0.3059,  0.0457, -0.0819,  0.1308, -0.1204,
        -0.2047,  0.2308, -0.1438, -0.0634, -0.3146,  0.2116,  0.2396,  0.1152,
        -0.2205, -0.3121, -0.2568,  0.2358,  0.1518,  0.2661,  0.1657,  0.0800,
        -0.0031, -0.2405, -0.2709, -0.2958,  0.1295, -0.1553, -0.0636, -0.1820,
        -0.0576, -0.2226, -0.2066,  0.1049, -0.0940,  0.1952, -0.1014, -0.2320,
        -0.0558, -0.1533, -0.0967, -0.3010,  0.1769, -0.2202,  0.1589,  0.1435,
         0.2259, -0.2426,  0.2274, -0.1495,  0.1173,  0.2970, -0.0446, -0.0024,
        -0.0728, -0.2640,  0.1518, -0.3139,  0.1963,  0.2366,  0.2991, -0.0746,
        -0.2598,  0.0711,  0.1747, -0.3147, -0.0718, -0.1896, -0.0277, -0.1557,
        -0.1293, -0.1004, -0.3005,  0.2595,  0.2651, -0.0496, -0.0360, -0.1291,
        -0.2856, -0.3077,  0.1175, -0.1736, -0.2033, -0.0247, -0.1053, -0.1023,
         0.0102, -0.0671, -0.1089, -0.1514, -0.2574,  0.2652, -0.1266,  0.0838,
        -0.1097,  0.0257,  0.2948,  0.1457, -0.2740,  0.1255,  0.3002,  0.0832,
         0.2120,  0.3118, -0.0485,  0.0656, -0.2198, -0.0652,  0.2342,  0.1621,
        -0.2001, -0.2536, -0.2161, -0.3121, -0.2440, -0.0782,  0.2134,  0.0529,
        -0.2405, -0.2537,  0.1573, -0.2352, -0.0389,  0.1517, -0.1464, -0.0345,
        -0.0275, -0.0748, -0.1603, -0.2819, -0.2556, -0.1693,  0.3054, -0.1527,
        -0.2124,  0.0767], device='cuda:0', requires_grad=True)
rank: local_param 1 tensor([-0.1964, -0.0392,  0.1287, -0.3093,  0.0939, -0.2091, -0.1543,  0.1214,
         0.2514, -0.0864, -0.1298, -0.2859, -0.1631, -0.2769, -0.0724,  0.0645,
        -0.2963,  0.2761,  0.1984, -0.3096, -0.1510,  0.1031, -0.0650, -0.0345,
        -0.1428], device='cuda:1', requires_grad=True)
rank: flatten_data 1 tensor([-0.1704,  0.1653, -0.2993, -0.1223, -0.0616, -0.2687, -0.2011, -0.0516,
         0.2399,  0.3054,  0.2012, -0.1888, -0.2069,  0.2760,  0.1119,  0.0084,
         0.0428, -0.2542, -0.1056,  0.3044, -0.0780, -0.0159, -0.2626, -0.1769,
        -0.0065, -0.1964, -0.0392,  0.1287, -0.3093,  0.0939, -0.2091, -0.1543,
         0.1214,  0.2514, -0.0864, -0.1298, -0.2859, -0.1631, -0.2769, -0.0724,
         0.0645, -0.2963,  0.2761,  0.1984, -0.3096, -0.1510,  0.1031, -0.0650,
        -0.0345, -0.1428], device='cuda:1')
rank: local_param 1 tensor([-0.0259, -0.0969,  0.0117,  0.0141, -0.0179,  0.0196, -0.0561,  0.0368,
         0.0533, -0.0745, -0.1402,  0.0740,  0.0337, -0.0719,  0.1363, -0.0640,
         0.0956,  0.0717, -0.1186,  0.0912, -0.1300, -0.0783, -0.0236, -0.0953,
         0.1382, -0.0284,  0.0562, -0.1263,  0.0814, -0.0440, -0.1076,  0.0207,
         0.0685,  0.1224, -0.0864, -0.0696,  0.0272,  0.0384,  0.0544,  0.0776,
        -0.0321,  0.0786,  0.1043, -0.0369,  0.1006,  0.0691,  0.1247, -0.0804,
        -0.0698, -0.0409,  0.0072,  0.0849, -0.0807,  0.0708, -0.0507,  0.0854,
        -0.0067, -0.1239, -0.0778, -0.1024,  0.0701, -0.0948, -0.0118,  0.0305,
        -0.0776,  0.0408, -0.1381, -0.1012, -0.1281, -0.0428, -0.0515,  0.0203,
        -0.0262,  0.0665,  0.1297,  0.0507, -0.0557, -0.1324,  0.0512, -0.0701,
         0.0720,  0.0945,  0.0545,  0.1327,  0.1343,  0.0299, -0.1030,  0.1264,
        -0.0671, -0.0668,  0.1183,  0.1096,  0.0427,  0.0089, -0.1190, -0.0147,
         0.1356,  0.0360,  0.0121, -0.0294, -0.0493,  0.0843,  0.0087,  0.0920,
        -0.0250,  0.0618,  0.0584,  0.0226,  0.0889,  0.0886,  0.1311,  0.1087,
        -0.0362, -0.1197,  0.0259, -0.0012, -0.0369, -0.0237,  0.0067,  0.1032,
         0.0441, -0.0502, -0.0582, -0.0350, -0.0547], device='cuda:1',
       requires_grad=True)
rank: flatten_data 1 tensor([ 0.1136, -0.0791,  0.1173,  0.0091,  0.0284,  0.1103, -0.0233, -0.0805,
        -0.0229,  0.1147, -0.1049,  0.0321, -0.1390,  0.0741,  0.0523,  0.0060,
         0.0607,  0.0002,  0.0783, -0.1120, -0.0208,  0.0627,  0.1408,  0.0720,
        -0.1028,  0.1088, -0.0315, -0.0302, -0.1285, -0.0223,  0.1000,  0.0197,
        -0.0824,  0.0435, -0.0453,  0.1291, -0.1227, -0.0447, -0.1366, -0.0557,
         0.0446,  0.1361,  0.0238,  0.1386,  0.0277,  0.0817,  0.1134,  0.1182,
        -0.0792,  0.1300,  0.0857, -0.0661, -0.0675, -0.1186,  0.0355, -0.1146,
         0.0597,  0.0447, -0.1229,  0.0385, -0.0115,  0.0646,  0.0811, -0.1406,
         0.1297,  0.1186,  0.0563, -0.1293, -0.0505, -0.0410, -0.0363,  0.0798,
         0.0514,  0.1120, -0.0530,  0.0476,  0.0503, -0.1177, -0.1372, -0.0734,
         0.0968, -0.1331, -0.1231,  0.0792,  0.0763,  0.1163, -0.1068, -0.1035,
         0.0725,  0.1230,  0.0846,  0.0222,  0.0466,  0.1342, -0.0912, -0.0642,
         0.0989, -0.0968, -0.0780,  0.1032,  0.0446,  0.0457, -0.0599, -0.0020,
         0.1294, -0.0849,  0.0011,  0.0673, -0.0976,  0.1373, -0.0707, -0.0340,
        -0.0383, -0.0922, -0.1388,  0.0797,  0.0376, -0.1325, -0.0910,  0.1398,
         0.0541,  0.0567, -0.0846, -0.0620, -0.0213, -0.0259, -0.0969,  0.0117,
         0.0141, -0.0179,  0.0196, -0.0561,  0.0368,  0.0533, -0.0745, -0.1402,
         0.0740,  0.0337, -0.0719,  0.1363, -0.0640,  0.0956,  0.0717, -0.1186,
         0.0912, -0.1300, -0.0783, -0.0236, -0.0953,  0.1382, -0.0284,  0.0562,
        -0.1263,  0.0814, -0.0440, -0.1076,  0.0207,  0.0685,  0.1224, -0.0864,
        -0.0696,  0.0272,  0.0384,  0.0544,  0.0776, -0.0321,  0.0786,  0.1043,
        -0.0369,  0.1006,  0.0691,  0.1247, -0.0804, -0.0698, -0.0409,  0.0072,
         0.0849, -0.0807,  0.0708, -0.0507,  0.0854, -0.0067, -0.1239, -0.0778,
        -0.1024,  0.0701, -0.0948, -0.0118,  0.0305, -0.0776,  0.0408, -0.1381,
        -0.1012, -0.1281, -0.0428, -0.0515,  0.0203, -0.0262,  0.0665,  0.1297,
         0.0507, -0.0557, -0.1324,  0.0512, -0.0701,  0.0720,  0.0945,  0.0545,
         0.1327,  0.1343,  0.0299, -0.1030,  0.1264, -0.0671, -0.0668,  0.1183,
         0.1096,  0.0427,  0.0089, -0.1190, -0.0147,  0.1356,  0.0360,  0.0121,
        -0.0294, -0.0493,  0.0843,  0.0087,  0.0920, -0.0250,  0.0618,  0.0584,
         0.0226,  0.0889,  0.0886,  0.1311,  0.1087, -0.0362, -0.1197,  0.0259,
        -0.0012, -0.0369, -0.0237,  0.0067,  0.1032,  0.0441, -0.0502, -0.0582,
        -0.0350, -0.0547], device='cuda:1')
rank: local_param 1 tensor([2.], device='cuda:1', requires_grad=True)
rank: flatten_data 1 tensor([2., 2.], device='cuda:1')
rank: local_param 1 tensor([-0.3130, -0.1222, -0.2426,  0.2595,  0.0911,  0.1310,  0.1000, -0.0055,
         0.2475, -0.2247,  0.0199, -0.2158,  0.0975, -0.1089,  0.0969, -0.0659,
         0.2623, -0.1874, -0.1886, -0.1886,  0.2844,  0.1054,  0.3043, -0.2610,
        -0.3137, -0.2474, -0.2127,  0.1281,  0.1132,  0.2628, -0.1633, -0.2156,
         0.1678, -0.1278,  0.1919, -0.0750,  0.1809, -0.2457, -0.1596,  0.0964,
         0.0669, -0.0806,  0.1885,  0.2150, -0.2293, -0.1688,  0.2896, -0.1067,
        -0.1121, -0.3060], device='cuda:1', requires_grad=True)
rank: flatten_data 1 tensor([ 0.2418,  0.2625, -0.0741,  0.2905, -0.0693,  0.0638, -0.1540,  0.1857,
         0.2788, -0.2320,  0.2749,  0.0592,  0.2336,  0.0428,  0.1525, -0.0446,
         0.2438,  0.0467, -0.1476,  0.0806, -0.1457, -0.0371, -0.1284,  0.2098,
        -0.2496, -0.1458, -0.0893, -0.1901,  0.0298, -0.3123,  0.2856, -0.2686,
         0.2441,  0.0526, -0.1027,  0.1954,  0.0493,  0.2555,  0.0346, -0.0997,
         0.0850, -0.0858,  0.1331,  0.2823,  0.1828, -0.1382,  0.1825,  0.0566,
         0.1606, -0.1927, -0.3130, -0.1222, -0.2426,  0.2595,  0.0911,  0.1310,
         0.1000, -0.0055,  0.2475, -0.2247,  0.0199, -0.2158,  0.0975, -0.1089,
         0.0969, -0.0659,  0.2623, -0.1874, -0.1886, -0.1886,  0.2844,  0.1054,
         0.3043, -0.2610, -0.3137, -0.2474, -0.2127,  0.1281,  0.1132,  0.2628,
        -0.1633, -0.2156,  0.1678, -0.1278,  0.1919, -0.0750,  0.1809, -0.2457,
        -0.1596,  0.0964,  0.0669, -0.0806,  0.1885,  0.2150, -0.2293, -0.1688,
         0.2896, -0.1067, -0.1121, -0.3060], device='cuda:1')
rank: local_param 1 tensor([ 0.0872,  0.1733,  0.2404,  0.1761, -0.3135,  0.0280,  0.1916, -0.0292,
        -0.1863,  0.3015, -0.1183, -0.1800, -0.2851,  0.0141,  0.1401,  0.0700,
         0.0625, -0.2398, -0.2953,  0.0056,  0.2883,  0.1824, -0.1841, -0.0410,
        -0.2331, -0.1526,  0.0573,  0.1722,  0.2620, -0.2903,  0.2114, -0.2230,
         0.1184,  0.2676,  0.0044,  0.2877, -0.2694, -0.1208,  0.1844, -0.0689,
        -0.0647, -0.1318,  0.2180,  0.1551,  0.1013, -0.1777, -0.2567,  0.0342,
         0.0937, -0.1460, -0.0885,  0.2136,  0.0252,  0.0143, -0.0778, -0.2864,
        -0.2973, -0.1512, -0.1607,  0.0985, -0.0921, -0.1237,  0.3015,  0.1101,
         0.2254, -0.1531, -0.1292,  0.1162, -0.2107, -0.2067, -0.0153, -0.1157,
        -0.2371,  0.1876,  0.2543,  0.0513, -0.0551, -0.2929, -0.1152,  0.0805,
         0.1491, -0.0400, -0.1250,  0.1762, -0.2518,  0.1999, -0.1227,  0.0048,
        -0.0625,  0.0383, -0.0956,  0.2299, -0.0082,  0.2468,  0.3040, -0.1541,
        -0.2307,  0.2537,  0.2478, -0.2415, -0.0244, -0.3118, -0.2589,  0.0611,
         0.0841,  0.0670, -0.0861,  0.2917,  0.0452, -0.1866, -0.0179,  0.0759,
         0.1107, -0.2236,  0.1185, -0.1616, -0.2628, -0.1727,  0.3050,  0.2703,
         0.2832,  0.1856,  0.2389, -0.0423, -0.1740,  0.1580, -0.1639, -0.2134,
        -0.1010,  0.0664,  0.1628, -0.1228, -0.1861,  0.0427, -0.1864, -0.2059,
         0.1648, -0.0531,  0.2890,  0.3076,  0.0946,  0.1088,  0.0728,  0.0050,
        -0.0230,  0.0043,  0.1181,  0.2940, -0.0820, -0.1337, -0.0766, -0.1528,
         0.0538,  0.2360,  0.2473,  0.1452, -0.2327, -0.1697, -0.0695, -0.0583,
         0.0260, -0.2903,  0.0984, -0.2412, -0.2001, -0.2629,  0.2755, -0.2994,
         0.2386, -0.0106, -0.0368,  0.1978, -0.0292,  0.1983,  0.2286, -0.2746,
         0.1217,  0.0597,  0.0680,  0.0462,  0.0865, -0.1521, -0.0405,  0.3005,
         0.2125, -0.0119, -0.2974,  0.0139, -0.2153,  0.2572, -0.1920, -0.0228,
        -0.0702,  0.0563,  0.2976,  0.0300,  0.1831,  0.2455,  0.2553, -0.1092,
        -0.0707,  0.1524, -0.0863,  0.1481, -0.0691, -0.2145,  0.1287,  0.0485,
         0.1410,  0.3142,  0.2159,  0.2998,  0.0169, -0.2720, -0.2218, -0.1964,
        -0.2787, -0.1585, -0.2911, -0.2918, -0.1890, -0.3117, -0.1941,  0.1206,
         0.2638, -0.0941, -0.0920,  0.1689, -0.1560, -0.1495,  0.1948, -0.2755,
         0.0387,  0.2793,  0.0542,  0.0860, -0.1842, -0.0044,  0.0174,  0.0776,
         0.1229,  0.2748, -0.2414,  0.0095, -0.1580, -0.2502, -0.0253, -0.2784,
         0.2207,  0.0366], device='cuda:1', requires_grad=True)
rank: flatten_data 1 tensor([-0.1811,  0.0790, -0.0417, -0.2295,  0.0074, -0.2160, -0.2683, -0.1741,
        -0.2768, -0.2014,  0.3161,  0.0597,  0.0974, -0.2949, -0.2077, -0.1053,
         0.0494, -0.2783, -0.1363, -0.1893,  0.0009, -0.1177, -0.0219, -0.2143,
        -0.2171, -0.1845, -0.1082, -0.2496,  0.2651, -0.0628,  0.2721,  0.0985,
        -0.2678,  0.2188, -0.0870, -0.1212, -0.2625, -0.3144,  0.0905, -0.0691,
         0.1231, -0.2595,  0.2348, -0.2321, -0.0546,  0.0661,  0.1633,  0.2553,
         0.2881, -0.2507,  0.0796, -0.1360, -0.0347, -0.2367,  0.2880, -0.2321,
         0.1690,  0.1111,  0.1028, -0.1710,  0.2874,  0.0695,  0.0407, -0.2787,
         0.1327, -0.0474, -0.1449,  0.2716,  0.0705, -0.1750, -0.1601, -0.0151,
         0.1766, -0.0808, -0.1804, -0.1083, -0.2362,  0.1128,  0.2448, -0.2977,
         0.0734,  0.1634,  0.0573, -0.1126,  0.1651,  0.1662,  0.1182, -0.0556,
        -0.0837,  0.0338, -0.0559, -0.0942,  0.2021,  0.2718, -0.0313, -0.0708,
         0.0046, -0.0189,  0.0760,  0.0886, -0.2872, -0.1167,  0.2663,  0.1232,
        -0.0157, -0.1907, -0.1935, -0.2833, -0.1031,  0.1068,  0.2016,  0.1460,
        -0.2795, -0.1902, -0.0499,  0.3059,  0.0457, -0.0819,  0.1308, -0.1204,
        -0.2047,  0.2308, -0.1438, -0.0634, -0.3146,  0.2116,  0.2396,  0.1152,
        -0.2205, -0.3121, -0.2568,  0.2358,  0.1518,  0.2661,  0.1657,  0.0800,
        -0.0031, -0.2405, -0.2709, -0.2958,  0.1295, -0.1553, -0.0636, -0.1820,
        -0.0576, -0.2226, -0.2066,  0.1049, -0.0940,  0.1952, -0.1014, -0.2320,
        -0.0558, -0.1533, -0.0967, -0.3010,  0.1769, -0.2202,  0.1589,  0.1435,
         0.2259, -0.2426,  0.2274, -0.1495,  0.1173,  0.2970, -0.0446, -0.0024,
        -0.0728, -0.2640,  0.1518, -0.3139,  0.1963,  0.2366,  0.2991, -0.0746,
        -0.2598,  0.0711,  0.1747, -0.3147, -0.0718, -0.1896, -0.0277, -0.1557,
        -0.1293, -0.1004, -0.3005,  0.2595,  0.2651, -0.0496, -0.0360, -0.1291,
        -0.2856, -0.3077,  0.1175, -0.1736, -0.2033, -0.0247, -0.1053, -0.1023,
         0.0102, -0.0671, -0.1089, -0.1514, -0.2574,  0.2652, -0.1266,  0.0838,
        -0.1097,  0.0257,  0.2948,  0.1457, -0.2740,  0.1255,  0.3002,  0.0832,
         0.2120,  0.3118, -0.0485,  0.0656, -0.2198, -0.0652,  0.2342,  0.1621,
        -0.2001, -0.2536, -0.2161, -0.3121, -0.2440, -0.0782,  0.2134,  0.0529,
        -0.2405, -0.2537,  0.1573, -0.2352, -0.0389,  0.1517, -0.1464, -0.0345,
        -0.0275, -0.0748, -0.1603, -0.2819, -0.2556, -0.1693,  0.3054, -0.1527,
        -0.2124,  0.0767,  0.0872,  0.1733,  0.2404,  0.1761, -0.3135,  0.0280,
         0.1916, -0.0292, -0.1863,  0.3015, -0.1183, -0.1800, -0.2851,  0.0141,
         0.1401,  0.0700,  0.0625, -0.2398, -0.2953,  0.0056,  0.2883,  0.1824,
        -0.1841, -0.0410, -0.2331, -0.1526,  0.0573,  0.1722,  0.2620, -0.2903,
         0.2114, -0.2230,  0.1184,  0.2676,  0.0044,  0.2877, -0.2694, -0.1208,
         0.1844, -0.0689, -0.0647, -0.1318,  0.2180,  0.1551,  0.1013, -0.1777,
        -0.2567,  0.0342,  0.0937, -0.1460, -0.0885,  0.2136,  0.0252,  0.0143,
        -0.0778, -0.2864, -0.2973, -0.1512, -0.1607,  0.0985, -0.0921, -0.1237,
         0.3015,  0.1101,  0.2254, -0.1531, -0.1292,  0.1162, -0.2107, -0.2067,
        -0.0153, -0.1157, -0.2371,  0.1876,  0.2543,  0.0513, -0.0551, -0.2929,
        -0.1152,  0.0805,  0.1491, -0.0400, -0.1250,  0.1762, -0.2518,  0.1999,
        -0.1227,  0.0048, -0.0625,  0.0383, -0.0956,  0.2299, -0.0082,  0.2468,
         0.3040, -0.1541, -0.2307,  0.2537,  0.2478, -0.2415, -0.0244, -0.3118,
        -0.2589,  0.0611,  0.0841,  0.0670, -0.0861,  0.2917,  0.0452, -0.1866,
        -0.0179,  0.0759,  0.1107, -0.2236,  0.1185, -0.1616, -0.2628, -0.1727,
         0.3050,  0.2703,  0.2832,  0.1856,  0.2389, -0.0423, -0.1740,  0.1580,
        -0.1639, -0.2134, -0.1010,  0.0664,  0.1628, -0.1228, -0.1861,  0.0427,
        -0.1864, -0.2059,  0.1648, -0.0531,  0.2890,  0.3076,  0.0946,  0.1088,
         0.0728,  0.0050, -0.0230,  0.0043,  0.1181,  0.2940, -0.0820, -0.1337,
        -0.0766, -0.1528,  0.0538,  0.2360,  0.2473,  0.1452, -0.2327, -0.1697,
        -0.0695, -0.0583,  0.0260, -0.2903,  0.0984, -0.2412, -0.2001, -0.2629,
         0.2755, -0.2994,  0.2386, -0.0106, -0.0368,  0.1978, -0.0292,  0.1983,
         0.2286, -0.2746,  0.1217,  0.0597,  0.0680,  0.0462,  0.0865, -0.1521,
        -0.0405,  0.3005,  0.2125, -0.0119, -0.2974,  0.0139, -0.2153,  0.2572,
        -0.1920, -0.0228, -0.0702,  0.0563,  0.2976,  0.0300,  0.1831,  0.2455,
         0.2553, -0.1092, -0.0707,  0.1524, -0.0863,  0.1481, -0.0691, -0.2145,
         0.1287,  0.0485,  0.1410,  0.3142,  0.2159,  0.2998,  0.0169, -0.2720,
        -0.2218, -0.1964, -0.2787, -0.1585, -0.2911, -0.2918, -0.1890, -0.3117,
        -0.1941,  0.1206,  0.2638, -0.0941, -0.0920,  0.1689, -0.1560, -0.1495,
         0.1948, -0.2755,  0.0387,  0.2793,  0.0542,  0.0860, -0.1842, -0.0044,
         0.0174,  0.0776,  0.1229,  0.2748, -0.2414,  0.0095, -0.1580, -0.2502,
        -0.0253, -0.2784,  0.2207,  0.0366], device='cuda:1')
rank: local_param 1 tensor([-0.1964, -0.0392,  0.1287, -0.3093,  0.0939, -0.2091, -0.1543,  0.1214,
         0.2514, -0.0864, -0.1298, -0.2859, -0.1631, -0.2769, -0.0724,  0.0645,
        -0.2963,  0.2761,  0.1984, -0.3096, -0.1510,  0.1031, -0.0650, -0.0345,
        -0.1428], device='cuda:1', requires_grad=True)
rank: flatten_data 1 tensor([-0.1704,  0.1653, -0.2993, -0.1223, -0.0616, -0.2687, -0.2011, -0.0516,
         0.2399,  0.3054,  0.2012, -0.1888, -0.2069,  0.2760,  0.1119,  0.0084,
         0.0428, -0.2542, -0.1056,  0.3044, -0.0780, -0.0159, -0.2626, -0.1769,
        -0.0065, -0.1964, -0.0392,  0.1287, -0.3093,  0.0939, -0.2091, -0.1543,
         0.1214,  0.2514, -0.0864, -0.1298, -0.2859, -0.1631, -0.2769, -0.0724,
         0.0645, -0.2963,  0.2761,  0.1984, -0.3096, -0.1510,  0.1031, -0.0650,
        -0.0345, -0.1428], device='cuda:1')
rank: local_param 1 tensor([-0.0259, -0.0969,  0.0117,  0.0141, -0.0179,  0.0196, -0.0561,  0.0368,
         0.0533, -0.0745, -0.1402,  0.0740,  0.0337, -0.0719,  0.1363, -0.0640,
         0.0956,  0.0717, -0.1186,  0.0912, -0.1300, -0.0783, -0.0236, -0.0953,
         0.1382, -0.0284,  0.0562, -0.1263,  0.0814, -0.0440, -0.1076,  0.0207,
         0.0685,  0.1224, -0.0864, -0.0696,  0.0272,  0.0384,  0.0544,  0.0776,
        -0.0321,  0.0786,  0.1043, -0.0369,  0.1006,  0.0691,  0.1247, -0.0804,
        -0.0698, -0.0409,  0.0072,  0.0849, -0.0807,  0.0708, -0.0507,  0.0854,
        -0.0067, -0.1239, -0.0778, -0.1024,  0.0701, -0.0948, -0.0118,  0.0305,
        -0.0776,  0.0408, -0.1381, -0.1012, -0.1281, -0.0428, -0.0515,  0.0203,
        -0.0262,  0.0665,  0.1297,  0.0507, -0.0557, -0.1324,  0.0512, -0.0701,
         0.0720,  0.0945,  0.0545,  0.1327,  0.1343,  0.0299, -0.1030,  0.1264,
        -0.0671, -0.0668,  0.1183,  0.1096,  0.0427,  0.0089, -0.1190, -0.0147,
         0.1356,  0.0360,  0.0121, -0.0294, -0.0493,  0.0843,  0.0087,  0.0920,
        -0.0250,  0.0618,  0.0584,  0.0226,  0.0889,  0.0886,  0.1311,  0.1087,
        -0.0362, -0.1197,  0.0259, -0.0012, -0.0369, -0.0237,  0.0067,  0.1032,
         0.0441, -0.0502, -0.0582, -0.0350, -0.0547], device='cuda:1',
       requires_grad=True)
rank: flatten_data 1 tensor([ 0.1136, -0.0791,  0.1173,  0.0091,  0.0284,  0.1103, -0.0233, -0.0805,
        -0.0229,  0.1147, -0.1049,  0.0321, -0.1390,  0.0741,  0.0523,  0.0060,
         0.0607,  0.0002,  0.0783, -0.1120, -0.0208,  0.0627,  0.1408,  0.0720,
        -0.1028,  0.1088, -0.0315, -0.0302, -0.1285, -0.0223,  0.1000,  0.0197,
        -0.0824,  0.0435, -0.0453,  0.1291, -0.1227, -0.0447, -0.1366, -0.0557,
         0.0446,  0.1361,  0.0238,  0.1386,  0.0277,  0.0817,  0.1134,  0.1182,
        -0.0792,  0.1300,  0.0857, -0.0661, -0.0675, -0.1186,  0.0355, -0.1146,
         0.0597,  0.0447, -0.1229,  0.0385, -0.0115,  0.0646,  0.0811, -0.1406,
         0.1297,  0.1186,  0.0563, -0.1293, -0.0505, -0.0410, -0.0363,  0.0798,
         0.0514,  0.1120, -0.0530,  0.0476,  0.0503, -0.1177, -0.1372, -0.0734,
         0.0968, -0.1331, -0.1231,  0.0792,  0.0763,  0.1163, -0.1068, -0.1035,
         0.0725,  0.1230,  0.0846,  0.0222,  0.0466,  0.1342, -0.0912, -0.0642,
         0.0989, -0.0968, -0.0780,  0.1032,  0.0446,  0.0457, -0.0599, -0.0020,
         0.1294, -0.0849,  0.0011,  0.0673, -0.0976,  0.1373, -0.0707, -0.0340,
        -0.0383, -0.0922, -0.1388,  0.0797,  0.0376, -0.1325, -0.0910,  0.1398,
         0.0541,  0.0567, -0.0846, -0.0620, -0.0213, -0.0259, -0.0969,  0.0117,
         0.0141, -0.0179,  0.0196, -0.0561,  0.0368,  0.0533, -0.0745, -0.1402,
         0.0740,  0.0337, -0.0719,  0.1363, -0.0640,  0.0956,  0.0717, -0.1186,
         0.0912, -0.1300, -0.0783, -0.0236, -0.0953,  0.1382, -0.0284,  0.0562,
        -0.1263,  0.0814, -0.0440, -0.1076,  0.0207,  0.0685,  0.1224, -0.0864,
        -0.0696,  0.0272,  0.0384,  0.0544,  0.0776, -0.0321,  0.0786,  0.1043,
        -0.0369,  0.1006,  0.0691,  0.1247, -0.0804, -0.0698, -0.0409,  0.0072,
         0.0849, -0.0807,  0.0708, -0.0507,  0.0854, -0.0067, -0.1239, -0.0778,
        -0.1024,  0.0701, -0.0948, -0.0118,  0.0305, -0.0776,  0.0408, -0.1381,
        -0.1012, -0.1281, -0.0428, -0.0515,  0.0203, -0.0262,  0.0665,  0.1297,
         0.0507, -0.0557, -0.1324,  0.0512, -0.0701,  0.0720,  0.0945,  0.0545,
         0.1327,  0.1343,  0.0299, -0.1030,  0.1264, -0.0671, -0.0668,  0.1183,
         0.1096,  0.0427,  0.0089, -0.1190, -0.0147,  0.1356,  0.0360,  0.0121,
        -0.0294, -0.0493,  0.0843,  0.0087,  0.0920, -0.0250,  0.0618,  0.0584,
         0.0226,  0.0889,  0.0886,  0.1311,  0.1087, -0.0362, -0.1197,  0.0259,
        -0.0012, -0.0369, -0.0237,  0.0067,  0.1032,  0.0441, -0.0502, -0.0582,
        -0.0350, -0.0547], device='cuda:1')
rank: flatten_data 0 tensor([-0.1811,  0.0790, -0.0417, -0.2295,  0.0074, -0.2160, -0.2683, -0.1741,
        -0.2768, -0.2014,  0.3161,  0.0597,  0.0974, -0.2949, -0.2077, -0.1053,
         0.0494, -0.2783, -0.1363, -0.1893,  0.0009, -0.1177, -0.0219, -0.2143,
        -0.2171, -0.1845, -0.1082, -0.2496,  0.2651, -0.0628,  0.2721,  0.0985,
        -0.2678,  0.2188, -0.0870, -0.1212, -0.2625, -0.3144,  0.0905, -0.0691,
         0.1231, -0.2595,  0.2348, -0.2321, -0.0546,  0.0661,  0.1633,  0.2553,
         0.2881, -0.2507,  0.0796, -0.1360, -0.0347, -0.2367,  0.2880, -0.2321,
         0.1690,  0.1111,  0.1028, -0.1710,  0.2874,  0.0695,  0.0407, -0.2787,
         0.1327, -0.0474, -0.1449,  0.2716,  0.0705, -0.1750, -0.1601, -0.0151,
         0.1766, -0.0808, -0.1804, -0.1083, -0.2362,  0.1128,  0.2448, -0.2977,
         0.0734,  0.1634,  0.0573, -0.1126,  0.1651,  0.1662,  0.1182, -0.0556,
        -0.0837,  0.0338, -0.0559, -0.0942,  0.2021,  0.2718, -0.0313, -0.0708,
         0.0046, -0.0189,  0.0760,  0.0886, -0.2872, -0.1167,  0.2663,  0.1232,
        -0.0157, -0.1907, -0.1935, -0.2833, -0.1031,  0.1068,  0.2016,  0.1460,
        -0.2795, -0.1902, -0.0499,  0.3059,  0.0457, -0.0819,  0.1308, -0.1204,
        -0.2047,  0.2308, -0.1438, -0.0634, -0.3146,  0.2116,  0.2396,  0.1152,
        -0.2205, -0.3121, -0.2568,  0.2358,  0.1518,  0.2661,  0.1657,  0.0800,
        -0.0031, -0.2405, -0.2709, -0.2958,  0.1295, -0.1553, -0.0636, -0.1820,
        -0.0576, -0.2226, -0.2066,  0.1049, -0.0940,  0.1952, -0.1014, -0.2320,
        -0.0558, -0.1533, -0.0967, -0.3010,  0.1769, -0.2202,  0.1589,  0.1435,
         0.2259, -0.2426,  0.2274, -0.1495,  0.1173,  0.2970, -0.0446, -0.0024,
        -0.0728, -0.2640,  0.1518, -0.3139,  0.1963,  0.2366,  0.2991, -0.0746,
        -0.2598,  0.0711,  0.1747, -0.3147, -0.0718, -0.1896, -0.0277, -0.1557,
        -0.1293, -0.1004, -0.3005,  0.2595,  0.2651, -0.0496, -0.0360, -0.1291,
        -0.2856, -0.3077,  0.1175, -0.1736, -0.2033, -0.0247, -0.1053, -0.1023,
         0.0102, -0.0671, -0.1089, -0.1514, -0.2574,  0.2652, -0.1266,  0.0838,
        -0.1097,  0.0257,  0.2948,  0.1457, -0.2740,  0.1255,  0.3002,  0.0832,
         0.2120,  0.3118, -0.0485,  0.0656, -0.2198, -0.0652,  0.2342,  0.1621,
        -0.2001, -0.2536, -0.2161, -0.3121, -0.2440, -0.0782,  0.2134,  0.0529,
        -0.2405, -0.2537,  0.1573, -0.2352, -0.0389,  0.1517, -0.1464, -0.0345,
        -0.0275, -0.0748, -0.1603, -0.2819, -0.2556, -0.1693,  0.3054, -0.1527,
        -0.2124,  0.0767,  0.0872,  0.1733,  0.2404,  0.1761, -0.3135,  0.0280,
         0.1916, -0.0292, -0.1863,  0.3015, -0.1183, -0.1800, -0.2851,  0.0141,
         0.1401,  0.0700,  0.0625, -0.2398, -0.2953,  0.0056,  0.2883,  0.1824,
        -0.1841, -0.0410, -0.2331, -0.1526,  0.0573,  0.1722,  0.2620, -0.2903,
         0.2114, -0.2230,  0.1184,  0.2676,  0.0044,  0.2877, -0.2694, -0.1208,
         0.1844, -0.0689, -0.0647, -0.1318,  0.2180,  0.1551,  0.1013, -0.1777,
        -0.2567,  0.0342,  0.0937, -0.1460, -0.0885,  0.2136,  0.0252,  0.0143,
        -0.0778, -0.2864, -0.2973, -0.1512, -0.1607,  0.0985, -0.0921, -0.1237,
         0.3015,  0.1101,  0.2254, -0.1531, -0.1292,  0.1162, -0.2107, -0.2067,
        -0.0153, -0.1157, -0.2371,  0.1876,  0.2543,  0.0513, -0.0551, -0.2929,
        -0.1152,  0.0805,  0.1491, -0.0400, -0.1250,  0.1762, -0.2518,  0.1999,
        -0.1227,  0.0048, -0.0625,  0.0383, -0.0956,  0.2299, -0.0082,  0.2468,
         0.3040, -0.1541, -0.2307,  0.2537,  0.2478, -0.2415, -0.0244, -0.3118,
        -0.2589,  0.0611,  0.0841,  0.0670, -0.0861,  0.2917,  0.0452, -0.1866,
        -0.0179,  0.0759,  0.1107, -0.2236,  0.1185, -0.1616, -0.2628, -0.1727,
         0.3050,  0.2703,  0.2832,  0.1856,  0.2389, -0.0423, -0.1740,  0.1580,
        -0.1639, -0.2134, -0.1010,  0.0664,  0.1628, -0.1228, -0.1861,  0.0427,
        -0.1864, -0.2059,  0.1648, -0.0531,  0.2890,  0.3076,  0.0946,  0.1088,
         0.0728,  0.0050, -0.0230,  0.0043,  0.1181,  0.2940, -0.0820, -0.1337,
        -0.0766, -0.1528,  0.0538,  0.2360,  0.2473,  0.1452, -0.2327, -0.1697,
        -0.0695, -0.0583,  0.0260, -0.2903,  0.0984, -0.2412, -0.2001, -0.2629,
         0.2755, -0.2994,  0.2386, -0.0106, -0.0368,  0.1978, -0.0292,  0.1983,
         0.2286, -0.2746,  0.1217,  0.0597,  0.0680,  0.0462,  0.0865, -0.1521,
        -0.0405,  0.3005,  0.2125, -0.0119, -0.2974,  0.0139, -0.2153,  0.2572,
        -0.1920, -0.0228, -0.0702,  0.0563,  0.2976,  0.0300,  0.1831,  0.2455,
         0.2553, -0.1092, -0.0707,  0.1524, -0.0863,  0.1481, -0.0691, -0.2145,
         0.1287,  0.0485,  0.1410,  0.3142,  0.2159,  0.2998,  0.0169, -0.2720,
        -0.2218, -0.1964, -0.2787, -0.1585, -0.2911, -0.2918, -0.1890, -0.3117,
        -0.1941,  0.1206,  0.2638, -0.0941, -0.0920,  0.1689, -0.1560, -0.1495,
         0.1948, -0.2755,  0.0387,  0.2793,  0.0542,  0.0860, -0.1842, -0.0044,
         0.0174,  0.0776,  0.1229,  0.2748, -0.2414,  0.0095, -0.1580, -0.2502,
        -0.0253, -0.2784,  0.2207,  0.0366], device='cuda:0')
rank: local_param 0 tensor([-0.1704,  0.1653, -0.2993, -0.1223, -0.0616, -0.2687, -0.2011, -0.0516,
         0.2399,  0.3054,  0.2012, -0.1888, -0.2069,  0.2760,  0.1119,  0.0084,
         0.0428, -0.2542, -0.1056,  0.3044, -0.0780, -0.0159, -0.2626, -0.1769,
        -0.0065], device='cuda:0', requires_grad=True)
rank: flatten_data 0 tensor([-0.1704,  0.1653, -0.2993, -0.1223, -0.0616, -0.2687, -0.2011, -0.0516,
         0.2399,  0.3054,  0.2012, -0.1888, -0.2069,  0.2760,  0.1119,  0.0084,
         0.0428, -0.2542, -0.1056,  0.3044, -0.0780, -0.0159, -0.2626, -0.1769,
        -0.0065, -0.1964, -0.0392,  0.1287, -0.3093,  0.0939, -0.2091, -0.1543,
         0.1214,  0.2514, -0.0864, -0.1298, -0.2859, -0.1631, -0.2769, -0.0724,
         0.0645, -0.2963,  0.2761,  0.1984, -0.3096, -0.1510,  0.1031, -0.0650,
        -0.0345, -0.1428], device='cuda:0')
rank: local_param 0 tensor([ 0.1136, -0.0791,  0.1173,  0.0091,  0.0284,  0.1103, -0.0233, -0.0805,
        -0.0229,  0.1147, -0.1049,  0.0321, -0.1390,  0.0741,  0.0523,  0.0060,
         0.0607,  0.0002,  0.0783, -0.1120, -0.0208,  0.0627,  0.1408,  0.0720,
        -0.1028,  0.1088, -0.0315, -0.0302, -0.1285, -0.0223,  0.1000,  0.0197,
        -0.0824,  0.0435, -0.0453,  0.1291, -0.1227, -0.0447, -0.1366, -0.0557,
         0.0446,  0.1361,  0.0238,  0.1386,  0.0277,  0.0817,  0.1134,  0.1182,
        -0.0792,  0.1300,  0.0857, -0.0661, -0.0675, -0.1186,  0.0355, -0.1146,
         0.0597,  0.0447, -0.1229,  0.0385, -0.0115,  0.0646,  0.0811, -0.1406,
         0.1297,  0.1186,  0.0563, -0.1293, -0.0505, -0.0410, -0.0363,  0.0798,
         0.0514,  0.1120, -0.0530,  0.0476,  0.0503, -0.1177, -0.1372, -0.0734,
         0.0968, -0.1331, -0.1231,  0.0792,  0.0763,  0.1163, -0.1068, -0.1035,
         0.0725,  0.1230,  0.0846,  0.0222,  0.0466,  0.1342, -0.0912, -0.0642,
         0.0989, -0.0968, -0.0780,  0.1032,  0.0446,  0.0457, -0.0599, -0.0020,
         0.1294, -0.0849,  0.0011,  0.0673, -0.0976,  0.1373, -0.0707, -0.0340,
        -0.0383, -0.0922, -0.1388,  0.0797,  0.0376, -0.1325, -0.0910,  0.1398,
         0.0541,  0.0567, -0.0846, -0.0620, -0.0213], device='cuda:0',
       requires_grad=True)
rank: flatten_data 0 tensor([ 0.1136, -0.0791,  0.1173,  0.0091,  0.0284,  0.1103, -0.0233, -0.0805,
        -0.0229,  0.1147, -0.1049,  0.0321, -0.1390,  0.0741,  0.0523,  0.0060,
         0.0607,  0.0002,  0.0783, -0.1120, -0.0208,  0.0627,  0.1408,  0.0720,
        -0.1028,  0.1088, -0.0315, -0.0302, -0.1285, -0.0223,  0.1000,  0.0197,
        -0.0824,  0.0435, -0.0453,  0.1291, -0.1227, -0.0447, -0.1366, -0.0557,
         0.0446,  0.1361,  0.0238,  0.1386,  0.0277,  0.0817,  0.1134,  0.1182,
        -0.0792,  0.1300,  0.0857, -0.0661, -0.0675, -0.1186,  0.0355, -0.1146,
         0.0597,  0.0447, -0.1229,  0.0385, -0.0115,  0.0646,  0.0811, -0.1406,
         0.1297,  0.1186,  0.0563, -0.1293, -0.0505, -0.0410, -0.0363,  0.0798,
         0.0514,  0.1120, -0.0530,  0.0476,  0.0503, -0.1177, -0.1372, -0.0734,
         0.0968, -0.1331, -0.1231,  0.0792,  0.0763,  0.1163, -0.1068, -0.1035,
         0.0725,  0.1230,  0.0846,  0.0222,  0.0466,  0.1342, -0.0912, -0.0642,
         0.0989, -0.0968, -0.0780,  0.1032,  0.0446,  0.0457, -0.0599, -0.0020,
         0.1294, -0.0849,  0.0011,  0.0673, -0.0976,  0.1373, -0.0707, -0.0340,
        -0.0383, -0.0922, -0.1388,  0.0797,  0.0376, -0.1325, -0.0910,  0.1398,
         0.0541,  0.0567, -0.0846, -0.0620, -0.0213, -0.0259, -0.0969,  0.0117,
         0.0141, -0.0179,  0.0196, -0.0561,  0.0368,  0.0533, -0.0745, -0.1402,
         0.0740,  0.0337, -0.0719,  0.1363, -0.0640,  0.0956,  0.0717, -0.1186,
         0.0912, -0.1300, -0.0783, -0.0236, -0.0953,  0.1382, -0.0284,  0.0562,
        -0.1263,  0.0814, -0.0440, -0.1076,  0.0207,  0.0685,  0.1224, -0.0864,
        -0.0696,  0.0272,  0.0384,  0.0544,  0.0776, -0.0321,  0.0786,  0.1043,
        -0.0369,  0.1006,  0.0691,  0.1247, -0.0804, -0.0698, -0.0409,  0.0072,
         0.0849, -0.0807,  0.0708, -0.0507,  0.0854, -0.0067, -0.1239, -0.0778,
        -0.1024,  0.0701, -0.0948, -0.0118,  0.0305, -0.0776,  0.0408, -0.1381,
        -0.1012, -0.1281, -0.0428, -0.0515,  0.0203, -0.0262,  0.0665,  0.1297,
         0.0507, -0.0557, -0.1324,  0.0512, -0.0701,  0.0720,  0.0945,  0.0545,
         0.1327,  0.1343,  0.0299, -0.1030,  0.1264, -0.0671, -0.0668,  0.1183,
         0.1096,  0.0427,  0.0089, -0.1190, -0.0147,  0.1356,  0.0360,  0.0121,
        -0.0294, -0.0493,  0.0843,  0.0087,  0.0920, -0.0250,  0.0618,  0.0584,
         0.0226,  0.0889,  0.0886,  0.1311,  0.1087, -0.0362, -0.1197,  0.0259,
        -0.0012, -0.0369, -0.0237,  0.0067,  0.1032,  0.0441, -0.0502, -0.0582,
        -0.0350, -0.0547], device='cuda:0')
rank: local_param 1 tensor([2.], device='cuda:1', requires_grad=True)
rank: flatten_data 1 tensor([2., 2.], device='cuda:1')
rank: local_param 1 tensor([-0.3130, -0.1222, -0.2426,  0.2595,  0.0911,  0.1310,  0.1000, -0.0055,
         0.2475, -0.2247,  0.0199, -0.2158,  0.0975, -0.1089,  0.0969, -0.0659,
         0.2623, -0.1874, -0.1886, -0.1886,  0.2844,  0.1054,  0.3043, -0.2610,
        -0.3137, -0.2474, -0.2127,  0.1281,  0.1132,  0.2628, -0.1633, -0.2156,
         0.1678, -0.1278,  0.1919, -0.0750,  0.1809, -0.2457, -0.1596,  0.0964,
         0.0669, -0.0806,  0.1885,  0.2150, -0.2293, -0.1688,  0.2896, -0.1067,
        -0.1121, -0.3060], device='cuda:1', requires_grad=True)
rank: flatten_data 1 tensor([ 0.2418,  0.2625, -0.0741,  0.2905, -0.0693,  0.0638, -0.1540,  0.1857,
         0.2788, -0.2320,  0.2749,  0.0592,  0.2336,  0.0428,  0.1525, -0.0446,
         0.2438,  0.0467, -0.1476,  0.0806, -0.1457, -0.0371, -0.1284,  0.2098,
        -0.2496, -0.1458, -0.0893, -0.1901,  0.0298, -0.3123,  0.2856, -0.2686,
         0.2441,  0.0526, -0.1027,  0.1954,  0.0493,  0.2555,  0.0346, -0.0997,
         0.0850, -0.0858,  0.1331,  0.2823,  0.1828, -0.1382,  0.1825,  0.0566,
         0.1606, -0.1927, -0.3130, -0.1222, -0.2426,  0.2595,  0.0911,  0.1310,
         0.1000, -0.0055,  0.2475, -0.2247,  0.0199, -0.2158,  0.0975, -0.1089,
         0.0969, -0.0659,  0.2623, -0.1874, -0.1886, -0.1886,  0.2844,  0.1054,
         0.3043, -0.2610, -0.3137, -0.2474, -0.2127,  0.1281,  0.1132,  0.2628,
        -0.1633, -0.2156,  0.1678, -0.1278,  0.1919, -0.0750,  0.1809, -0.2457,
        -0.1596,  0.0964,  0.0669, -0.0806,  0.1885,  0.2150, -0.2293, -0.1688,
         0.2896, -0.1067, -0.1121, -0.3060], device='cuda:1')
rank: local_param 1 tensor([ 0.0872,  0.1733,  0.2404,  0.1761, -0.3135,  0.0280,  0.1916, -0.0292,
        -0.1863,  0.3015, -0.1183, -0.1800, -0.2851,  0.0141,  0.1401,  0.0700,
         0.0625, -0.2398, -0.2953,  0.0056,  0.2883,  0.1824, -0.1841, -0.0410,
        -0.2331, -0.1526,  0.0573,  0.1722,  0.2620, -0.2903,  0.2114, -0.2230,
         0.1184,  0.2676,  0.0044,  0.2877, -0.2694, -0.1208,  0.1844, -0.0689,
        -0.0647, -0.1318,  0.2180,  0.1551,  0.1013, -0.1777, -0.2567,  0.0342,
         0.0937, -0.1460, -0.0885,  0.2136,  0.0252,  0.0143, -0.0778, -0.2864,
        -0.2973, -0.1512, -0.1607,  0.0985, -0.0921, -0.1237,  0.3015,  0.1101,
         0.2254, -0.1531, -0.1292,  0.1162, -0.2107, -0.2067, -0.0153, -0.1157,
        -0.2371,  0.1876,  0.2543,  0.0513, -0.0551, -0.2929, -0.1152,  0.0805,
         0.1491, -0.0400, -0.1250,  0.1762, -0.2518,  0.1999, -0.1227,  0.0048,
        -0.0625,  0.0383, -0.0956,  0.2299, -0.0082,  0.2468,  0.3040, -0.1541,
        -0.2307,  0.2537,  0.2478, -0.2415, -0.0244, -0.3118, -0.2589,  0.0611,
         0.0841,  0.0670, -0.0861,  0.2917,  0.0452, -0.1866, -0.0179,  0.0759,
         0.1107, -0.2236,  0.1185, -0.1616, -0.2628, -0.1727,  0.3050,  0.2703,
         0.2832,  0.1856,  0.2389, -0.0423, -0.1740,  0.1580, -0.1639, -0.2134,
        -0.1010,  0.0664,  0.1628, -0.1228, -0.1861,  0.0427, -0.1864, -0.2059,
         0.1648, -0.0531,  0.2890,  0.3076,  0.0946,  0.1088,  0.0728,  0.0050,
        -0.0230,  0.0043,  0.1181,  0.2940, -0.0820, -0.1337, -0.0766, -0.1528,
         0.0538,  0.2360,  0.2473,  0.1452, -0.2327, -0.1697, -0.0695, -0.0583,
         0.0260, -0.2903,  0.0984, -0.2412, -0.2001, -0.2629,  0.2755, -0.2994,
         0.2386, -0.0106, -0.0368,  0.1978, -0.0292,  0.1983,  0.2286, -0.2746,
         0.1217,  0.0597,  0.0680,  0.0462,  0.0865, -0.1521, -0.0405,  0.3005,
         0.2125, -0.0119, -0.2974,  0.0139, -0.2153,  0.2572, -0.1920, -0.0228,
        -0.0702,  0.0563,  0.2976,  0.0300,  0.1831,  0.2455,  0.2553, -0.1092,
        -0.0707,  0.1524, -0.0863,  0.1481, -0.0691, -0.2145,  0.1287,  0.0485,
         0.1410,  0.3142,  0.2159,  0.2998,  0.0169, -0.2720, -0.2218, -0.1964,
        -0.2787, -0.1585, -0.2911, -0.2918, -0.1890, -0.3117, -0.1941,  0.1206,
         0.2638, -0.0941, -0.0920,  0.1689, -0.1560, -0.1495,  0.1948, -0.2755,
         0.0387,  0.2793,  0.0542,  0.0860, -0.1842, -0.0044,  0.0174,  0.0776,
         0.1229,  0.2748, -0.2414,  0.0095, -0.1580, -0.2502, -0.0253, -0.2784,
         0.2207,  0.0366], device='cuda:1', requires_grad=True)
rank: flatten_data 1 tensor([-0.1811,  0.0790, -0.0417, -0.2295,  0.0074, -0.2160, -0.2683, -0.1741,
        -0.2768, -0.2014,  0.3161,  0.0597,  0.0974, -0.2949, -0.2077, -0.1053,
         0.0494, -0.2783, -0.1363, -0.1893,  0.0009, -0.1177, -0.0219, -0.2143,
        -0.2171, -0.1845, -0.1082, -0.2496,  0.2651, -0.0628,  0.2721,  0.0985,
        -0.2678,  0.2188, -0.0870, -0.1212, -0.2625, -0.3144,  0.0905, -0.0691,
         0.1231, -0.2595,  0.2348, -0.2321, -0.0546,  0.0661,  0.1633,  0.2553,
         0.2881, -0.2507,  0.0796, -0.1360, -0.0347, -0.2367,  0.2880, -0.2321,
         0.1690,  0.1111,  0.1028, -0.1710,  0.2874,  0.0695,  0.0407, -0.2787,
         0.1327, -0.0474, -0.1449,  0.2716,  0.0705, -0.1750, -0.1601, -0.0151,
         0.1766, -0.0808, -0.1804, -0.1083, -0.2362,  0.1128,  0.2448, -0.2977,
         0.0734,  0.1634,  0.0573, -0.1126,  0.1651,  0.1662,  0.1182, -0.0556,
        -0.0837,  0.0338, -0.0559, -0.0942,  0.2021,  0.2718, -0.0313, -0.0708,
         0.0046, -0.0189,  0.0760,  0.0886, -0.2872, -0.1167,  0.2663,  0.1232,
        -0.0157, -0.1907, -0.1935, -0.2833, -0.1031,  0.1068,  0.2016,  0.1460,
        -0.2795, -0.1902, -0.0499,  0.3059,  0.0457, -0.0819,  0.1308, -0.1204,
        -0.2047,  0.2308, -0.1438, -0.0634, -0.3146,  0.2116,  0.2396,  0.1152,
        -0.2205, -0.3121, -0.2568,  0.2358,  0.1518,  0.2661,  0.1657,  0.0800,
        -0.0031, -0.2405, -0.2709, -0.2958,  0.1295, -0.1553, -0.0636, -0.1820,
        -0.0576, -0.2226, -0.2066,  0.1049, -0.0940,  0.1952, -0.1014, -0.2320,
        -0.0558, -0.1533, -0.0967, -0.3010,  0.1769, -0.2202,  0.1589,  0.1435,
         0.2259, -0.2426,  0.2274, -0.1495,  0.1173,  0.2970, -0.0446, -0.0024,
        -0.0728, -0.2640,  0.1518, -0.3139,  0.1963,  0.2366,  0.2991, -0.0746,
        -0.2598,  0.0711,  0.1747, -0.3147, -0.0718, -0.1896, -0.0277, -0.1557,
        -0.1293, -0.1004, -0.3005,  0.2595,  0.2651, -0.0496, -0.0360, -0.1291,
        -0.2856, -0.3077,  0.1175, -0.1736, -0.2033, -0.0247, -0.1053, -0.1023,
         0.0102, -0.0671, -0.1089, -0.1514, -0.2574,  0.2652, -0.1266,  0.0838,
        -0.1097,  0.0257,  0.2948,  0.1457, -0.2740,  0.1255,  0.3002,  0.0832,
         0.2120,  0.3118, -0.0485,  0.0656, -0.2198, -0.0652,  0.2342,  0.1621,
        -0.2001, -0.2536, -0.2161, -0.3121, -0.2440, -0.0782,  0.2134,  0.0529,
        -0.2405, -0.2537,  0.1573, -0.2352, -0.0389,  0.1517, -0.1464, -0.0345,
        -0.0275, -0.0748, -0.1603, -0.2819, -0.2556, -0.1693,  0.3054, -0.1527,
        -0.2124,  0.0767,  0.0872,  0.1733,  0.2404,  0.1761, -0.3135,  0.0280,
         0.1916, -0.0292, -0.1863,  0.3015, -0.1183, -0.1800, -0.2851,  0.0141,
         0.1401,  0.0700,  0.0625, -0.2398, -0.2953,  0.0056,  0.2883,  0.1824,
        -0.1841, -0.0410, -0.2331, -0.1526,  0.0573,  0.1722,  0.2620, -0.2903,
         0.2114, -0.2230,  0.1184,  0.2676,  0.0044,  0.2877, -0.2694, -0.1208,
         0.1844, -0.0689, -0.0647, -0.1318,  0.2180,  0.1551,  0.1013, -0.1777,
        -0.2567,  0.0342,  0.0937, -0.1460, -0.0885,  0.2136,  0.0252,  0.0143,
        -0.0778, -0.2864, -0.2973, -0.1512, -0.1607,  0.0985, -0.0921, -0.1237,
         0.3015,  0.1101,  0.2254, -0.1531, -0.1292,  0.1162, -0.2107, -0.2067,
        -0.0153, -0.1157, -0.2371,  0.1876,  0.2543,  0.0513, -0.0551, -0.2929,
        -0.1152,  0.0805,  0.1491, -0.0400, -0.1250,  0.1762, -0.2518,  0.1999,
        -0.1227,  0.0048, -0.0625,  0.0383, -0.0956,  0.2299, -0.0082,  0.2468,
         0.3040, -0.1541, -0.2307,  0.2537,  0.2478, -0.2415, -0.0244, -0.3118,
        -0.2589,  0.0611,  0.0841,  0.0670, -0.0861,  0.2917,  0.0452, -0.1866,
        -0.0179,  0.0759,  0.1107, -0.2236,  0.1185, -0.1616, -0.2628, -0.1727,
         0.3050,  0.2703,  0.2832,  0.1856,  0.2389, -0.0423, -0.1740,  0.1580,
        -0.1639, -0.2134, -0.1010,  0.0664,  0.1628, -0.1228, -0.1861,  0.0427,
        -0.1864, -0.2059,  0.1648, -0.0531,  0.2890,  0.3076,  0.0946,  0.1088,
         0.0728,  0.0050, -0.0230,  0.0043,  0.1181,  0.2940, -0.0820, -0.1337,
        -0.0766, -0.1528,  0.0538,  0.2360,  0.2473,  0.1452, -0.2327, -0.1697,
        -0.0695, -0.0583,  0.0260, -0.2903,  0.0984, -0.2412, -0.2001, -0.2629,
         0.2755, -0.2994,  0.2386, -0.0106, -0.0368,  0.1978, -0.0292,  0.1983,
         0.2286, -0.2746,  0.1217,  0.0597,  0.0680,  0.0462,  0.0865, -0.1521,
        -0.0405,  0.3005,  0.2125, -0.0119, -0.2974,  0.0139, -0.2153,  0.2572,
        -0.1920, -0.0228, -0.0702,  0.0563,  0.2976,  0.0300,  0.1831,  0.2455,
         0.2553, -0.1092, -0.0707,  0.1524, -0.0863,  0.1481, -0.0691, -0.2145,
         0.1287,  0.0485,  0.1410,  0.3142,  0.2159,  0.2998,  0.0169, -0.2720,
        -0.2218, -0.1964, -0.2787, -0.1585, -0.2911, -0.2918, -0.1890, -0.3117,
        -0.1941,  0.1206,  0.2638, -0.0941, -0.0920,  0.1689, -0.1560, -0.1495,
         0.1948, -0.2755,  0.0387,  0.2793,  0.0542,  0.0860, -0.1842, -0.0044,
         0.0174,  0.0776,  0.1229,  0.2748, -0.2414,  0.0095, -0.1580, -0.2502,
        -0.0253, -0.2784,  0.2207,  0.0366], device='cuda:1')
rank: local_param 0 tensor([2.], device='cuda:0', requires_grad=True)
rank: flatten_data 0 tensor([2., 2.], device='cuda:0')
rank: local_param 0 tensor([ 0.2418,  0.2625, -0.0741,  0.2905, -0.0693,  0.0638, -0.1540,  0.1857,
         0.2788, -0.2320,  0.2749,  0.0592,  0.2336,  0.0428,  0.1525, -0.0446,
         0.2438,  0.0467, -0.1476,  0.0806, -0.1457, -0.0371, -0.1284,  0.2098,
        -0.2496, -0.1458, -0.0893, -0.1901,  0.0298, -0.3123,  0.2856, -0.2686,
         0.2441,  0.0526, -0.1027,  0.1954,  0.0493,  0.2555,  0.0346, -0.0997,
         0.0850, -0.0858,  0.1331,  0.2823,  0.1828, -0.1382,  0.1825,  0.0566,
         0.1606, -0.1927], device='cuda:0', requires_grad=True)
rank: flatten_data 0 tensor([ 0.2418,  0.2625, -0.0741,  0.2905, -0.0693,  0.0638, -0.1540,  0.1857,
         0.2788, -0.2320,  0.2749,  0.0592,  0.2336,  0.0428,  0.1525, -0.0446,
         0.2438,  0.0467, -0.1476,  0.0806, -0.1457, -0.0371, -0.1284,  0.2098,
        -0.2496, -0.1458, -0.0893, -0.1901,  0.0298, -0.3123,  0.2856, -0.2686,
         0.2441,  0.0526, -0.1027,  0.1954,  0.0493,  0.2555,  0.0346, -0.0997,
         0.0850, -0.0858,  0.1331,  0.2823,  0.1828, -0.1382,  0.1825,  0.0566,
         0.1606, -0.1927, -0.3130, -0.1222, -0.2426,  0.2595,  0.0911,  0.1310,
         0.1000, -0.0055,  0.2475, -0.2247,  0.0199, -0.2158,  0.0975, -0.1089,
         0.0969, -0.0659,  0.2623, -0.1874, -0.1886, -0.1886,  0.2844,  0.1054,
         0.3043, -0.2610, -0.3137, -0.2474, -0.2127,  0.1281,  0.1132,  0.2628,
        -0.1633, -0.2156,  0.1678, -0.1278,  0.1919, -0.0750,  0.1809, -0.2457,
        -0.1596,  0.0964,  0.0669, -0.0806,  0.1885,  0.2150, -0.2293, -0.1688,
         0.2896, -0.1067, -0.1121, -0.3060], device='cuda:0')
rank: local_param 0 tensor([-0.1811,  0.0790, -0.0417, -0.2295,  0.0074, -0.2160, -0.2683, -0.1741,
        -0.2768, -0.2014,  0.3161,  0.0597,  0.0974, -0.2949, -0.2077, -0.1053,
         0.0494, -0.2783, -0.1363, -0.1893,  0.0009, -0.1177, -0.0219, -0.2143,
        -0.2171, -0.1845, -0.1082, -0.2496,  0.2651, -0.0628,  0.2721,  0.0985,
        -0.2678,  0.2188, -0.0870, -0.1212, -0.2625, -0.3144,  0.0905, -0.0691,
         0.1231, -0.2595,  0.2348, -0.2321, -0.0546,  0.0661,  0.1633,  0.2553,
         0.2881, -0.2507,  0.0796, -0.1360, -0.0347, -0.2367,  0.2880, -0.2321,
         0.1690,  0.1111,  0.1028, -0.1710,  0.2874,  0.0695,  0.0407, -0.2787,
         0.1327, -0.0474, -0.1449,  0.2716,  0.0705, -0.1750, -0.1601, -0.0151,
         0.1766, -0.0808, -0.1804, -0.1083, -0.2362,  0.1128,  0.2448, -0.2977,
         0.0734,  0.1634,  0.0573, -0.1126,  0.1651,  0.1662,  0.1182, -0.0556,
        -0.0837,  0.0338, -0.0559, -0.0942,  0.2021,  0.2718, -0.0313, -0.0708,
         0.0046, -0.0189,  0.0760,  0.0886, -0.2872, -0.1167,  0.2663,  0.1232,
        -0.0157, -0.1907, -0.1935, -0.2833, -0.1031,  0.1068,  0.2016,  0.1460,
        -0.2795, -0.1902, -0.0499,  0.3059,  0.0457, -0.0819,  0.1308, -0.1204,
        -0.2047,  0.2308, -0.1438, -0.0634, -0.3146,  0.2116,  0.2396,  0.1152,
        -0.2205, -0.3121, -0.2568,  0.2358,  0.1518,  0.2661,  0.1657,  0.0800,
        -0.0031, -0.2405, -0.2709, -0.2958,  0.1295, -0.1553, -0.0636, -0.1820,
        -0.0576, -0.2226, -0.2066,  0.1049, -0.0940,  0.1952, -0.1014, -0.2320,
        -0.0558, -0.1533, -0.0967, -0.3010,  0.1769, -0.2202,  0.1589,  0.1435,
         0.2259, -0.2426,  0.2274, -0.1495,  0.1173,  0.2970, -0.0446, -0.0024,
        -0.0728, -0.2640,  0.1518, -0.3139,  0.1963,  0.2366,  0.2991, -0.0746,
        -0.2598,  0.0711,  0.1747, -0.3147, -0.0718, -0.1896, -0.0277, -0.1557,
        -0.1293, -0.1004, -0.3005,  0.2595,  0.2651, -0.0496, -0.0360, -0.1291,
        -0.2856, -0.3077,  0.1175, -0.1736, -0.2033, -0.0247, -0.1053, -0.1023,
         0.0102, -0.0671, -0.1089, -0.1514, -0.2574,  0.2652, -0.1266,  0.0838,
        -0.1097,  0.0257,  0.2948,  0.1457, -0.2740,  0.1255,  0.3002,  0.0832,
         0.2120,  0.3118, -0.0485,  0.0656, -0.2198, -0.0652,  0.2342,  0.1621,
        -0.2001, -0.2536, -0.2161, -0.3121, -0.2440, -0.0782,  0.2134,  0.0529,
        -0.2405, -0.2537,  0.1573, -0.2352, -0.0389,  0.1517, -0.1464, -0.0345,
        -0.0275, -0.0748, -0.1603, -0.2819, -0.2556, -0.1693,  0.3054, -0.1527,
        -0.2124,  0.0767], device='cuda:0', requires_grad=True)
rank: flatten_data 0 tensor([-0.1811,  0.0790, -0.0417, -0.2295,  0.0074, -0.2160, -0.2683, -0.1741,
        -0.2768, -0.2014,  0.3161,  0.0597,  0.0974, -0.2949, -0.2077, -0.1053,
         0.0494, -0.2783, -0.1363, -0.1893,  0.0009, -0.1177, -0.0219, -0.2143,
        -0.2171, -0.1845, -0.1082, -0.2496,  0.2651, -0.0628,  0.2721,  0.0985,
        -0.2678,  0.2188, -0.0870, -0.1212, -0.2625, -0.3144,  0.0905, -0.0691,
         0.1231, -0.2595,  0.2348, -0.2321, -0.0546,  0.0661,  0.1633,  0.2553,
         0.2881, -0.2507,  0.0796, -0.1360, -0.0347, -0.2367,  0.2880, -0.2321,
         0.1690,  0.1111,  0.1028, -0.1710,  0.2874,  0.0695,  0.0407, -0.2787,
         0.1327, -0.0474, -0.1449,  0.2716,  0.0705, -0.1750, -0.1601, -0.0151,
         0.1766, -0.0808, -0.1804, -0.1083, -0.2362,  0.1128,  0.2448, -0.2977,
         0.0734,  0.1634,  0.0573, -0.1126,  0.1651,  0.1662,  0.1182, -0.0556,
        -0.0837,  0.0338, -0.0559, -0.0942,  0.2021,  0.2718, -0.0313, -0.0708,
         0.0046, -0.0189,  0.0760,  0.0886, -0.2872, -0.1167,  0.2663,  0.1232,
        -0.0157, -0.1907, -0.1935, -0.2833, -0.1031,  0.1068,  0.2016,  0.1460,
        -0.2795, -0.1902, -0.0499,  0.3059,  0.0457, -0.0819,  0.1308, -0.1204,
        -0.2047,  0.2308, -0.1438, -0.0634, -0.3146,  0.2116,  0.2396,  0.1152,
        -0.2205, -0.3121, -0.2568,  0.2358,  0.1518,  0.2661,  0.1657,  0.0800,
        -0.0031, -0.2405, -0.2709, -0.2958,  0.1295, -0.1553, -0.0636, -0.1820,
        -0.0576, -0.2226, -0.2066,  0.1049, -0.0940,  0.1952, -0.1014, -0.2320,
        -0.0558, -0.1533, -0.0967, -0.3010,  0.1769, -0.2202,  0.1589,  0.1435,
         0.2259, -0.2426,  0.2274, -0.1495,  0.1173,  0.2970, -0.0446, -0.0024,
        -0.0728, -0.2640,  0.1518, -0.3139,  0.1963,  0.2366,  0.2991, -0.0746,
        -0.2598,  0.0711,  0.1747, -0.3147, -0.0718, -0.1896, -0.0277, -0.1557,
        -0.1293, -0.1004, -0.3005,  0.2595,  0.2651, -0.0496, -0.0360, -0.1291,
        -0.2856, -0.3077,  0.1175, -0.1736, -0.2033, -0.0247, -0.1053, -0.1023,
         0.0102, -0.0671, -0.1089, -0.1514, -0.2574,  0.2652, -0.1266,  0.0838,
        -0.1097,  0.0257,  0.2948,  0.1457, -0.2740,  0.1255,  0.3002,  0.0832,
         0.2120,  0.3118, -0.0485,  0.0656, -0.2198, -0.0652,  0.2342,  0.1621,
        -0.2001, -0.2536, -0.2161, -0.3121, -0.2440, -0.0782,  0.2134,  0.0529,
        -0.2405, -0.2537,  0.1573, -0.2352, -0.0389,  0.1517, -0.1464, -0.0345,
        -0.0275, -0.0748, -0.1603, -0.2819, -0.2556, -0.1693,  0.3054, -0.1527,
        -0.2124,  0.0767,  0.0872,  0.1733,  0.2404,  0.1761, -0.3135,  0.0280,
         0.1916, -0.0292, -0.1863,  0.3015, -0.1183, -0.1800, -0.2851,  0.0141,
         0.1401,  0.0700,  0.0625, -0.2398, -0.2953,  0.0056,  0.2883,  0.1824,
        -0.1841, -0.0410, -0.2331, -0.1526,  0.0573,  0.1722,  0.2620, -0.2903,
         0.2114, -0.2230,  0.1184,  0.2676,  0.0044,  0.2877, -0.2694, -0.1208,
         0.1844, -0.0689, -0.0647, -0.1318,  0.2180,  0.1551,  0.1013, -0.1777,
        -0.2567,  0.0342,  0.0937, -0.1460, -0.0885,  0.2136,  0.0252,  0.0143,
        -0.0778, -0.2864, -0.2973, -0.1512, -0.1607,  0.0985, -0.0921, -0.1237,
         0.3015,  0.1101,  0.2254, -0.1531, -0.1292,  0.1162, -0.2107, -0.2067,
        -0.0153, -0.1157, -0.2371,  0.1876,  0.2543,  0.0513, -0.0551, -0.2929,
        -0.1152,  0.0805,  0.1491, -0.0400, -0.1250,  0.1762, -0.2518,  0.1999,
        -0.1227,  0.0048, -0.0625,  0.0383, -0.0956,  0.2299, -0.0082,  0.2468,
         0.3040, -0.1541, -0.2307,  0.2537,  0.2478, -0.2415, -0.0244, -0.3118,
        -0.2589,  0.0611,  0.0841,  0.0670, -0.0861,  0.2917,  0.0452, -0.1866,
        -0.0179,  0.0759,  0.1107, -0.2236,  0.1185, -0.1616, -0.2628, -0.1727,
         0.3050,  0.2703,  0.2832,  0.1856,  0.2389, -0.0423, -0.1740,  0.1580,
        -0.1639, -0.2134, -0.1010,  0.0664,  0.1628, -0.1228, -0.1861,  0.0427,
        -0.1864, -0.2059,  0.1648, -0.0531,  0.2890,  0.3076,  0.0946,  0.1088,
         0.0728,  0.0050, -0.0230,  0.0043,  0.1181,  0.2940, -0.0820, -0.1337,
        -0.0766, -0.1528,  0.0538,  0.2360,  0.2473,  0.1452, -0.2327, -0.1697,
        -0.0695, -0.0583,  0.0260, -0.2903,  0.0984, -0.2412, -0.2001, -0.2629,
         0.2755, -0.2994,  0.2386, -0.0106, -0.0368,  0.1978, -0.0292,  0.1983,
         0.2286, -0.2746,  0.1217,  0.0597,  0.0680,  0.0462,  0.0865, -0.1521,
        -0.0405,  0.3005,  0.2125, -0.0119, -0.2974,  0.0139, -0.2153,  0.2572,
        -0.1920, -0.0228, -0.0702,  0.0563,  0.2976,  0.0300,  0.1831,  0.2455,
         0.2553, -0.1092, -0.0707,  0.1524, -0.0863,  0.1481, -0.0691, -0.2145,
         0.1287,  0.0485,  0.1410,  0.3142,  0.2159,  0.2998,  0.0169, -0.2720,
        -0.2218, -0.1964, -0.2787, -0.1585, -0.2911, -0.2918, -0.1890, -0.3117,
        -0.1941,  0.1206,  0.2638, -0.0941, -0.0920,  0.1689, -0.1560, -0.1495,
         0.1948, -0.2755,  0.0387,  0.2793,  0.0542,  0.0860, -0.1842, -0.0044,
         0.0174,  0.0776,  0.1229,  0.2748, -0.2414,  0.0095, -0.1580, -0.2502,
        -0.0253, -0.2784,  0.2207,  0.0366], device='cuda:0')
rank: local_param 1 tensor([-0.1964, -0.0392,  0.1287, -0.3093,  0.0939, -0.2091, -0.1543,  0.1214,
         0.2514, -0.0864, -0.1298, -0.2859, -0.1631, -0.2769, -0.0724,  0.0645,
        -0.2963,  0.2761,  0.1984, -0.3096, -0.1510,  0.1031, -0.0650, -0.0345,
        -0.1428], device='cuda:1', requires_grad=True)
rank: flatten_data 1 tensor([-0.1704,  0.1653, -0.2993, -0.1223, -0.0616, -0.2687, -0.2011, -0.0516,
         0.2399,  0.3054,  0.2012, -0.1888, -0.2069,  0.2760,  0.1119,  0.0084,
         0.0428, -0.2542, -0.1056,  0.3044, -0.0780, -0.0159, -0.2626, -0.1769,
        -0.0065, -0.1964, -0.0392,  0.1287, -0.3093,  0.0939, -0.2091, -0.1543,
         0.1214,  0.2514, -0.0864, -0.1298, -0.2859, -0.1631, -0.2769, -0.0724,
         0.0645, -0.2963,  0.2761,  0.1984, -0.3096, -0.1510,  0.1031, -0.0650,
        -0.0345, -0.1428], device='cuda:1')
rank: local_param 1 tensor([-0.0259, -0.0969,  0.0117,  0.0141, -0.0179,  0.0196, -0.0561,  0.0368,
         0.0533, -0.0745, -0.1402,  0.0740,  0.0337, -0.0719,  0.1363, -0.0640,
         0.0956,  0.0717, -0.1186,  0.0912, -0.1300, -0.0783, -0.0236, -0.0953,
         0.1382, -0.0284,  0.0562, -0.1263,  0.0814, -0.0440, -0.1076,  0.0207,
         0.0685,  0.1224, -0.0864, -0.0696,  0.0272,  0.0384,  0.0544,  0.0776,
        -0.0321,  0.0786,  0.1043, -0.0369,  0.1006,  0.0691,  0.1247, -0.0804,
        -0.0698, -0.0409,  0.0072,  0.0849, -0.0807,  0.0708, -0.0507,  0.0854,
        -0.0067, -0.1239, -0.0778, -0.1024,  0.0701, -0.0948, -0.0118,  0.0305,
        -0.0776,  0.0408, -0.1381, -0.1012, -0.1281, -0.0428, -0.0515,  0.0203,
        -0.0262,  0.0665,  0.1297,  0.0507, -0.0557, -0.1324,  0.0512, -0.0701,
         0.0720,  0.0945,  0.0545,  0.1327,  0.1343,  0.0299, -0.1030,  0.1264,
        -0.0671, -0.0668,  0.1183,  0.1096,  0.0427,  0.0089, -0.1190, -0.0147,
         0.1356,  0.0360,  0.0121, -0.0294, -0.0493,  0.0843,  0.0087,  0.0920,
        -0.0250,  0.0618,  0.0584,  0.0226,  0.0889,  0.0886,  0.1311,  0.1087,
        -0.0362, -0.1197,  0.0259, -0.0012, -0.0369, -0.0237,  0.0067,  0.1032,
         0.0441, -0.0502, -0.0582, -0.0350, -0.0547], device='cuda:1',
       requires_grad=True)
rank: flatten_data 1 tensor([ 0.1136, -0.0791,  0.1173,  0.0091,  0.0284,  0.1103, -0.0233, -0.0805,
        -0.0229,  0.1147, -0.1049,  0.0321, -0.1390,  0.0741,  0.0523,  0.0060,
         0.0607,  0.0002,  0.0783, -0.1120, -0.0208,  0.0627,  0.1408,  0.0720,
        -0.1028,  0.1088, -0.0315, -0.0302, -0.1285, -0.0223,  0.1000,  0.0197,
        -0.0824,  0.0435, -0.0453,  0.1291, -0.1227, -0.0447, -0.1366, -0.0557,
         0.0446,  0.1361,  0.0238,  0.1386,  0.0277,  0.0817,  0.1134,  0.1182,
        -0.0792,  0.1300,  0.0857, -0.0661, -0.0675, -0.1186,  0.0355, -0.1146,
         0.0597,  0.0447, -0.1229,  0.0385, -0.0115,  0.0646,  0.0811, -0.1406,
         0.1297,  0.1186,  0.0563, -0.1293, -0.0505, -0.0410, -0.0363,  0.0798,
         0.0514,  0.1120, -0.0530,  0.0476,  0.0503, -0.1177, -0.1372, -0.0734,
         0.0968, -0.1331, -0.1231,  0.0792,  0.0763,  0.1163, -0.1068, -0.1035,
         0.0725,  0.1230,  0.0846,  0.0222,  0.0466,  0.1342, -0.0912, -0.0642,
         0.0989, -0.0968, -0.0780,  0.1032,  0.0446,  0.0457, -0.0599, -0.0020,
         0.1294, -0.0849,  0.0011,  0.0673, -0.0976,  0.1373, -0.0707, -0.0340,
        -0.0383, -0.0922, -0.1388,  0.0797,  0.0376, -0.1325, -0.0910,  0.1398,
         0.0541,  0.0567, -0.0846, -0.0620, -0.0213, -0.0259, -0.0969,  0.0117,
         0.0141, -0.0179,  0.0196, -0.0561,  0.0368,  0.0533, -0.0745, -0.1402,
         0.0740,  0.0337, -0.0719,  0.1363, -0.0640,  0.0956,  0.0717, -0.1186,
         0.0912, -0.1300, -0.0783, -0.0236, -0.0953,  0.1382, -0.0284,  0.0562,
        -0.1263,  0.0814, -0.0440, -0.1076,  0.0207,  0.0685,  0.1224, -0.0864,
        -0.0696,  0.0272,  0.0384,  0.0544,  0.0776, -0.0321,  0.0786,  0.1043,
        -0.0369,  0.1006,  0.0691,  0.1247, -0.0804, -0.0698, -0.0409,  0.0072,
         0.0849, -0.0807,  0.0708, -0.0507,  0.0854, -0.0067, -0.1239, -0.0778,
        -0.1024,  0.0701, -0.0948, -0.0118,  0.0305, -0.0776,  0.0408, -0.1381,
        -0.1012, -0.1281, -0.0428, -0.0515,  0.0203, -0.0262,  0.0665,  0.1297,
         0.0507, -0.0557, -0.1324,  0.0512, -0.0701,  0.0720,  0.0945,  0.0545,
         0.1327,  0.1343,  0.0299, -0.1030,  0.1264, -0.0671, -0.0668,  0.1183,
         0.1096,  0.0427,  0.0089, -0.1190, -0.0147,  0.1356,  0.0360,  0.0121,
        -0.0294, -0.0493,  0.0843,  0.0087,  0.0920, -0.0250,  0.0618,  0.0584,
         0.0226,  0.0889,  0.0886,  0.1311,  0.1087, -0.0362, -0.1197,  0.0259,
        -0.0012, -0.0369, -0.0237,  0.0067,  0.1032,  0.0441, -0.0502, -0.0582,
        -0.0350, -0.0547], device='cuda:1')
rank: local_param 1 tensor([2.], device='cuda:1', requires_grad=True)
rank: flatten_data 1 tensor([2., 2.], device='cuda:1')
rank: local_param 1 tensor([-0.3130, -0.1222, -0.2426,  0.2595,  0.0911,  0.1310,  0.1000, -0.0055,
         0.2475, -0.2247,  0.0199, -0.2158,  0.0975, -0.1089,  0.0969, -0.0659,
         0.2623, -0.1874, -0.1886, -0.1886,  0.2844,  0.1054,  0.3043, -0.2610,
        -0.3137, -0.2474, -0.2127,  0.1281,  0.1132,  0.2628, -0.1633, -0.2156,
         0.1678, -0.1278,  0.1919, -0.0750,  0.1809, -0.2457, -0.1596,  0.0964,
         0.0669, -0.0806,  0.1885,  0.2150, -0.2293, -0.1688,  0.2896, -0.1067,
        -0.1121, -0.3060], device='cuda:1', requires_grad=True)
rank: flatten_data 1 tensor([ 0.2418,  0.2625, -0.0741,  0.2905, -0.0693,  0.0638, -0.1540,  0.1857,
         0.2788, -0.2320,  0.2749,  0.0592,  0.2336,  0.0428,  0.1525, -0.0446,
         0.2438,  0.0467, -0.1476,  0.0806, -0.1457, -0.0371, -0.1284,  0.2098,
        -0.2496, -0.1458, -0.0893, -0.1901,  0.0298, -0.3123,  0.2856, -0.2686,
         0.2441,  0.0526, -0.1027,  0.1954,  0.0493,  0.2555,  0.0346, -0.0997,
         0.0850, -0.0858,  0.1331,  0.2823,  0.1828, -0.1382,  0.1825,  0.0566,
         0.1606, -0.1927, -0.3130, -0.1222, -0.2426,  0.2595,  0.0911,  0.1310,
         0.1000, -0.0055,  0.2475, -0.2247,  0.0199, -0.2158,  0.0975, -0.1089,
         0.0969, -0.0659,  0.2623, -0.1874, -0.1886, -0.1886,  0.2844,  0.1054,
         0.3043, -0.2610, -0.3137, -0.2474, -0.2127,  0.1281,  0.1132,  0.2628,
        -0.1633, -0.2156,  0.1678, -0.1278,  0.1919, -0.0750,  0.1809, -0.2457,
        -0.1596,  0.0964,  0.0669, -0.0806,  0.1885,  0.2150, -0.2293, -0.1688,
         0.2896, -0.1067, -0.1121, -0.3060], device='cuda:1')
rank: local_param 1 tensor([ 0.0872,  0.1733,  0.2404,  0.1761, -0.3135,  0.0280,  0.1916, -0.0292,
        -0.1863,  0.3015, -0.1183, -0.1800, -0.2851,  0.0141,  0.1401,  0.0700,
         0.0625, -0.2398, -0.2953,  0.0056,  0.2883,  0.1824, -0.1841, -0.0410,
        -0.2331, -0.1526,  0.0573,  0.1722,  0.2620, -0.2903,  0.2114, -0.2230,
         0.1184,  0.2676,  0.0044,  0.2877, -0.2694, -0.1208,  0.1844, -0.0689,
        -0.0647, -0.1318,  0.2180,  0.1551,  0.1013, -0.1777, -0.2567,  0.0342,
         0.0937, -0.1460, -0.0885,  0.2136,  0.0252,  0.0143, -0.0778, -0.2864,
        -0.2973, -0.1512, -0.1607,  0.0985, -0.0921, -0.1237,  0.3015,  0.1101,
         0.2254, -0.1531, -0.1292,  0.1162, -0.2107, -0.2067, -0.0153, -0.1157,
        -0.2371,  0.1876,  0.2543,  0.0513, -0.0551, -0.2929, -0.1152,  0.0805,
         0.1491, -0.0400, -0.1250,  0.1762, -0.2518,  0.1999, -0.1227,  0.0048,
        -0.0625,  0.0383, -0.0956,  0.2299, -0.0082,  0.2468,  0.3040, -0.1541,
        -0.2307,  0.2537,  0.2478, -0.2415, -0.0244, -0.3118, -0.2589,  0.0611,
         0.0841,  0.0670, -0.0861,  0.2917,  0.0452, -0.1866, -0.0179,  0.0759,
         0.1107, -0.2236,  0.1185, -0.1616, -0.2628, -0.1727,  0.3050,  0.2703,
         0.2832,  0.1856,  0.2389, -0.0423, -0.1740,  0.1580, -0.1639, -0.2134,
        -0.1010,  0.0664,  0.1628, -0.1228, -0.1861,  0.0427, -0.1864, -0.2059,
         0.1648, -0.0531,  0.2890,  0.3076,  0.0946,  0.1088,  0.0728,  0.0050,
        -0.0230,  0.0043,  0.1181,  0.2940, -0.0820, -0.1337, -0.0766, -0.1528,
         0.0538,  0.2360,  0.2473,  0.1452, -0.2327, -0.1697, -0.0695, -0.0583,
         0.0260, -0.2903,  0.0984, -0.2412, -0.2001, -0.2629,  0.2755, -0.2994,
         0.2386, -0.0106, -0.0368,  0.1978, -0.0292,  0.1983,  0.2286, -0.2746,
         0.1217,  0.0597,  0.0680,  0.0462,  0.0865, -0.1521, -0.0405,  0.3005,
         0.2125, -0.0119, -0.2974,  0.0139, -0.2153,  0.2572, -0.1920, -0.0228,
        -0.0702,  0.0563,  0.2976,  0.0300,  0.1831,  0.2455,  0.2553, -0.1092,
        -0.0707,  0.1524, -0.0863,  0.1481, -0.0691, -0.2145,  0.1287,  0.0485,
         0.1410,  0.3142,  0.2159,  0.2998,  0.0169, -0.2720, -0.2218, -0.1964,
        -0.2787, -0.1585, -0.2911, -0.2918, -0.1890, -0.3117, -0.1941,  0.1206,
         0.2638, -0.0941, -0.0920,  0.1689, -0.1560, -0.1495,  0.1948, -0.2755,
         0.0387,  0.2793,  0.0542,  0.0860, -0.1842, -0.0044,  0.0174,  0.0776,
         0.1229,  0.2748, -0.2414,  0.0095, -0.1580, -0.2502, -0.0253, -0.2784,
         0.2207,  0.0366], device='cuda:1', requires_grad=True)
rank: local_param 0 tensor([-0.1704,  0.1653, -0.2993, -0.1223, -0.0616, -0.2687, -0.2011, -0.0516,
         0.2399,  0.3054,  0.2012, -0.1888, -0.2069,  0.2760,  0.1119,  0.0084,
         0.0428, -0.2542, -0.1056,  0.3044, -0.0780, -0.0159, -0.2626, -0.1769,
        -0.0065], device='cuda:0', requires_grad=True)
rank: flatten_data 0 tensor([-0.1704,  0.1653, -0.2993, -0.1223, -0.0616, -0.2687, -0.2011, -0.0516,
         0.2399,  0.3054,  0.2012, -0.1888, -0.2069,  0.2760,  0.1119,  0.0084,
         0.0428, -0.2542, -0.1056,  0.3044, -0.0780, -0.0159, -0.2626, -0.1769,
        -0.0065, -0.1964, -0.0392,  0.1287, -0.3093,  0.0939, -0.2091, -0.1543,
         0.1214,  0.2514, -0.0864, -0.1298, -0.2859, -0.1631, -0.2769, -0.0724,
         0.0645, -0.2963,  0.2761,  0.1984, -0.3096, -0.1510,  0.1031, -0.0650,
        -0.0345, -0.1428], device='cuda:0')
rank: local_param 0 tensor([ 0.1136, -0.0791,  0.1173,  0.0091,  0.0284,  0.1103, -0.0233, -0.0805,
        -0.0229,  0.1147, -0.1049,  0.0321, -0.1390,  0.0741,  0.0523,  0.0060,
         0.0607,  0.0002,  0.0783, -0.1120, -0.0208,  0.0627,  0.1408,  0.0720,
        -0.1028,  0.1088, -0.0315, -0.0302, -0.1285, -0.0223,  0.1000,  0.0197,
        -0.0824,  0.0435, -0.0453,  0.1291, -0.1227, -0.0447, -0.1366, -0.0557,
         0.0446,  0.1361,  0.0238,  0.1386,  0.0277,  0.0817,  0.1134,  0.1182,
        -0.0792,  0.1300,  0.0857, -0.0661, -0.0675, -0.1186,  0.0355, -0.1146,
         0.0597,  0.0447, -0.1229,  0.0385, -0.0115,  0.0646,  0.0811, -0.1406,
         0.1297,  0.1186,  0.0563, -0.1293, -0.0505, -0.0410, -0.0363,  0.0798,
         0.0514,  0.1120, -0.0530,  0.0476,  0.0503, -0.1177, -0.1372, -0.0734,
         0.0968, -0.1331, -0.1231,  0.0792,  0.0763,  0.1163, -0.1068, -0.1035,
         0.0725,  0.1230,  0.0846,  0.0222,  0.0466,  0.1342, -0.0912, -0.0642,
         0.0989, -0.0968, -0.0780,  0.1032,  0.0446,  0.0457, -0.0599, -0.0020,
         0.1294, -0.0849,  0.0011,  0.0673, -0.0976,  0.1373, -0.0707, -0.0340,
        -0.0383, -0.0922, -0.1388,  0.0797,  0.0376, -0.1325, -0.0910,  0.1398,
         0.0541,  0.0567, -0.0846, -0.0620, -0.0213], device='cuda:0',
       requires_grad=True)
rank: flatten_data 0 tensor([ 0.1136, -0.0791,  0.1173,  0.0091,  0.0284,  0.1103, -0.0233, -0.0805,
        -0.0229,  0.1147, -0.1049,  0.0321, -0.1390,  0.0741,  0.0523,  0.0060,
         0.0607,  0.0002,  0.0783, -0.1120, -0.0208,  0.0627,  0.1408,  0.0720,
        -0.1028,  0.1088, -0.0315, -0.0302, -0.1285, -0.0223,  0.1000,  0.0197,
        -0.0824,  0.0435, -0.0453,  0.1291, -0.1227, -0.0447, -0.1366, -0.0557,
         0.0446,  0.1361,  0.0238,  0.1386,  0.0277,  0.0817,  0.1134,  0.1182,
        -0.0792,  0.1300,  0.0857, -0.0661, -0.0675, -0.1186,  0.0355, -0.1146,
         0.0597,  0.0447, -0.1229,  0.0385, -0.0115,  0.0646,  0.0811, -0.1406,
         0.1297,  0.1186,  0.0563, -0.1293, -0.0505, -0.0410, -0.0363,  0.0798,
         0.0514,  0.1120, -0.0530,  0.0476,  0.0503, -0.1177, -0.1372, -0.0734,
         0.0968, -0.1331, -0.1231,  0.0792,  0.0763,  0.1163, -0.1068, -0.1035,
         0.0725,  0.1230,  0.0846,  0.0222,  0.0466,  0.1342, -0.0912, -0.0642,
         0.0989, -0.0968, -0.0780,  0.1032,  0.0446,  0.0457, -0.0599, -0.0020,
         0.1294, -0.0849,  0.0011,  0.0673, -0.0976,  0.1373, -0.0707, -0.0340,
        -0.0383, -0.0922, -0.1388,  0.0797,  0.0376, -0.1325, -0.0910,  0.1398,
         0.0541,  0.0567, -0.0846, -0.0620, -0.0213, -0.0259, -0.0969,  0.0117,
         0.0141, -0.0179,  0.0196, -0.0561,  0.0368,  0.0533, -0.0745, -0.1402,
         0.0740,  0.0337, -0.0719,  0.1363, -0.0640,  0.0956,  0.0717, -0.1186,
         0.0912, -0.1300, -0.0783, -0.0236, -0.0953,  0.1382, -0.0284,  0.0562,
        -0.1263,  0.0814, -0.0440, -0.1076,  0.0207,  0.0685,  0.1224, -0.0864,
        -0.0696,  0.0272,  0.0384,  0.0544,  0.0776, -0.0321,  0.0786,  0.1043,
        -0.0369,  0.1006,  0.0691,  0.1247, -0.0804, -0.0698, -0.0409,  0.0072,
         0.0849, -0.0807,  0.0708, -0.0507,  0.0854, -0.0067, -0.1239, -0.0778,
        -0.1024,  0.0701, -0.0948, -0.0118,  0.0305, -0.0776,  0.0408, -0.1381,
        -0.1012, -0.1281, -0.0428, -0.0515,  0.0203, -0.0262,  0.0665,  0.1297,
         0.0507, -0.0557, -0.1324,  0.0512, -0.0701,  0.0720,  0.0945,  0.0545,
         0.1327,  0.1343,  0.0299, -0.1030,  0.1264, -0.0671, -0.0668,  0.1183,
         0.1096,  0.0427,  0.0089, -0.1190, -0.0147,  0.1356,  0.0360,  0.0121,
        -0.0294, -0.0493,  0.0843,  0.0087,  0.0920, -0.0250,  0.0618,  0.0584,
         0.0226,  0.0889,  0.0886,  0.1311,  0.1087, -0.0362, -0.1197,  0.0259,
        -0.0012, -0.0369, -0.0237,  0.0067,  0.1032,  0.0441, -0.0502, -0.0582,
        -0.0350, -0.0547], device='cuda:0')
rank: local_param 0 tensor([2.], device='cuda:0', requires_grad=True)
rank: flatten_data 0 tensor([2., 2.], device='cuda:0')
rank: local_param 0 tensor([ 0.2418,  0.2625, -0.0741,  0.2905, -0.0693,  0.0638, -0.1540,  0.1857,
         0.2788, -0.2320,  0.2749,  0.0592,  0.2336,  0.0428,  0.1525, -0.0446,
         0.2438,  0.0467, -0.1476,  0.0806, -0.1457, -0.0371, -0.1284,  0.2098,
        -0.2496, -0.1458, -0.0893, -0.1901,  0.0298, -0.3123,  0.2856, -0.2686,
         0.2441,  0.0526, -0.1027,  0.1954,  0.0493,  0.2555,  0.0346, -0.0997,
         0.0850, -0.0858,  0.1331,  0.2823,  0.1828, -0.1382,  0.1825,  0.0566,
         0.1606, -0.1927], device='cuda:0', requires_grad=True)
rank: flatten_data 0 tensor([ 0.2418,  0.2625, -0.0741,  0.2905, -0.0693,  0.0638, -0.1540,  0.1857,
         0.2788, -0.2320,  0.2749,  0.0592,  0.2336,  0.0428,  0.1525, -0.0446,
         0.2438,  0.0467, -0.1476,  0.0806, -0.1457, -0.0371, -0.1284,  0.2098,
        -0.2496, -0.1458, -0.0893, -0.1901,  0.0298, -0.3123,  0.2856, -0.2686,
         0.2441,  0.0526, -0.1027,  0.1954,  0.0493,  0.2555,  0.0346, -0.0997,
         0.0850, -0.0858,  0.1331,  0.2823,  0.1828, -0.1382,  0.1825,  0.0566,
         0.1606, -0.1927, -0.3130, -0.1222, -0.2426,  0.2595,  0.0911,  0.1310,
         0.1000, -0.0055,  0.2475, -0.2247,  0.0199, -0.2158,  0.0975, -0.1089,
         0.0969, -0.0659,  0.2623, -0.1874, -0.1886, -0.1886,  0.2844,  0.1054,
         0.3043, -0.2610, -0.3137, -0.2474, -0.2127,  0.1281,  0.1132,  0.2628,
        -0.1633, -0.2156,  0.1678, -0.1278,  0.1919, -0.0750,  0.1809, -0.2457,
        -0.1596,  0.0964,  0.0669, -0.0806,  0.1885,  0.2150, -0.2293, -0.1688,
         0.2896, -0.1067, -0.1121, -0.3060], device='cuda:0')
rank: local_param 0 tensor([-0.1811,  0.0790, -0.0417, -0.2295,  0.0074, -0.2160, -0.2683, -0.1741,
        -0.2768, -0.2014,  0.3161,  0.0597,  0.0974, -0.2949, -0.2077, -0.1053,
         0.0494, -0.2783, -0.1363, -0.1893,  0.0009, -0.1177, -0.0219, -0.2143,
        -0.2171, -0.1845, -0.1082, -0.2496,  0.2651, -0.0628,  0.2721,  0.0985,
        -0.2678,  0.2188, -0.0870, -0.1212, -0.2625, -0.3144,  0.0905, -0.0691,
         0.1231, -0.2595,  0.2348, -0.2321, -0.0546,  0.0661,  0.1633,  0.2553,
         0.2881, -0.2507,  0.0796, -0.1360, -0.0347, -0.2367,  0.2880, -0.2321,
         0.1690,  0.1111,  0.1028, -0.1710,  0.2874,  0.0695,  0.0407, -0.2787,
         0.1327, -0.0474, -0.1449,  0.2716,  0.0705, -0.1750, -0.1601, -0.0151,
         0.1766, -0.0808, -0.1804, -0.1083, -0.2362,  0.1128,  0.2448, -0.2977,
         0.0734,  0.1634,  0.0573, -0.1126,  0.1651,  0.1662,  0.1182, -0.0556,
        -0.0837,  0.0338, -0.0559, -0.0942,  0.2021,  0.2718, -0.0313, -0.0708,
         0.0046, -0.0189,  0.0760,  0.0886, -0.2872, -0.1167,  0.2663,  0.1232,
        -0.0157, -0.1907, -0.1935, -0.2833, -0.1031,  0.1068,  0.2016,  0.1460,
        -0.2795, -0.1902, -0.0499,  0.3059,  0.0457, -0.0819,  0.1308, -0.1204,
        -0.2047,  0.2308, -0.1438, -0.0634, -0.3146,  0.2116,  0.2396,  0.1152,
        -0.2205, -0.3121, -0.2568,  0.2358,  0.1518,  0.2661,  0.1657,  0.0800,
        -0.0031, -0.2405, -0.2709, -0.2958,  0.1295, -0.1553, -0.0636, -0.1820,
        -0.0576, -0.2226, -0.2066,  0.1049, -0.0940,  0.1952, -0.1014, -0.2320,
        -0.0558, -0.1533, -0.0967, -0.3010,  0.1769, -0.2202,  0.1589,  0.1435,
         0.2259, -0.2426,  0.2274, -0.1495,  0.1173,  0.2970, -0.0446, -0.0024,
        -0.0728, -0.2640,  0.1518, -0.3139,  0.1963,  0.2366,  0.2991, -0.0746,
        -0.2598,  0.0711,  0.1747, -0.3147, -0.0718, -0.1896, -0.0277, -0.1557,
        -0.1293, -0.1004, -0.3005,  0.2595,  0.2651, -0.0496, -0.0360, -0.1291,
        -0.2856, -0.3077,  0.1175, -0.1736, -0.2033, -0.0247, -0.1053, -0.1023,
         0.0102, -0.0671, -0.1089, -0.1514, -0.2574,  0.2652, -0.1266,  0.0838,
        -0.1097,  0.0257,  0.2948,  0.1457, -0.2740,  0.1255,  0.3002,  0.0832,
         0.2120,  0.3118, -0.0485,  0.0656, -0.2198, -0.0652,  0.2342,  0.1621,
        -0.2001, -0.2536, -0.2161, -0.3121, -0.2440, -0.0782,  0.2134,  0.0529,
        -0.2405, -0.2537,  0.1573, -0.2352, -0.0389,  0.1517, -0.1464, -0.0345,
        -0.0275, -0.0748, -0.1603, -0.2819, -0.2556, -0.1693,  0.3054, -0.1527,
        -0.2124,  0.0767], device='cuda:0', requires_grad=True)
rank: flatten_data 1 tensor([-0.1811,  0.0790, -0.0417, -0.2295,  0.0074, -0.2160, -0.2683, -0.1741,
        -0.2768, -0.2014,  0.3161,  0.0597,  0.0974, -0.2949, -0.2077, -0.1053,
         0.0494, -0.2783, -0.1363, -0.1893,  0.0009, -0.1177, -0.0219, -0.2143,
        -0.2171, -0.1845, -0.1082, -0.2496,  0.2651, -0.0628,  0.2721,  0.0985,
        -0.2678,  0.2188, -0.0870, -0.1212, -0.2625, -0.3144,  0.0905, -0.0691,
         0.1231, -0.2595,  0.2348, -0.2321, -0.0546,  0.0661,  0.1633,  0.2553,
         0.2881, -0.2507,  0.0796, -0.1360, -0.0347, -0.2367,  0.2880, -0.2321,
         0.1690,  0.1111,  0.1028, -0.1710,  0.2874,  0.0695,  0.0407, -0.2787,
         0.1327, -0.0474, -0.1449,  0.2716,  0.0705, -0.1750, -0.1601, -0.0151,
         0.1766, -0.0808, -0.1804, -0.1083, -0.2362,  0.1128,  0.2448, -0.2977,
         0.0734,  0.1634,  0.0573, -0.1126,  0.1651,  0.1662,  0.1182, -0.0556,
        -0.0837,  0.0338, -0.0559, -0.0942,  0.2021,  0.2718, -0.0313, -0.0708,
         0.0046, -0.0189,  0.0760,  0.0886, -0.2872, -0.1167,  0.2663,  0.1232,
        -0.0157, -0.1907, -0.1935, -0.2833, -0.1031,  0.1068,  0.2016,  0.1460,
        -0.2795, -0.1902, -0.0499,  0.3059,  0.0457, -0.0819,  0.1308, -0.1204,
        -0.2047,  0.2308, -0.1438, -0.0634, -0.3146,  0.2116,  0.2396,  0.1152,
        -0.2205, -0.3121, -0.2568,  0.2358,  0.1518,  0.2661,  0.1657,  0.0800,
        -0.0031, -0.2405, -0.2709, -0.2958,  0.1295, -0.1553, -0.0636, -0.1820,
        -0.0576, -0.2226, -0.2066,  0.1049, -0.0940,  0.1952, -0.1014, -0.2320,
        -0.0558, -0.1533, -0.0967, -0.3010,  0.1769, -0.2202,  0.1589,  0.1435,
         0.2259, -0.2426,  0.2274, -0.1495,  0.1173,  0.2970, -0.0446, -0.0024,
        -0.0728, -0.2640,  0.1518, -0.3139,  0.1963,  0.2366,  0.2991, -0.0746,
        -0.2598,  0.0711,  0.1747, -0.3147, -0.0718, -0.1896, -0.0277, -0.1557,
        -0.1293, -0.1004, -0.3005,  0.2595,  0.2651, -0.0496, -0.0360, -0.1291,
        -0.2856, -0.3077,  0.1175, -0.1736, -0.2033, -0.0247, -0.1053, -0.1023,
         0.0102, -0.0671, -0.1089, -0.1514, -0.2574,  0.2652, -0.1266,  0.0838,
        -0.1097,  0.0257,  0.2948,  0.1457, -0.2740,  0.1255,  0.3002,  0.0832,
         0.2120,  0.3118, -0.0485,  0.0656, -0.2198, -0.0652,  0.2342,  0.1621,
        -0.2001, -0.2536, -0.2161, -0.3121, -0.2440, -0.0782,  0.2134,  0.0529,
        -0.2405, -0.2537,  0.1573, -0.2352, -0.0389,  0.1517, -0.1464, -0.0345,
        -0.0275, -0.0748, -0.1603, -0.2819, -0.2556, -0.1693,  0.3054, -0.1527,
        -0.2124,  0.0767,  0.0872,  0.1733,  0.2404,  0.1761, -0.3135,  0.0280,
         0.1916, -0.0292, -0.1863,  0.3015, -0.1183, -0.1800, -0.2851,  0.0141,
         0.1401,  0.0700,  0.0625, -0.2398, -0.2953,  0.0056,  0.2883,  0.1824,
        -0.1841, -0.0410, -0.2331, -0.1526,  0.0573,  0.1722,  0.2620, -0.2903,
         0.2114, -0.2230,  0.1184,  0.2676,  0.0044,  0.2877, -0.2694, -0.1208,
         0.1844, -0.0689, -0.0647, -0.1318,  0.2180,  0.1551,  0.1013, -0.1777,
        -0.2567,  0.0342,  0.0937, -0.1460, -0.0885,  0.2136,  0.0252,  0.0143,
        -0.0778, -0.2864, -0.2973, -0.1512, -0.1607,  0.0985, -0.0921, -0.1237,
         0.3015,  0.1101,  0.2254, -0.1531, -0.1292,  0.1162, -0.2107, -0.2067,
        -0.0153, -0.1157, -0.2371,  0.1876,  0.2543,  0.0513, -0.0551, -0.2929,
        -0.1152,  0.0805,  0.1491, -0.0400, -0.1250,  0.1762, -0.2518,  0.1999,
        -0.1227,  0.0048, -0.0625,  0.0383, -0.0956,  0.2299, -0.0082,  0.2468,
         0.3040, -0.1541, -0.2307,  0.2537,  0.2478, -0.2415, -0.0244, -0.3118,
        -0.2589,  0.0611,  0.0841,  0.0670, -0.0861,  0.2917,  0.0452, -0.1866,
        -0.0179,  0.0759,  0.1107, -0.2236,  0.1185, -0.1616, -0.2628, -0.1727,
         0.3050,  0.2703,  0.2832,  0.1856,  0.2389, -0.0423, -0.1740,  0.1580,
        -0.1639, -0.2134, -0.1010,  0.0664,  0.1628, -0.1228, -0.1861,  0.0427,
        -0.1864, -0.2059,  0.1648, -0.0531,  0.2890,  0.3076,  0.0946,  0.1088,
         0.0728,  0.0050, -0.0230,  0.0043,  0.1181,  0.2940, -0.0820, -0.1337,
        -0.0766, -0.1528,  0.0538,  0.2360,  0.2473,  0.1452, -0.2327, -0.1697,
        -0.0695, -0.0583,  0.0260, -0.2903,  0.0984, -0.2412, -0.2001, -0.2629,
         0.2755, -0.2994,  0.2386, -0.0106, -0.0368,  0.1978, -0.0292,  0.1983,
         0.2286, -0.2746,  0.1217,  0.0597,  0.0680,  0.0462,  0.0865, -0.1521,
        -0.0405,  0.3005,  0.2125, -0.0119, -0.2974,  0.0139, -0.2153,  0.2572,
        -0.1920, -0.0228, -0.0702,  0.0563,  0.2976,  0.0300,  0.1831,  0.2455,
         0.2553, -0.1092, -0.0707,  0.1524, -0.0863,  0.1481, -0.0691, -0.2145,
         0.1287,  0.0485,  0.1410,  0.3142,  0.2159,  0.2998,  0.0169, -0.2720,
        -0.2218, -0.1964, -0.2787, -0.1585, -0.2911, -0.2918, -0.1890, -0.3117,
        -0.1941,  0.1206,  0.2638, -0.0941, -0.0920,  0.1689, -0.1560, -0.1495,
         0.1948, -0.2755,  0.0387,  0.2793,  0.0542,  0.0860, -0.1842, -0.0044,
         0.0174,  0.0776,  0.1229,  0.2748, -0.2414,  0.0095, -0.1580, -0.2502,
        -0.0253, -0.2784,  0.2207,  0.0366], device='cuda:1')
rank: local_param 1 tensor([-0.1964, -0.0392,  0.1287, -0.3093,  0.0939, -0.2091, -0.1543,  0.1214,
         0.2514, -0.0864, -0.1298, -0.2859, -0.1631, -0.2769, -0.0724,  0.0645,
        -0.2963,  0.2761,  0.1984, -0.3096, -0.1510,  0.1031, -0.0650, -0.0345,
        -0.1428], device='cuda:1', requires_grad=True)
rank: flatten_data 1 tensor([-0.1704,  0.1653, -0.2993, -0.1223, -0.0616, -0.2687, -0.2011, -0.0516,
         0.2399,  0.3054,  0.2012, -0.1888, -0.2069,  0.2760,  0.1119,  0.0084,
         0.0428, -0.2542, -0.1056,  0.3044, -0.0780, -0.0159, -0.2626, -0.1769,
        -0.0065, -0.1964, -0.0392,  0.1287, -0.3093,  0.0939, -0.2091, -0.1543,
         0.1214,  0.2514, -0.0864, -0.1298, -0.2859, -0.1631, -0.2769, -0.0724,
         0.0645, -0.2963,  0.2761,  0.1984, -0.3096, -0.1510,  0.1031, -0.0650,
        -0.0345, -0.1428], device='cuda:1')
rank: local_param 1 tensor([-0.0259, -0.0969,  0.0117,  0.0141, -0.0179,  0.0196, -0.0561,  0.0368,
         0.0533, -0.0745, -0.1402,  0.0740,  0.0337, -0.0719,  0.1363, -0.0640,
         0.0956,  0.0717, -0.1186,  0.0912, -0.1300, -0.0783, -0.0236, -0.0953,
         0.1382, -0.0284,  0.0562, -0.1263,  0.0814, -0.0440, -0.1076,  0.0207,
         0.0685,  0.1224, -0.0864, -0.0696,  0.0272,  0.0384,  0.0544,  0.0776,
        -0.0321,  0.0786,  0.1043, -0.0369,  0.1006,  0.0691,  0.1247, -0.0804,
        -0.0698, -0.0409,  0.0072,  0.0849, -0.0807,  0.0708, -0.0507,  0.0854,
        -0.0067, -0.1239, -0.0778, -0.1024,  0.0701, -0.0948, -0.0118,  0.0305,
        -0.0776,  0.0408, -0.1381, -0.1012, -0.1281, -0.0428, -0.0515,  0.0203,
        -0.0262,  0.0665,  0.1297,  0.0507, -0.0557, -0.1324,  0.0512, -0.0701,
         0.0720,  0.0945,  0.0545,  0.1327,  0.1343,  0.0299, -0.1030,  0.1264,
        -0.0671, -0.0668,  0.1183,  0.1096,  0.0427,  0.0089, -0.1190, -0.0147,
         0.1356,  0.0360,  0.0121, -0.0294, -0.0493,  0.0843,  0.0087,  0.0920,
        -0.0250,  0.0618,  0.0584,  0.0226,  0.0889,  0.0886,  0.1311,  0.1087,
        -0.0362, -0.1197,  0.0259, -0.0012, -0.0369, -0.0237,  0.0067,  0.1032,
         0.0441, -0.0502, -0.0582, -0.0350, -0.0547], device='cuda:1',
       requires_grad=True)
rank: flatten_data 1 tensor([ 0.1136, -0.0791,  0.1173,  0.0091,  0.0284,  0.1103, -0.0233, -0.0805,
        -0.0229,  0.1147, -0.1049,  0.0321, -0.1390,  0.0741,  0.0523,  0.0060,
         0.0607,  0.0002,  0.0783, -0.1120, -0.0208,  0.0627,  0.1408,  0.0720,
        -0.1028,  0.1088, -0.0315, -0.0302, -0.1285, -0.0223,  0.1000,  0.0197,
        -0.0824,  0.0435, -0.0453,  0.1291, -0.1227, -0.0447, -0.1366, -0.0557,
         0.0446,  0.1361,  0.0238,  0.1386,  0.0277,  0.0817,  0.1134,  0.1182,
        -0.0792,  0.1300,  0.0857, -0.0661, -0.0675, -0.1186,  0.0355, -0.1146,
         0.0597,  0.0447, -0.1229,  0.0385, -0.0115,  0.0646,  0.0811, -0.1406,
         0.1297,  0.1186,  0.0563, -0.1293, -0.0505, -0.0410, -0.0363,  0.0798,
         0.0514,  0.1120, -0.0530,  0.0476,  0.0503, -0.1177, -0.1372, -0.0734,
         0.0968, -0.1331, -0.1231,  0.0792,  0.0763,  0.1163, -0.1068, -0.1035,
         0.0725,  0.1230,  0.0846,  0.0222,  0.0466,  0.1342, -0.0912, -0.0642,
         0.0989, -0.0968, -0.0780,  0.1032,  0.0446,  0.0457, -0.0599, -0.0020,
         0.1294, -0.0849,  0.0011,  0.0673, -0.0976,  0.1373, -0.0707, -0.0340,
        -0.0383, -0.0922, -0.1388,  0.0797,  0.0376, -0.1325, -0.0910,  0.1398,
         0.0541,  0.0567, -0.0846, -0.0620, -0.0213, -0.0259, -0.0969,  0.0117,
         0.0141, -0.0179,  0.0196, -0.0561,  0.0368,  0.0533, -0.0745, -0.1402,
         0.0740,  0.0337, -0.0719,  0.1363, -0.0640,  0.0956,  0.0717, -0.1186,
         0.0912, -0.1300, -0.0783, -0.0236, -0.0953,  0.1382, -0.0284,  0.0562,
        -0.1263,  0.0814, -0.0440, -0.1076,  0.0207,  0.0685,  0.1224, -0.0864,
        -0.0696,  0.0272,  0.0384,  0.0544,  0.0776, -0.0321,  0.0786,  0.1043,
        -0.0369,  0.1006,  0.0691,  0.1247, -0.0804, -0.0698, -0.0409,  0.0072,
         0.0849, -0.0807,  0.0708, -0.0507,  0.0854, -0.0067, -0.1239, -0.0778,
        -0.1024,  0.0701, -0.0948, -0.0118,  0.0305, -0.0776,  0.0408, -0.1381,
        -0.1012, -0.1281, -0.0428, -0.0515,  0.0203, -0.0262,  0.0665,  0.1297,
         0.0507, -0.0557, -0.1324,  0.0512, -0.0701,  0.0720,  0.0945,  0.0545,
         0.1327,  0.1343,  0.0299, -0.1030,  0.1264, -0.0671, -0.0668,  0.1183,
         0.1096,  0.0427,  0.0089, -0.1190, -0.0147,  0.1356,  0.0360,  0.0121,
        -0.0294, -0.0493,  0.0843,  0.0087,  0.0920, -0.0250,  0.0618,  0.0584,
         0.0226,  0.0889,  0.0886,  0.1311,  0.1087, -0.0362, -0.1197,  0.0259,
        -0.0012, -0.0369, -0.0237,  0.0067,  0.1032,  0.0441, -0.0502, -0.0582,
        -0.0350, -0.0547], device='cuda:1')
rank: flatten_data 0 tensor([-0.1811,  0.0790, -0.0417, -0.2295,  0.0074, -0.2160, -0.2683, -0.1741,
        -0.2768, -0.2014,  0.3161,  0.0597,  0.0974, -0.2949, -0.2077, -0.1053,
         0.0494, -0.2783, -0.1363, -0.1893,  0.0009, -0.1177, -0.0219, -0.2143,
        -0.2171, -0.1845, -0.1082, -0.2496,  0.2651, -0.0628,  0.2721,  0.0985,
        -0.2678,  0.2188, -0.0870, -0.1212, -0.2625, -0.3144,  0.0905, -0.0691,
         0.1231, -0.2595,  0.2348, -0.2321, -0.0546,  0.0661,  0.1633,  0.2553,
         0.2881, -0.2507,  0.0796, -0.1360, -0.0347, -0.2367,  0.2880, -0.2321,
         0.1690,  0.1111,  0.1028, -0.1710,  0.2874,  0.0695,  0.0407, -0.2787,
         0.1327, -0.0474, -0.1449,  0.2716,  0.0705, -0.1750, -0.1601, -0.0151,
         0.1766, -0.0808, -0.1804, -0.1083, -0.2362,  0.1128,  0.2448, -0.2977,
         0.0734,  0.1634,  0.0573, -0.1126,  0.1651,  0.1662,  0.1182, -0.0556,
        -0.0837,  0.0338, -0.0559, -0.0942,  0.2021,  0.2718, -0.0313, -0.0708,
         0.0046, -0.0189,  0.0760,  0.0886, -0.2872, -0.1167,  0.2663,  0.1232,
        -0.0157, -0.1907, -0.1935, -0.2833, -0.1031,  0.1068,  0.2016,  0.1460,
        -0.2795, -0.1902, -0.0499,  0.3059,  0.0457, -0.0819,  0.1308, -0.1204,
        -0.2047,  0.2308, -0.1438, -0.0634, -0.3146,  0.2116,  0.2396,  0.1152,
        -0.2205, -0.3121, -0.2568,  0.2358,  0.1518,  0.2661,  0.1657,  0.0800,
        -0.0031, -0.2405, -0.2709, -0.2958,  0.1295, -0.1553, -0.0636, -0.1820,
        -0.0576, -0.2226, -0.2066,  0.1049, -0.0940,  0.1952, -0.1014, -0.2320,
        -0.0558, -0.1533, -0.0967, -0.3010,  0.1769, -0.2202,  0.1589,  0.1435,
         0.2259, -0.2426,  0.2274, -0.1495,  0.1173,  0.2970, -0.0446, -0.0024,
        -0.0728, -0.2640,  0.1518, -0.3139,  0.1963,  0.2366,  0.2991, -0.0746,
        -0.2598,  0.0711,  0.1747, -0.3147, -0.0718, -0.1896, -0.0277, -0.1557,
        -0.1293, -0.1004, -0.3005,  0.2595,  0.2651, -0.0496, -0.0360, -0.1291,
        -0.2856, -0.3077,  0.1175, -0.1736, -0.2033, -0.0247, -0.1053, -0.1023,
         0.0102, -0.0671, -0.1089, -0.1514, -0.2574,  0.2652, -0.1266,  0.0838,
        -0.1097,  0.0257,  0.2948,  0.1457, -0.2740,  0.1255,  0.3002,  0.0832,
         0.2120,  0.3118, -0.0485,  0.0656, -0.2198, -0.0652,  0.2342,  0.1621,
        -0.2001, -0.2536, -0.2161, -0.3121, -0.2440, -0.0782,  0.2134,  0.0529,
        -0.2405, -0.2537,  0.1573, -0.2352, -0.0389,  0.1517, -0.1464, -0.0345,
        -0.0275, -0.0748, -0.1603, -0.2819, -0.2556, -0.1693,  0.3054, -0.1527,
        -0.2124,  0.0767,  0.0872,  0.1733,  0.2404,  0.1761, -0.3135,  0.0280,
         0.1916, -0.0292, -0.1863,  0.3015, -0.1183, -0.1800, -0.2851,  0.0141,
         0.1401,  0.0700,  0.0625, -0.2398, -0.2953,  0.0056,  0.2883,  0.1824,
        -0.1841, -0.0410, -0.2331, -0.1526,  0.0573,  0.1722,  0.2620, -0.2903,
         0.2114, -0.2230,  0.1184,  0.2676,  0.0044,  0.2877, -0.2694, -0.1208,
         0.1844, -0.0689, -0.0647, -0.1318,  0.2180,  0.1551,  0.1013, -0.1777,
        -0.2567,  0.0342,  0.0937, -0.1460, -0.0885,  0.2136,  0.0252,  0.0143,
        -0.0778, -0.2864, -0.2973, -0.1512, -0.1607,  0.0985, -0.0921, -0.1237,
         0.3015,  0.1101,  0.2254, -0.1531, -0.1292,  0.1162, -0.2107, -0.2067,
        -0.0153, -0.1157, -0.2371,  0.1876,  0.2543,  0.0513, -0.0551, -0.2929,
        -0.1152,  0.0805,  0.1491, -0.0400, -0.1250,  0.1762, -0.2518,  0.1999,
        -0.1227,  0.0048, -0.0625,  0.0383, -0.0956,  0.2299, -0.0082,  0.2468,
         0.3040, -0.1541, -0.2307,  0.2537,  0.2478, -0.2415, -0.0244, -0.3118,
        -0.2589,  0.0611,  0.0841,  0.0670, -0.0861,  0.2917,  0.0452, -0.1866,
        -0.0179,  0.0759,  0.1107, -0.2236,  0.1185, -0.1616, -0.2628, -0.1727,
         0.3050,  0.2703,  0.2832,  0.1856,  0.2389, -0.0423, -0.1740,  0.1580,
        -0.1639, -0.2134, -0.1010,  0.0664,  0.1628, -0.1228, -0.1861,  0.0427,
        -0.1864, -0.2059,  0.1648, -0.0531,  0.2890,  0.3076,  0.0946,  0.1088,
         0.0728,  0.0050, -0.0230,  0.0043,  0.1181,  0.2940, -0.0820, -0.1337,
        -0.0766, -0.1528,  0.0538,  0.2360,  0.2473,  0.1452, -0.2327, -0.1697,
        -0.0695, -0.0583,  0.0260, -0.2903,  0.0984, -0.2412, -0.2001, -0.2629,
         0.2755, -0.2994,  0.2386, -0.0106, -0.0368,  0.1978, -0.0292,  0.1983,
         0.2286, -0.2746,  0.1217,  0.0597,  0.0680,  0.0462,  0.0865, -0.1521,
        -0.0405,  0.3005,  0.2125, -0.0119, -0.2974,  0.0139, -0.2153,  0.2572,
        -0.1920, -0.0228, -0.0702,  0.0563,  0.2976,  0.0300,  0.1831,  0.2455,
         0.2553, -0.1092, -0.0707,  0.1524, -0.0863,  0.1481, -0.0691, -0.2145,
         0.1287,  0.0485,  0.1410,  0.3142,  0.2159,  0.2998,  0.0169, -0.2720,
        -0.2218, -0.1964, -0.2787, -0.1585, -0.2911, -0.2918, -0.1890, -0.3117,
        -0.1941,  0.1206,  0.2638, -0.0941, -0.0920,  0.1689, -0.1560, -0.1495,
         0.1948, -0.2755,  0.0387,  0.2793,  0.0542,  0.0860, -0.1842, -0.0044,
         0.0174,  0.0776,  0.1229,  0.2748, -0.2414,  0.0095, -0.1580, -0.2502,
        -0.0253, -0.2784,  0.2207,  0.0366], device='cuda:0')
rank: local_param 0 tensor([-0.1704,  0.1653, -0.2993, -0.1223, -0.0616, -0.2687, -0.2011, -0.0516,
         0.2399,  0.3054,  0.2012, -0.1888, -0.2069,  0.2760,  0.1119,  0.0084,
         0.0428, -0.2542, -0.1056,  0.3044, -0.0780, -0.0159, -0.2626, -0.1769,
        -0.0065], device='cuda:0', requires_grad=True)
rank: flatten_data 0 tensor([-0.1704,  0.1653, -0.2993, -0.1223, -0.0616, -0.2687, -0.2011, -0.0516,
         0.2399,  0.3054,  0.2012, -0.1888, -0.2069,  0.2760,  0.1119,  0.0084,
         0.0428, -0.2542, -0.1056,  0.3044, -0.0780, -0.0159, -0.2626, -0.1769,
        -0.0065, -0.1964, -0.0392,  0.1287, -0.3093,  0.0939, -0.2091, -0.1543,
         0.1214,  0.2514, -0.0864, -0.1298, -0.2859, -0.1631, -0.2769, -0.0724,
         0.0645, -0.2963,  0.2761,  0.1984, -0.3096, -0.1510,  0.1031, -0.0650,
        -0.0345, -0.1428], device='cuda:0')
rank: local_param 0 tensor([ 0.1136, -0.0791,  0.1173,  0.0091,  0.0284,  0.1103, -0.0233, -0.0805,
        -0.0229,  0.1147, -0.1049,  0.0321, -0.1390,  0.0741,  0.0523,  0.0060,
         0.0607,  0.0002,  0.0783, -0.1120, -0.0208,  0.0627,  0.1408,  0.0720,
        -0.1028,  0.1088, -0.0315, -0.0302, -0.1285, -0.0223,  0.1000,  0.0197,
        -0.0824,  0.0435, -0.0453,  0.1291, -0.1227, -0.0447, -0.1366, -0.0557,
         0.0446,  0.1361,  0.0238,  0.1386,  0.0277,  0.0817,  0.1134,  0.1182,
        -0.0792,  0.1300,  0.0857, -0.0661, -0.0675, -0.1186,  0.0355, -0.1146,
         0.0597,  0.0447, -0.1229,  0.0385, -0.0115,  0.0646,  0.0811, -0.1406,
         0.1297,  0.1186,  0.0563, -0.1293, -0.0505, -0.0410, -0.0363,  0.0798,
         0.0514,  0.1120, -0.0530,  0.0476,  0.0503, -0.1177, -0.1372, -0.0734,
         0.0968, -0.1331, -0.1231,  0.0792,  0.0763,  0.1163, -0.1068, -0.1035,
         0.0725,  0.1230,  0.0846,  0.0222,  0.0466,  0.1342, -0.0912, -0.0642,
         0.0989, -0.0968, -0.0780,  0.1032,  0.0446,  0.0457, -0.0599, -0.0020,
         0.1294, -0.0849,  0.0011,  0.0673, -0.0976,  0.1373, -0.0707, -0.0340,
        -0.0383, -0.0922, -0.1388,  0.0797,  0.0376, -0.1325, -0.0910,  0.1398,
         0.0541,  0.0567, -0.0846, -0.0620, -0.0213], device='cuda:0',
       requires_grad=True)
rank: flatten_data 0 tensor([ 0.1136, -0.0791,  0.1173,  0.0091,  0.0284,  0.1103, -0.0233, -0.0805,
        -0.0229,  0.1147, -0.1049,  0.0321, -0.1390,  0.0741,  0.0523,  0.0060,
         0.0607,  0.0002,  0.0783, -0.1120, -0.0208,  0.0627,  0.1408,  0.0720,
        -0.1028,  0.1088, -0.0315, -0.0302, -0.1285, -0.0223,  0.1000,  0.0197,
        -0.0824,  0.0435, -0.0453,  0.1291, -0.1227, -0.0447, -0.1366, -0.0557,
         0.0446,  0.1361,  0.0238,  0.1386,  0.0277,  0.0817,  0.1134,  0.1182,
        -0.0792,  0.1300,  0.0857, -0.0661, -0.0675, -0.1186,  0.0355, -0.1146,
         0.0597,  0.0447, -0.1229,  0.0385, -0.0115,  0.0646,  0.0811, -0.1406,
         0.1297,  0.1186,  0.0563, -0.1293, -0.0505, -0.0410, -0.0363,  0.0798,
         0.0514,  0.1120, -0.0530,  0.0476,  0.0503, -0.1177, -0.1372, -0.0734,
         0.0968, -0.1331, -0.1231,  0.0792,  0.0763,  0.1163, -0.1068, -0.1035,
         0.0725,  0.1230,  0.0846,  0.0222,  0.0466,  0.1342, -0.0912, -0.0642,
         0.0989, -0.0968, -0.0780,  0.1032,  0.0446,  0.0457, -0.0599, -0.0020,
         0.1294, -0.0849,  0.0011,  0.0673, -0.0976,  0.1373, -0.0707, -0.0340,
        -0.0383, -0.0922, -0.1388,  0.0797,  0.0376, -0.1325, -0.0910,  0.1398,
         0.0541,  0.0567, -0.0846, -0.0620, -0.0213, -0.0259, -0.0969,  0.0117,
         0.0141, -0.0179,  0.0196, -0.0561,  0.0368,  0.0533, -0.0745, -0.1402,
         0.0740,  0.0337, -0.0719,  0.1363, -0.0640,  0.0956,  0.0717, -0.1186,
         0.0912, -0.1300, -0.0783, -0.0236, -0.0953,  0.1382, -0.0284,  0.0562,
        -0.1263,  0.0814, -0.0440, -0.1076,  0.0207,  0.0685,  0.1224, -0.0864,
        -0.0696,  0.0272,  0.0384,  0.0544,  0.0776, -0.0321,  0.0786,  0.1043,
        -0.0369,  0.1006,  0.0691,  0.1247, -0.0804, -0.0698, -0.0409,  0.0072,
         0.0849, -0.0807,  0.0708, -0.0507,  0.0854, -0.0067, -0.1239, -0.0778,
        -0.1024,  0.0701, -0.0948, -0.0118,  0.0305, -0.0776,  0.0408, -0.1381,
        -0.1012, -0.1281, -0.0428, -0.0515,  0.0203, -0.0262,  0.0665,  0.1297,
         0.0507, -0.0557, -0.1324,  0.0512, -0.0701,  0.0720,  0.0945,  0.0545,
         0.1327,  0.1343,  0.0299, -0.1030,  0.1264, -0.0671, -0.0668,  0.1183,
         0.1096,  0.0427,  0.0089, -0.1190, -0.0147,  0.1356,  0.0360,  0.0121,
        -0.0294, -0.0493,  0.0843,  0.0087,  0.0920, -0.0250,  0.0618,  0.0584,
         0.0226,  0.0889,  0.0886,  0.1311,  0.1087, -0.0362, -0.1197,  0.0259,
        -0.0012, -0.0369, -0.0237,  0.0067,  0.1032,  0.0441, -0.0502, -0.0582,
        -0.0350, -0.0547], device='cuda:0')
rank: local_param 1 tensor([2.], device='cuda:1', requires_grad=True)
rank: flatten_data 1 tensor([2., 2.], device='cuda:1')
rank: local_param 1 tensor([-0.3130, -0.1222, -0.2426,  0.2595,  0.0911,  0.1310,  0.1000, -0.0055,
         0.2475, -0.2247,  0.0199, -0.2158,  0.0975, -0.1089,  0.0969, -0.0659,
         0.2623, -0.1874, -0.1886, -0.1886,  0.2844,  0.1054,  0.3043, -0.2610,
        -0.3137, -0.2474, -0.2127,  0.1281,  0.1132,  0.2628, -0.1633, -0.2156,
         0.1678, -0.1278,  0.1919, -0.0750,  0.1809, -0.2457, -0.1596,  0.0964,
         0.0669, -0.0806,  0.1885,  0.2150, -0.2293, -0.1688,  0.2896, -0.1067,
        -0.1121, -0.3060], device='cuda:1', requires_grad=True)
rank: flatten_data 1 tensor([ 0.2418,  0.2625, -0.0741,  0.2905, -0.0693,  0.0638, -0.1540,  0.1857,
         0.2788, -0.2320,  0.2749,  0.0592,  0.2336,  0.0428,  0.1525, -0.0446,
         0.2438,  0.0467, -0.1476,  0.0806, -0.1457, -0.0371, -0.1284,  0.2098,
        -0.2496, -0.1458, -0.0893, -0.1901,  0.0298, -0.3123,  0.2856, -0.2686,
         0.2441,  0.0526, -0.1027,  0.1954,  0.0493,  0.2555,  0.0346, -0.0997,
         0.0850, -0.0858,  0.1331,  0.2823,  0.1828, -0.1382,  0.1825,  0.0566,
         0.1606, -0.1927, -0.3130, -0.1222, -0.2426,  0.2595,  0.0911,  0.1310,
         0.1000, -0.0055,  0.2475, -0.2247,  0.0199, -0.2158,  0.0975, -0.1089,
         0.0969, -0.0659,  0.2623, -0.1874, -0.1886, -0.1886,  0.2844,  0.1054,
         0.3043, -0.2610, -0.3137, -0.2474, -0.2127,  0.1281,  0.1132,  0.2628,
        -0.1633, -0.2156,  0.1678, -0.1278,  0.1919, -0.0750,  0.1809, -0.2457,
        -0.1596,  0.0964,  0.0669, -0.0806,  0.1885,  0.2150, -0.2293, -0.1688,
         0.2896, -0.1067, -0.1121, -0.3060], device='cuda:1')
rank: local_param 1 tensor([ 0.0872,  0.1733,  0.2404,  0.1761, -0.3135,  0.0280,  0.1916, -0.0292,
        -0.1863,  0.3015, -0.1183, -0.1800, -0.2851,  0.0141,  0.1401,  0.0700,
         0.0625, -0.2398, -0.2953,  0.0056,  0.2883,  0.1824, -0.1841, -0.0410,
        -0.2331, -0.1526,  0.0573,  0.1722,  0.2620, -0.2903,  0.2114, -0.2230,
         0.1184,  0.2676,  0.0044,  0.2877, -0.2694, -0.1208,  0.1844, -0.0689,
        -0.0647, -0.1318,  0.2180,  0.1551,  0.1013, -0.1777, -0.2567,  0.0342,
         0.0937, -0.1460, -0.0885,  0.2136,  0.0252,  0.0143, -0.0778, -0.2864,
        -0.2973, -0.1512, -0.1607,  0.0985, -0.0921, -0.1237,  0.3015,  0.1101,
         0.2254, -0.1531, -0.1292,  0.1162, -0.2107, -0.2067, -0.0153, -0.1157,
        -0.2371,  0.1876,  0.2543,  0.0513, -0.0551, -0.2929, -0.1152,  0.0805,
         0.1491, -0.0400, -0.1250,  0.1762, -0.2518,  0.1999, -0.1227,  0.0048,
        -0.0625,  0.0383, -0.0956,  0.2299, -0.0082,  0.2468,  0.3040, -0.1541,
        -0.2307,  0.2537,  0.2478, -0.2415, -0.0244, -0.3118, -0.2589,  0.0611,
         0.0841,  0.0670, -0.0861,  0.2917,  0.0452, -0.1866, -0.0179,  0.0759,
         0.1107, -0.2236,  0.1185, -0.1616, -0.2628, -0.1727,  0.3050,  0.2703,
         0.2832,  0.1856,  0.2389, -0.0423, -0.1740,  0.1580, -0.1639, -0.2134,
        -0.1010,  0.0664,  0.1628, -0.1228, -0.1861,  0.0427, -0.1864, -0.2059,
         0.1648, -0.0531,  0.2890,  0.3076,  0.0946,  0.1088,  0.0728,  0.0050,
        -0.0230,  0.0043,  0.1181,  0.2940, -0.0820, -0.1337, -0.0766, -0.1528,
         0.0538,  0.2360,  0.2473,  0.1452, -0.2327, -0.1697, -0.0695, -0.0583,
         0.0260, -0.2903,  0.0984, -0.2412, -0.2001, -0.2629,  0.2755, -0.2994,
         0.2386, -0.0106, -0.0368,  0.1978, -0.0292,  0.1983,  0.2286, -0.2746,
         0.1217,  0.0597,  0.0680,  0.0462,  0.0865, -0.1521, -0.0405,  0.3005,
         0.2125, -0.0119, -0.2974,  0.0139, -0.2153,  0.2572, -0.1920, -0.0228,
        -0.0702,  0.0563,  0.2976,  0.0300,  0.1831,  0.2455,  0.2553, -0.1092,
        -0.0707,  0.1524, -0.0863,  0.1481, -0.0691, -0.2145,  0.1287,  0.0485,
         0.1410,  0.3142,  0.2159,  0.2998,  0.0169, -0.2720, -0.2218, -0.1964,
        -0.2787, -0.1585, -0.2911, -0.2918, -0.1890, -0.3117, -0.1941,  0.1206,
         0.2638, -0.0941, -0.0920,  0.1689, -0.1560, -0.1495,  0.1948, -0.2755,
         0.0387,  0.2793,  0.0542,  0.0860, -0.1842, -0.0044,  0.0174,  0.0776,
         0.1229,  0.2748, -0.2414,  0.0095, -0.1580, -0.2502, -0.0253, -0.2784,
         0.2207,  0.0366], device='cuda:1', requires_grad=True)
rank: flatten_data 1 tensor([-0.1811,  0.0790, -0.0417, -0.2295,  0.0074, -0.2160, -0.2683, -0.1741,
        -0.2768, -0.2014,  0.3161,  0.0597,  0.0974, -0.2949, -0.2077, -0.1053,
         0.0494, -0.2783, -0.1363, -0.1893,  0.0009, -0.1177, -0.0219, -0.2143,
        -0.2171, -0.1845, -0.1082, -0.2496,  0.2651, -0.0628,  0.2721,  0.0985,
        -0.2678,  0.2188, -0.0870, -0.1212, -0.2625, -0.3144,  0.0905, -0.0691,
         0.1231, -0.2595,  0.2348, -0.2321, -0.0546,  0.0661,  0.1633,  0.2553,
         0.2881, -0.2507,  0.0796, -0.1360, -0.0347, -0.2367,  0.2880, -0.2321,
         0.1690,  0.1111,  0.1028, -0.1710,  0.2874,  0.0695,  0.0407, -0.2787,
         0.1327, -0.0474, -0.1449,  0.2716,  0.0705, -0.1750, -0.1601, -0.0151,
         0.1766, -0.0808, -0.1804, -0.1083, -0.2362,  0.1128,  0.2448, -0.2977,
         0.0734,  0.1634,  0.0573, -0.1126,  0.1651,  0.1662,  0.1182, -0.0556,
        -0.0837,  0.0338, -0.0559, -0.0942,  0.2021,  0.2718, -0.0313, -0.0708,
         0.0046, -0.0189,  0.0760,  0.0886, -0.2872, -0.1167,  0.2663,  0.1232,
        -0.0157, -0.1907, -0.1935, -0.2833, -0.1031,  0.1068,  0.2016,  0.1460,
        -0.2795, -0.1902, -0.0499,  0.3059,  0.0457, -0.0819,  0.1308, -0.1204,
        -0.2047,  0.2308, -0.1438, -0.0634, -0.3146,  0.2116,  0.2396,  0.1152,
        -0.2205, -0.3121, -0.2568,  0.2358,  0.1518,  0.2661,  0.1657,  0.0800,
        -0.0031, -0.2405, -0.2709, -0.2958,  0.1295, -0.1553, -0.0636, -0.1820,
        -0.0576, -0.2226, -0.2066,  0.1049, -0.0940,  0.1952, -0.1014, -0.2320,
        -0.0558, -0.1533, -0.0967, -0.3010,  0.1769, -0.2202,  0.1589,  0.1435,
         0.2259, -0.2426,  0.2274, -0.1495,  0.1173,  0.2970, -0.0446, -0.0024,
        -0.0728, -0.2640,  0.1518, -0.3139,  0.1963,  0.2366,  0.2991, -0.0746,
        -0.2598,  0.0711,  0.1747, -0.3147, -0.0718, -0.1896, -0.0277, -0.1557,
        -0.1293, -0.1004, -0.3005,  0.2595,  0.2651, -0.0496, -0.0360, -0.1291,
        -0.2856, -0.3077,  0.1175, -0.1736, -0.2033, -0.0247, -0.1053, -0.1023,
         0.0102, -0.0671, -0.1089, -0.1514, -0.2574,  0.2652, -0.1266,  0.0838,
        -0.1097,  0.0257,  0.2948,  0.1457, -0.2740,  0.1255,  0.3002,  0.0832,
         0.2120,  0.3118, -0.0485,  0.0656, -0.2198, -0.0652,  0.2342,  0.1621,
        -0.2001, -0.2536, -0.2161, -0.3121, -0.2440, -0.0782,  0.2134,  0.0529,
        -0.2405, -0.2537,  0.1573, -0.2352, -0.0389,  0.1517, -0.1464, -0.0345,
        -0.0275, -0.0748, -0.1603, -0.2819, -0.2556, -0.1693,  0.3054, -0.1527,
        -0.2124,  0.0767,  0.0872,  0.1733,  0.2404,  0.1761, -0.3135,  0.0280,
         0.1916, -0.0292, -0.1863,  0.3015, -0.1183, -0.1800, -0.2851,  0.0141,
         0.1401,  0.0700,  0.0625, -0.2398, -0.2953,  0.0056,  0.2883,  0.1824,
        -0.1841, -0.0410, -0.2331, -0.1526,  0.0573,  0.1722,  0.2620, -0.2903,
         0.2114, -0.2230,  0.1184,  0.2676,  0.0044,  0.2877, -0.2694, -0.1208,
         0.1844, -0.0689, -0.0647, -0.1318,  0.2180,  0.1551,  0.1013, -0.1777,
        -0.2567,  0.0342,  0.0937, -0.1460, -0.0885,  0.2136,  0.0252,  0.0143,
        -0.0778, -0.2864, -0.2973, -0.1512, -0.1607,  0.0985, -0.0921, -0.1237,
         0.3015,  0.1101,  0.2254, -0.1531, -0.1292,  0.1162, -0.2107, -0.2067,
        -0.0153, -0.1157, -0.2371,  0.1876,  0.2543,  0.0513, -0.0551, -0.2929,
        -0.1152,  0.0805,  0.1491, -0.0400, -0.1250,  0.1762, -0.2518,  0.1999,
        -0.1227,  0.0048, -0.0625,  0.0383, -0.0956,  0.2299, -0.0082,  0.2468,
         0.3040, -0.1541, -0.2307,  0.2537,  0.2478, -0.2415, -0.0244, -0.3118,
        -0.2589,  0.0611,  0.0841,  0.0670, -0.0861,  0.2917,  0.0452, -0.1866,
        -0.0179,  0.0759,  0.1107, -0.2236,  0.1185, -0.1616, -0.2628, -0.1727,
         0.3050,  0.2703,  0.2832,  0.1856,  0.2389, -0.0423, -0.1740,  0.1580,
        -0.1639, -0.2134, -0.1010,  0.0664,  0.1628, -0.1228, -0.1861,  0.0427,
        -0.1864, -0.2059,  0.1648, -0.0531,  0.2890,  0.3076,  0.0946,  0.1088,
         0.0728,  0.0050, -0.0230,  0.0043,  0.1181,  0.2940, -0.0820, -0.1337,
        -0.0766, -0.1528,  0.0538,  0.2360,  0.2473,  0.1452, -0.2327, -0.1697,
        -0.0695, -0.0583,  0.0260, -0.2903,  0.0984, -0.2412, -0.2001, -0.2629,
         0.2755, -0.2994,  0.2386, -0.0106, -0.0368,  0.1978, -0.0292,  0.1983,
         0.2286, -0.2746,  0.1217,  0.0597,  0.0680,  0.0462,  0.0865, -0.1521,
        -0.0405,  0.3005,  0.2125, -0.0119, -0.2974,  0.0139, -0.2153,  0.2572,
        -0.1920, -0.0228, -0.0702,  0.0563,  0.2976,  0.0300,  0.1831,  0.2455,
         0.2553, -0.1092, -0.0707,  0.1524, -0.0863,  0.1481, -0.0691, -0.2145,
         0.1287,  0.0485,  0.1410,  0.3142,  0.2159,  0.2998,  0.0169, -0.2720,
        -0.2218, -0.1964, -0.2787, -0.1585, -0.2911, -0.2918, -0.1890, -0.3117,
        -0.1941,  0.1206,  0.2638, -0.0941, -0.0920,  0.1689, -0.1560, -0.1495,
         0.1948, -0.2755,  0.0387,  0.2793,  0.0542,  0.0860, -0.1842, -0.0044,
         0.0174,  0.0776,  0.1229,  0.2748, -0.2414,  0.0095, -0.1580, -0.2502,
        -0.0253, -0.2784,  0.2207,  0.0366], device='cuda:1')
rank: local_param 0 tensor([2.], device='cuda:0', requires_grad=True)
rank: flatten_data 0 tensor([2., 2.], device='cuda:0')
rank: local_param 0 tensor([ 0.2418,  0.2625, -0.0741,  0.2905, -0.0693,  0.0638, -0.1540,  0.1857,
         0.2788, -0.2320,  0.2749,  0.0592,  0.2336,  0.0428,  0.1525, -0.0446,
         0.2438,  0.0467, -0.1476,  0.0806, -0.1457, -0.0371, -0.1284,  0.2098,
        -0.2496, -0.1458, -0.0893, -0.1901,  0.0298, -0.3123,  0.2856, -0.2686,
         0.2441,  0.0526, -0.1027,  0.1954,  0.0493,  0.2555,  0.0346, -0.0997,
         0.0850, -0.0858,  0.1331,  0.2823,  0.1828, -0.1382,  0.1825,  0.0566,
         0.1606, -0.1927], device='cuda:0', requires_grad=True)
rank: flatten_data 0 tensor([ 0.2418,  0.2625, -0.0741,  0.2905, -0.0693,  0.0638, -0.1540,  0.1857,
         0.2788, -0.2320,  0.2749,  0.0592,  0.2336,  0.0428,  0.1525, -0.0446,
         0.2438,  0.0467, -0.1476,  0.0806, -0.1457, -0.0371, -0.1284,  0.2098,
        -0.2496, -0.1458, -0.0893, -0.1901,  0.0298, -0.3123,  0.2856, -0.2686,
         0.2441,  0.0526, -0.1027,  0.1954,  0.0493,  0.2555,  0.0346, -0.0997,
         0.0850, -0.0858,  0.1331,  0.2823,  0.1828, -0.1382,  0.1825,  0.0566,
         0.1606, -0.1927, -0.3130, -0.1222, -0.2426,  0.2595,  0.0911,  0.1310,
         0.1000, -0.0055,  0.2475, -0.2247,  0.0199, -0.2158,  0.0975, -0.1089,
         0.0969, -0.0659,  0.2623, -0.1874, -0.1886, -0.1886,  0.2844,  0.1054,
         0.3043, -0.2610, -0.3137, -0.2474, -0.2127,  0.1281,  0.1132,  0.2628,
        -0.1633, -0.2156,  0.1678, -0.1278,  0.1919, -0.0750,  0.1809, -0.2457,
        -0.1596,  0.0964,  0.0669, -0.0806,  0.1885,  0.2150, -0.2293, -0.1688,
         0.2896, -0.1067, -0.1121, -0.3060], device='cuda:0')
rank: local_param 0 tensor([-0.1811,  0.0790, -0.0417, -0.2295,  0.0074, -0.2160, -0.2683, -0.1741,
        -0.2768, -0.2014,  0.3161,  0.0597,  0.0974, -0.2949, -0.2077, -0.1053,
         0.0494, -0.2783, -0.1363, -0.1893,  0.0009, -0.1177, -0.0219, -0.2143,
        -0.2171, -0.1845, -0.1082, -0.2496,  0.2651, -0.0628,  0.2721,  0.0985,
        -0.2678,  0.2188, -0.0870, -0.1212, -0.2625, -0.3144,  0.0905, -0.0691,
         0.1231, -0.2595,  0.2348, -0.2321, -0.0546,  0.0661,  0.1633,  0.2553,
         0.2881, -0.2507,  0.0796, -0.1360, -0.0347, -0.2367,  0.2880, -0.2321,
         0.1690,  0.1111,  0.1028, -0.1710,  0.2874,  0.0695,  0.0407, -0.2787,
         0.1327, -0.0474, -0.1449,  0.2716,  0.0705, -0.1750, -0.1601, -0.0151,
         0.1766, -0.0808, -0.1804, -0.1083, -0.2362,  0.1128,  0.2448, -0.2977,
         0.0734,  0.1634,  0.0573, -0.1126,  0.1651,  0.1662,  0.1182, -0.0556,
        -0.0837,  0.0338, -0.0559, -0.0942,  0.2021,  0.2718, -0.0313, -0.0708,
         0.0046, -0.0189,  0.0760,  0.0886, -0.2872, -0.1167,  0.2663,  0.1232,
        -0.0157, -0.1907, -0.1935, -0.2833, -0.1031,  0.1068,  0.2016,  0.1460,
        -0.2795, -0.1902, -0.0499,  0.3059,  0.0457, -0.0819,  0.1308, -0.1204,
        -0.2047,  0.2308, -0.1438, -0.0634, -0.3146,  0.2116,  0.2396,  0.1152,
        -0.2205, -0.3121, -0.2568,  0.2358,  0.1518,  0.2661,  0.1657,  0.0800,
        -0.0031, -0.2405, -0.2709, -0.2958,  0.1295, -0.1553, -0.0636, -0.1820,
        -0.0576, -0.2226, -0.2066,  0.1049, -0.0940,  0.1952, -0.1014, -0.2320,
        -0.0558, -0.1533, -0.0967, -0.3010,  0.1769, -0.2202,  0.1589,  0.1435,
         0.2259, -0.2426,  0.2274, -0.1495,  0.1173,  0.2970, -0.0446, -0.0024,
        -0.0728, -0.2640,  0.1518, -0.3139,  0.1963,  0.2366,  0.2991, -0.0746,
        -0.2598,  0.0711,  0.1747, -0.3147, -0.0718, -0.1896, -0.0277, -0.1557,
        -0.1293, -0.1004, -0.3005,  0.2595,  0.2651, -0.0496, -0.0360, -0.1291,
        -0.2856, -0.3077,  0.1175, -0.1736, -0.2033, -0.0247, -0.1053, -0.1023,
         0.0102, -0.0671, -0.1089, -0.1514, -0.2574,  0.2652, -0.1266,  0.0838,
        -0.1097,  0.0257,  0.2948,  0.1457, -0.2740,  0.1255,  0.3002,  0.0832,
         0.2120,  0.3118, -0.0485,  0.0656, -0.2198, -0.0652,  0.2342,  0.1621,
        -0.2001, -0.2536, -0.2161, -0.3121, -0.2440, -0.0782,  0.2134,  0.0529,
        -0.2405, -0.2537,  0.1573, -0.2352, -0.0389,  0.1517, -0.1464, -0.0345,
        -0.0275, -0.0748, -0.1603, -0.2819, -0.2556, -0.1693,  0.3054, -0.1527,
        -0.2124,  0.0767], device='cuda:0', requires_grad=True)
rank: flatten_data 0 tensor([-0.1811,  0.0790, -0.0417, -0.2295,  0.0074, -0.2160, -0.2683, -0.1741,
        -0.2768, -0.2014,  0.3161,  0.0597,  0.0974, -0.2949, -0.2077, -0.1053,
         0.0494, -0.2783, -0.1363, -0.1893,  0.0009, -0.1177, -0.0219, -0.2143,
        -0.2171, -0.1845, -0.1082, -0.2496,  0.2651, -0.0628,  0.2721,  0.0985,
        -0.2678,  0.2188, -0.0870, -0.1212, -0.2625, -0.3144,  0.0905, -0.0691,
         0.1231, -0.2595,  0.2348, -0.2321, -0.0546,  0.0661,  0.1633,  0.2553,
         0.2881, -0.2507,  0.0796, -0.1360, -0.0347, -0.2367,  0.2880, -0.2321,
         0.1690,  0.1111,  0.1028, -0.1710,  0.2874,  0.0695,  0.0407, -0.2787,
         0.1327, -0.0474, -0.1449,  0.2716,  0.0705, -0.1750, -0.1601, -0.0151,
         0.1766, -0.0808, -0.1804, -0.1083, -0.2362,  0.1128,  0.2448, -0.2977,
         0.0734,  0.1634,  0.0573, -0.1126,  0.1651,  0.1662,  0.1182, -0.0556,
        -0.0837,  0.0338, -0.0559, -0.0942,  0.2021,  0.2718, -0.0313, -0.0708,
         0.0046, -0.0189,  0.0760,  0.0886, -0.2872, -0.1167,  0.2663,  0.1232,
        -0.0157, -0.1907, -0.1935, -0.2833, -0.1031,  0.1068,  0.2016,  0.1460,
        -0.2795, -0.1902, -0.0499,  0.3059,  0.0457, -0.0819,  0.1308, -0.1204,
        -0.2047,  0.2308, -0.1438, -0.0634, -0.3146,  0.2116,  0.2396,  0.1152,
        -0.2205, -0.3121, -0.2568,  0.2358,  0.1518,  0.2661,  0.1657,  0.0800,
        -0.0031, -0.2405, -0.2709, -0.2958,  0.1295, -0.1553, -0.0636, -0.1820,
        -0.0576, -0.2226, -0.2066,  0.1049, -0.0940,  0.1952, -0.1014, -0.2320,
        -0.0558, -0.1533, -0.0967, -0.3010,  0.1769, -0.2202,  0.1589,  0.1435,
         0.2259, -0.2426,  0.2274, -0.1495,  0.1173,  0.2970, -0.0446, -0.0024,
        -0.0728, -0.2640,  0.1518, -0.3139,  0.1963,  0.2366,  0.2991, -0.0746,
        -0.2598,  0.0711,  0.1747, -0.3147, -0.0718, -0.1896, -0.0277, -0.1557,
        -0.1293, -0.1004, -0.3005,  0.2595,  0.2651, -0.0496, -0.0360, -0.1291,
        -0.2856, -0.3077,  0.1175, -0.1736, -0.2033, -0.0247, -0.1053, -0.1023,
         0.0102, -0.0671, -0.1089, -0.1514, -0.2574,  0.2652, -0.1266,  0.0838,
        -0.1097,  0.0257,  0.2948,  0.1457, -0.2740,  0.1255,  0.3002,  0.0832,
         0.2120,  0.3118, -0.0485,  0.0656, -0.2198, -0.0652,  0.2342,  0.1621,
        -0.2001, -0.2536, -0.2161, -0.3121, -0.2440, -0.0782,  0.2134,  0.0529,
        -0.2405, -0.2537,  0.1573, -0.2352, -0.0389,  0.1517, -0.1464, -0.0345,
        -0.0275, -0.0748, -0.1603, -0.2819, -0.2556, -0.1693,  0.3054, -0.1527,
        -0.2124,  0.0767,  0.0872,  0.1733,  0.2404,  0.1761, -0.3135,  0.0280,
         0.1916, -0.0292, -0.1863,  0.3015, -0.1183, -0.1800, -0.2851,  0.0141,
         0.1401,  0.0700,  0.0625, -0.2398, -0.2953,  0.0056,  0.2883,  0.1824,
        -0.1841, -0.0410, -0.2331, -0.1526,  0.0573,  0.1722,  0.2620, -0.2903,
         0.2114, -0.2230,  0.1184,  0.2676,  0.0044,  0.2877, -0.2694, -0.1208,
         0.1844, -0.0689, -0.0647, -0.1318,  0.2180,  0.1551,  0.1013, -0.1777,
        -0.2567,  0.0342,  0.0937, -0.1460, -0.0885,  0.2136,  0.0252,  0.0143,
        -0.0778, -0.2864, -0.2973, -0.1512, -0.1607,  0.0985, -0.0921, -0.1237,
         0.3015,  0.1101,  0.2254, -0.1531, -0.1292,  0.1162, -0.2107, -0.2067,
        -0.0153, -0.1157, -0.2371,  0.1876,  0.2543,  0.0513, -0.0551, -0.2929,
        -0.1152,  0.0805,  0.1491, -0.0400, -0.1250,  0.1762, -0.2518,  0.1999,
        -0.1227,  0.0048, -0.0625,  0.0383, -0.0956,  0.2299, -0.0082,  0.2468,
         0.3040, -0.1541, -0.2307,  0.2537,  0.2478, -0.2415, -0.0244, -0.3118,
        -0.2589,  0.0611,  0.0841,  0.0670, -0.0861,  0.2917,  0.0452, -0.1866,
        -0.0179,  0.0759,  0.1107, -0.2236,  0.1185, -0.1616, -0.2628, -0.1727,
         0.3050,  0.2703,  0.2832,  0.1856,  0.2389, -0.0423, -0.1740,  0.1580,
        -0.1639, -0.2134, -0.1010,  0.0664,  0.1628, -0.1228, -0.1861,  0.0427,
        -0.1864, -0.2059,  0.1648, -0.0531,  0.2890,  0.3076,  0.0946,  0.1088,
         0.0728,  0.0050, -0.0230,  0.0043,  0.1181,  0.2940, -0.0820, -0.1337,
        -0.0766, -0.1528,  0.0538,  0.2360,  0.2473,  0.1452, -0.2327, -0.1697,
        -0.0695, -0.0583,  0.0260, -0.2903,  0.0984, -0.2412, -0.2001, -0.2629,
         0.2755, -0.2994,  0.2386, -0.0106, -0.0368,  0.1978, -0.0292,  0.1983,
         0.2286, -0.2746,  0.1217,  0.0597,  0.0680,  0.0462,  0.0865, -0.1521,
        -0.0405,  0.3005,  0.2125, -0.0119, -0.2974,  0.0139, -0.2153,  0.2572,
        -0.1920, -0.0228, -0.0702,  0.0563,  0.2976,  0.0300,  0.1831,  0.2455,
         0.2553, -0.1092, -0.0707,  0.1524, -0.0863,  0.1481, -0.0691, -0.2145,
         0.1287,  0.0485,  0.1410,  0.3142,  0.2159,  0.2998,  0.0169, -0.2720,
        -0.2218, -0.1964, -0.2787, -0.1585, -0.2911, -0.2918, -0.1890, -0.3117,
        -0.1941,  0.1206,  0.2638, -0.0941, -0.0920,  0.1689, -0.1560, -0.1495,
         0.1948, -0.2755,  0.0387,  0.2793,  0.0542,  0.0860, -0.1842, -0.0044,
         0.0174,  0.0776,  0.1229,  0.2748, -0.2414,  0.0095, -0.1580, -0.2502,
        -0.0253, -0.2784,  0.2207,  0.0366], device='cuda:0')
rank: local_param 0 tensor([-0.1704,  0.1653, -0.2993, -0.1223, -0.0616, -0.2687, -0.2011, -0.0516,
         0.2399,  0.3054,  0.2012, -0.1888, -0.2069,  0.2760,  0.1119,  0.0084,
         0.0428, -0.2542, -0.1056,  0.3044, -0.0780, -0.0159, -0.2626, -0.1769,
        -0.0065], device='cuda:0', requires_grad=True)
rank: flatten_data 0 tensor([-0.1704,  0.1653, -0.2993, -0.1223, -0.0616, -0.2687, -0.2011, -0.0516,
         0.2399,  0.3054,  0.2012, -0.1888, -0.2069,  0.2760,  0.1119,  0.0084,
         0.0428, -0.2542, -0.1056,  0.3044, -0.0780, -0.0159, -0.2626, -0.1769,
        -0.0065, -0.1964, -0.0392,  0.1287, -0.3093,  0.0939, -0.2091, -0.1543,
         0.1214,  0.2514, -0.0864, -0.1298, -0.2859, -0.1631, -0.2769, -0.0724,
         0.0645, -0.2963,  0.2761,  0.1984, -0.3096, -0.1510,  0.1031, -0.0650,
        -0.0345, -0.1428], device='cuda:0')
rank: local_param 0 tensor([ 0.1136, -0.0791,  0.1173,  0.0091,  0.0284,  0.1103, -0.0233, -0.0805,
        -0.0229,  0.1147, -0.1049,  0.0321, -0.1390,  0.0741,  0.0523,  0.0060,
         0.0607,  0.0002,  0.0783, -0.1120, -0.0208,  0.0627,  0.1408,  0.0720,
        -0.1028,  0.1088, -0.0315, -0.0302, -0.1285, -0.0223,  0.1000,  0.0197,
        -0.0824,  0.0435, -0.0453,  0.1291, -0.1227, -0.0447, -0.1366, -0.0557,
         0.0446,  0.1361,  0.0238,  0.1386,  0.0277,  0.0817,  0.1134,  0.1182,
        -0.0792,  0.1300,  0.0857, -0.0661, -0.0675, -0.1186,  0.0355, -0.1146,
         0.0597,  0.0447, -0.1229,  0.0385, -0.0115,  0.0646,  0.0811, -0.1406,
         0.1297,  0.1186,  0.0563, -0.1293, -0.0505, -0.0410, -0.0363,  0.0798,
         0.0514,  0.1120, -0.0530,  0.0476,  0.0503, -0.1177, -0.1372, -0.0734,
         0.0968, -0.1331, -0.1231,  0.0792,  0.0763,  0.1163, -0.1068, -0.1035,
         0.0725,  0.1230,  0.0846,  0.0222,  0.0466,  0.1342, -0.0912, -0.0642,
         0.0989, -0.0968, -0.0780,  0.1032,  0.0446,  0.0457, -0.0599, -0.0020,
         0.1294, -0.0849,  0.0011,  0.0673, -0.0976,  0.1373, -0.0707, -0.0340,
        -0.0383, -0.0922, -0.1388,  0.0797,  0.0376, -0.1325, -0.0910,  0.1398,
         0.0541,  0.0567, -0.0846, -0.0620, -0.0213], device='cuda:0',
       requires_grad=True)
rank: flatten_data 0 tensor([ 0.1136, -0.0791,  0.1173,  0.0091,  0.0284,  0.1103, -0.0233, -0.0805,
        -0.0229,  0.1147, -0.1049,  0.0321, -0.1390,  0.0741,  0.0523,  0.0060,
         0.0607,  0.0002,  0.0783, -0.1120, -0.0208,  0.0627,  0.1408,  0.0720,
        -0.1028,  0.1088, -0.0315, -0.0302, -0.1285, -0.0223,  0.1000,  0.0197,
        -0.0824,  0.0435, -0.0453,  0.1291, -0.1227, -0.0447, -0.1366, -0.0557,
         0.0446,  0.1361,  0.0238,  0.1386,  0.0277,  0.0817,  0.1134,  0.1182,
        -0.0792,  0.1300,  0.0857, -0.0661, -0.0675, -0.1186,  0.0355, -0.1146,
         0.0597,  0.0447, -0.1229,  0.0385, -0.0115,  0.0646,  0.0811, -0.1406,
         0.1297,  0.1186,  0.0563, -0.1293, -0.0505, -0.0410, -0.0363,  0.0798,
         0.0514,  0.1120, -0.0530,  0.0476,  0.0503, -0.1177, -0.1372, -0.0734,
         0.0968, -0.1331, -0.1231,  0.0792,  0.0763,  0.1163, -0.1068, -0.1035,
         0.0725,  0.1230,  0.0846,  0.0222,  0.0466,  0.1342, -0.0912, -0.0642,
         0.0989, -0.0968, -0.0780,  0.1032,  0.0446,  0.0457, -0.0599, -0.0020,
         0.1294, -0.0849,  0.0011,  0.0673, -0.0976,  0.1373, -0.0707, -0.0340,
        -0.0383, -0.0922, -0.1388,  0.0797,  0.0376, -0.1325, -0.0910,  0.1398,
         0.0541,  0.0567, -0.0846, -0.0620, -0.0213, -0.0259, -0.0969,  0.0117,
         0.0141, -0.0179,  0.0196, -0.0561,  0.0368,  0.0533, -0.0745, -0.1402,
         0.0740,  0.0337, -0.0719,  0.1363, -0.0640,  0.0956,  0.0717, -0.1186,
         0.0912, -0.1300, -0.0783, -0.0236, -0.0953,  0.1382, -0.0284,  0.0562,
        -0.1263,  0.0814, -0.0440, -0.1076,  0.0207,  0.0685,  0.1224, -0.0864,
        -0.0696,  0.0272,  0.0384,  0.0544,  0.0776, -0.0321,  0.0786,  0.1043,
        -0.0369,  0.1006,  0.0691,  0.1247, -0.0804, -0.0698, -0.0409,  0.0072,
         0.0849, -0.0807,  0.0708, -0.0507,  0.0854, -0.0067, -0.1239, -0.0778,
        -0.1024,  0.0701, -0.0948, -0.0118,  0.0305, -0.0776,  0.0408, -0.1381,
        -0.1012, -0.1281, -0.0428, -0.0515,  0.0203, -0.0262,  0.0665,  0.1297,
         0.0507, -0.0557, -0.1324,  0.0512, -0.0701,  0.0720,  0.0945,  0.0545,
         0.1327,  0.1343,  0.0299, -0.1030,  0.1264, -0.0671, -0.0668,  0.1183,
         0.1096,  0.0427,  0.0089, -0.1190, -0.0147,  0.1356,  0.0360,  0.0121,
        -0.0294, -0.0493,  0.0843,  0.0087,  0.0920, -0.0250,  0.0618,  0.0584,
         0.0226,  0.0889,  0.0886,  0.1311,  0.1087, -0.0362, -0.1197,  0.0259,
        -0.0012, -0.0369, -0.0237,  0.0067,  0.1032,  0.0441, -0.0502, -0.0582,
        -0.0350, -0.0547], device='cuda:0')
rank: local_param 0 tensor([2.], device='cuda:0', requires_grad=True)
rank: flatten_data 0 tensor([2., 2.], device='cuda:0')
rank: local_param 0 tensor([ 0.2418,  0.2625, -0.0741,  0.2905, -0.0693,  0.0638, -0.1540,  0.1857,
         0.2788, -0.2320,  0.2749,  0.0592,  0.2336,  0.0428,  0.1525, -0.0446,
         0.2438,  0.0467, -0.1476,  0.0806, -0.1457, -0.0371, -0.1284,  0.2098,
        -0.2496, -0.1458, -0.0893, -0.1901,  0.0298, -0.3123,  0.2856, -0.2686,
         0.2441,  0.0526, -0.1027,  0.1954,  0.0493,  0.2555,  0.0346, -0.0997,
         0.0850, -0.0858,  0.1331,  0.2823,  0.1828, -0.1382,  0.1825,  0.0566,
         0.1606, -0.1927], device='cuda:0', requires_grad=True)
rank: flatten_data 0 tensor([ 0.2418,  0.2625, -0.0741,  0.2905, -0.0693,  0.0638, -0.1540,  0.1857,
         0.2788, -0.2320,  0.2749,  0.0592,  0.2336,  0.0428,  0.1525, -0.0446,
         0.2438,  0.0467, -0.1476,  0.0806, -0.1457, -0.0371, -0.1284,  0.2098,
        -0.2496, -0.1458, -0.0893, -0.1901,  0.0298, -0.3123,  0.2856, -0.2686,
         0.2441,  0.0526, -0.1027,  0.1954,  0.0493,  0.2555,  0.0346, -0.0997,
         0.0850, -0.0858,  0.1331,  0.2823,  0.1828, -0.1382,  0.1825,  0.0566,
         0.1606, -0.1927, -0.3130, -0.1222, -0.2426,  0.2595,  0.0911,  0.1310,
         0.1000, -0.0055,  0.2475, -0.2247,  0.0199, -0.2158,  0.0975, -0.1089,
         0.0969, -0.0659,  0.2623, -0.1874, -0.1886, -0.1886,  0.2844,  0.1054,
         0.3043, -0.2610, -0.3137, -0.2474, -0.2127,  0.1281,  0.1132,  0.2628,
        -0.1633, -0.2156,  0.1678, -0.1278,  0.1919, -0.0750,  0.1809, -0.2457,
        -0.1596,  0.0964,  0.0669, -0.0806,  0.1885,  0.2150, -0.2293, -0.1688,
         0.2896, -0.1067, -0.1121, -0.3060], device='cuda:0')
rank: local_param 0 tensor([-0.1811,  0.0790, -0.0417, -0.2295,  0.0074, -0.2160, -0.2683, -0.1741,
        -0.2768, -0.2014,  0.3161,  0.0597,  0.0974, -0.2949, -0.2077, -0.1053,
         0.0494, -0.2783, -0.1363, -0.1893,  0.0009, -0.1177, -0.0219, -0.2143,
        -0.2171, -0.1845, -0.1082, -0.2496,  0.2651, -0.0628,  0.2721,  0.0985,
        -0.2678,  0.2188, -0.0870, -0.1212, -0.2625, -0.3144,  0.0905, -0.0691,
         0.1231, -0.2595,  0.2348, -0.2321, -0.0546,  0.0661,  0.1633,  0.2553,
         0.2881, -0.2507,  0.0796, -0.1360, -0.0347, -0.2367,  0.2880, -0.2321,
         0.1690,  0.1111,  0.1028, -0.1710,  0.2874,  0.0695,  0.0407, -0.2787,
         0.1327, -0.0474, -0.1449,  0.2716,  0.0705, -0.1750, -0.1601, -0.0151,
         0.1766, -0.0808, -0.1804, -0.1083, -0.2362,  0.1128,  0.2448, -0.2977,
         0.0734,  0.1634,  0.0573, -0.1126,  0.1651,  0.1662,  0.1182, -0.0556,
        -0.0837,  0.0338, -0.0559, -0.0942,  0.2021,  0.2718, -0.0313, -0.0708,
         0.0046, -0.0189,  0.0760,  0.0886, -0.2872, -0.1167,  0.2663,  0.1232,
        -0.0157, -0.1907, -0.1935, -0.2833, -0.1031,  0.1068,  0.2016,  0.1460,
        -0.2795, -0.1902, -0.0499,  0.3059,  0.0457, -0.0819,  0.1308, -0.1204,
        -0.2047,  0.2308, -0.1438, -0.0634, -0.3146,  0.2116,  0.2396,  0.1152,
        -0.2205, -0.3121, -0.2568,  0.2358,  0.1518,  0.2661,  0.1657,  0.0800,
        -0.0031, -0.2405, -0.2709, -0.2958,  0.1295, -0.1553, -0.0636, -0.1820,
        -0.0576, -0.2226, -0.2066,  0.1049, -0.0940,  0.1952, -0.1014, -0.2320,
        -0.0558, -0.1533, -0.0967, -0.3010,  0.1769, -0.2202,  0.1589,  0.1435,
         0.2259, -0.2426,  0.2274, -0.1495,  0.1173,  0.2970, -0.0446, -0.0024,
        -0.0728, -0.2640,  0.1518, -0.3139,  0.1963,  0.2366,  0.2991, -0.0746,
        -0.2598,  0.0711,  0.1747, -0.3147, -0.0718, -0.1896, -0.0277, -0.1557,
        -0.1293, -0.1004, -0.3005,  0.2595,  0.2651, -0.0496, -0.0360, -0.1291,
        -0.2856, -0.3077,  0.1175, -0.1736, -0.2033, -0.0247, -0.1053, -0.1023,
         0.0102, -0.0671, -0.1089, -0.1514, -0.2574,  0.2652, -0.1266,  0.0838,
        -0.1097,  0.0257,  0.2948,  0.1457, -0.2740,  0.1255,  0.3002,  0.0832,
         0.2120,  0.3118, -0.0485,  0.0656, -0.2198, -0.0652,  0.2342,  0.1621,
        -0.2001, -0.2536, -0.2161, -0.3121, -0.2440, -0.0782,  0.2134,  0.0529,
        -0.2405, -0.2537,  0.1573, -0.2352, -0.0389,  0.1517, -0.1464, -0.0345,
        -0.0275, -0.0748, -0.1603, -0.2819, -0.2556, -0.1693,  0.3054, -0.1527,
        -0.2124,  0.0767], device='cuda:0', requires_grad=True)
rank: local_param 1 tensor([-0.1964, -0.0392,  0.1287, -0.3093,  0.0939, -0.2091, -0.1543,  0.1214,
         0.2514, -0.0864, -0.1298, -0.2859, -0.1631, -0.2769, -0.0724,  0.0645,
        -0.2963,  0.2761,  0.1984, -0.3096, -0.1510,  0.1031, -0.0650, -0.0345,
        -0.1428], device='cuda:1', requires_grad=True)
rank: flatten_data 1 tensor([-0.1704,  0.1653, -0.2993, -0.1223, -0.0616, -0.2687, -0.2011, -0.0516,
         0.2399,  0.3054,  0.2012, -0.1888, -0.2069,  0.2760,  0.1119,  0.0084,
         0.0428, -0.2542, -0.1056,  0.3044, -0.0780, -0.0159, -0.2626, -0.1769,
        -0.0065, -0.1964, -0.0392,  0.1287, -0.3093,  0.0939, -0.2091, -0.1543,
         0.1214,  0.2514, -0.0864, -0.1298, -0.2859, -0.1631, -0.2769, -0.0724,
         0.0645, -0.2963,  0.2761,  0.1984, -0.3096, -0.1510,  0.1031, -0.0650,
        -0.0345, -0.1428], device='cuda:1')
rank: local_param 1 tensor([-0.0259, -0.0969,  0.0117,  0.0141, -0.0179,  0.0196, -0.0561,  0.0368,
         0.0533, -0.0745, -0.1402,  0.0740,  0.0337, -0.0719,  0.1363, -0.0640,
         0.0956,  0.0717, -0.1186,  0.0912, -0.1300, -0.0783, -0.0236, -0.0953,
         0.1382, -0.0284,  0.0562, -0.1263,  0.0814, -0.0440, -0.1076,  0.0207,
         0.0685,  0.1224, -0.0864, -0.0696,  0.0272,  0.0384,  0.0544,  0.0776,
        -0.0321,  0.0786,  0.1043, -0.0369,  0.1006,  0.0691,  0.1247, -0.0804,
        -0.0698, -0.0409,  0.0072,  0.0849, -0.0807,  0.0708, -0.0507,  0.0854,
        -0.0067, -0.1239, -0.0778, -0.1024,  0.0701, -0.0948, -0.0118,  0.0305,
        -0.0776,  0.0408, -0.1381, -0.1012, -0.1281, -0.0428, -0.0515,  0.0203,
        -0.0262,  0.0665,  0.1297,  0.0507, -0.0557, -0.1324,  0.0512, -0.0701,
         0.0720,  0.0945,  0.0545,  0.1327,  0.1343,  0.0299, -0.1030,  0.1264,
        -0.0671, -0.0668,  0.1183,  0.1096,  0.0427,  0.0089, -0.1190, -0.0147,
         0.1356,  0.0360,  0.0121, -0.0294, -0.0493,  0.0843,  0.0087,  0.0920,
        -0.0250,  0.0618,  0.0584,  0.0226,  0.0889,  0.0886,  0.1311,  0.1087,
        -0.0362, -0.1197,  0.0259, -0.0012, -0.0369, -0.0237,  0.0067,  0.1032,
         0.0441, -0.0502, -0.0582, -0.0350, -0.0547], device='cuda:1',
       requires_grad=True)
rank: flatten_data 1 tensor([ 0.1136, -0.0791,  0.1173,  0.0091,  0.0284,  0.1103, -0.0233, -0.0805,
        -0.0229,  0.1147, -0.1049,  0.0321, -0.1390,  0.0741,  0.0523,  0.0060,
         0.0607,  0.0002,  0.0783, -0.1120, -0.0208,  0.0627,  0.1408,  0.0720,
        -0.1028,  0.1088, -0.0315, -0.0302, -0.1285, -0.0223,  0.1000,  0.0197,
        -0.0824,  0.0435, -0.0453,  0.1291, -0.1227, -0.0447, -0.1366, -0.0557,
         0.0446,  0.1361,  0.0238,  0.1386,  0.0277,  0.0817,  0.1134,  0.1182,
        -0.0792,  0.1300,  0.0857, -0.0661, -0.0675, -0.1186,  0.0355, -0.1146,
         0.0597,  0.0447, -0.1229,  0.0385, -0.0115,  0.0646,  0.0811, -0.1406,
         0.1297,  0.1186,  0.0563, -0.1293, -0.0505, -0.0410, -0.0363,  0.0798,
         0.0514,  0.1120, -0.0530,  0.0476,  0.0503, -0.1177, -0.1372, -0.0734,
         0.0968, -0.1331, -0.1231,  0.0792,  0.0763,  0.1163, -0.1068, -0.1035,
         0.0725,  0.1230,  0.0846,  0.0222,  0.0466,  0.1342, -0.0912, -0.0642,
         0.0989, -0.0968, -0.0780,  0.1032,  0.0446,  0.0457, -0.0599, -0.0020,
         0.1294, -0.0849,  0.0011,  0.0673, -0.0976,  0.1373, -0.0707, -0.0340,
        -0.0383, -0.0922, -0.1388,  0.0797,  0.0376, -0.1325, -0.0910,  0.1398,
         0.0541,  0.0567, -0.0846, -0.0620, -0.0213, -0.0259, -0.0969,  0.0117,
         0.0141, -0.0179,  0.0196, -0.0561,  0.0368,  0.0533, -0.0745, -0.1402,
         0.0740,  0.0337, -0.0719,  0.1363, -0.0640,  0.0956,  0.0717, -0.1186,
         0.0912, -0.1300, -0.0783, -0.0236, -0.0953,  0.1382, -0.0284,  0.0562,
        -0.1263,  0.0814, -0.0440, -0.1076,  0.0207,  0.0685,  0.1224, -0.0864,
        -0.0696,  0.0272,  0.0384,  0.0544,  0.0776, -0.0321,  0.0786,  0.1043,
        -0.0369,  0.1006,  0.0691,  0.1247, -0.0804, -0.0698, -0.0409,  0.0072,
         0.0849, -0.0807,  0.0708, -0.0507,  0.0854, -0.0067, -0.1239, -0.0778,
        -0.1024,  0.0701, -0.0948, -0.0118,  0.0305, -0.0776,  0.0408, -0.1381,
        -0.1012, -0.1281, -0.0428, -0.0515,  0.0203, -0.0262,  0.0665,  0.1297,
         0.0507, -0.0557, -0.1324,  0.0512, -0.0701,  0.0720,  0.0945,  0.0545,
         0.1327,  0.1343,  0.0299, -0.1030,  0.1264, -0.0671, -0.0668,  0.1183,
         0.1096,  0.0427,  0.0089, -0.1190, -0.0147,  0.1356,  0.0360,  0.0121,
        -0.0294, -0.0493,  0.0843,  0.0087,  0.0920, -0.0250,  0.0618,  0.0584,
         0.0226,  0.0889,  0.0886,  0.1311,  0.1087, -0.0362, -0.1197,  0.0259,
        -0.0012, -0.0369, -0.0237,  0.0067,  0.1032,  0.0441, -0.0502, -0.0582,
        -0.0350, -0.0547], device='cuda:1')
rank: local_param 1 tensor([2.], device='cuda:1', requires_grad=True)
rank: flatten_data 1 tensor([2., 2.], device='cuda:1')
rank: local_param 1 tensor([-0.3130, -0.1222, -0.2426,  0.2595,  0.0911,  0.1310,  0.1000, -0.0055,
         0.2475, -0.2247,  0.0199, -0.2158,  0.0975, -0.1089,  0.0969, -0.0659,
         0.2623, -0.1874, -0.1886, -0.1886,  0.2844,  0.1054,  0.3043, -0.2610,
        -0.3137, -0.2474, -0.2127,  0.1281,  0.1132,  0.2628, -0.1633, -0.2156,
         0.1678, -0.1278,  0.1919, -0.0750,  0.1809, -0.2457, -0.1596,  0.0964,
         0.0669, -0.0806,  0.1885,  0.2150, -0.2293, -0.1688,  0.2896, -0.1067,
        -0.1121, -0.3060], device='cuda:1', requires_grad=True)
rank: flatten_data 1 tensor([ 0.2418,  0.2625, -0.0741,  0.2905, -0.0693,  0.0638, -0.1540,  0.1857,
         0.2788, -0.2320,  0.2749,  0.0592,  0.2336,  0.0428,  0.1525, -0.0446,
         0.2438,  0.0467, -0.1476,  0.0806, -0.1457, -0.0371, -0.1284,  0.2098,
        -0.2496, -0.1458, -0.0893, -0.1901,  0.0298, -0.3123,  0.2856, -0.2686,
         0.2441,  0.0526, -0.1027,  0.1954,  0.0493,  0.2555,  0.0346, -0.0997,
         0.0850, -0.0858,  0.1331,  0.2823,  0.1828, -0.1382,  0.1825,  0.0566,
         0.1606, -0.1927, -0.3130, -0.1222, -0.2426,  0.2595,  0.0911,  0.1310,
         0.1000, -0.0055,  0.2475, -0.2247,  0.0199, -0.2158,  0.0975, -0.1089,
         0.0969, -0.0659,  0.2623, -0.1874, -0.1886, -0.1886,  0.2844,  0.1054,
         0.3043, -0.2610, -0.3137, -0.2474, -0.2127,  0.1281,  0.1132,  0.2628,
        -0.1633, -0.2156,  0.1678, -0.1278,  0.1919, -0.0750,  0.1809, -0.2457,
        -0.1596,  0.0964,  0.0669, -0.0806,  0.1885,  0.2150, -0.2293, -0.1688,
         0.2896, -0.1067, -0.1121, -0.3060], device='cuda:1')
rank: local_param 1 tensor([ 0.0872,  0.1733,  0.2404,  0.1761, -0.3135,  0.0280,  0.1916, -0.0292,
        -0.1863,  0.3015, -0.1183, -0.1800, -0.2851,  0.0141,  0.1401,  0.0700,
         0.0625, -0.2398, -0.2953,  0.0056,  0.2883,  0.1824, -0.1841, -0.0410,
        -0.2331, -0.1526,  0.0573,  0.1722,  0.2620, -0.2903,  0.2114, -0.2230,
         0.1184,  0.2676,  0.0044,  0.2877, -0.2694, -0.1208,  0.1844, -0.0689,
        -0.0647, -0.1318,  0.2180,  0.1551,  0.1013, -0.1777, -0.2567,  0.0342,
         0.0937, -0.1460, -0.0885,  0.2136,  0.0252,  0.0143, -0.0778, -0.2864,
        -0.2973, -0.1512, -0.1607,  0.0985, -0.0921, -0.1237,  0.3015,  0.1101,
         0.2254, -0.1531, -0.1292,  0.1162, -0.2107, -0.2067, -0.0153, -0.1157,
        -0.2371,  0.1876,  0.2543,  0.0513, -0.0551, -0.2929, -0.1152,  0.0805,
         0.1491, -0.0400, -0.1250,  0.1762, -0.2518,  0.1999, -0.1227,  0.0048,
        -0.0625,  0.0383, -0.0956,  0.2299, -0.0082,  0.2468,  0.3040, -0.1541,
        -0.2307,  0.2537,  0.2478, -0.2415, -0.0244, -0.3118, -0.2589,  0.0611,
         0.0841,  0.0670, -0.0861,  0.2917,  0.0452, -0.1866, -0.0179,  0.0759,
         0.1107, -0.2236,  0.1185, -0.1616, -0.2628, -0.1727,  0.3050,  0.2703,
         0.2832,  0.1856,  0.2389, -0.0423, -0.1740,  0.1580, -0.1639, -0.2134,
        -0.1010,  0.0664,  0.1628, -0.1228, -0.1861,  0.0427, -0.1864, -0.2059,
         0.1648, -0.0531,  0.2890,  0.3076,  0.0946,  0.1088,  0.0728,  0.0050,
        -0.0230,  0.0043,  0.1181,  0.2940, -0.0820, -0.1337, -0.0766, -0.1528,
         0.0538,  0.2360,  0.2473,  0.1452, -0.2327, -0.1697, -0.0695, -0.0583,
         0.0260, -0.2903,  0.0984, -0.2412, -0.2001, -0.2629,  0.2755, -0.2994,
         0.2386, -0.0106, -0.0368,  0.1978, -0.0292,  0.1983,  0.2286, -0.2746,
         0.1217,  0.0597,  0.0680,  0.0462,  0.0865, -0.1521, -0.0405,  0.3005,
         0.2125, -0.0119, -0.2974,  0.0139, -0.2153,  0.2572, -0.1920, -0.0228,
        -0.0702,  0.0563,  0.2976,  0.0300,  0.1831,  0.2455,  0.2553, -0.1092,
        -0.0707,  0.1524, -0.0863,  0.1481, -0.0691, -0.2145,  0.1287,  0.0485,
         0.1410,  0.3142,  0.2159,  0.2998,  0.0169, -0.2720, -0.2218, -0.1964,
        -0.2787, -0.1585, -0.2911, -0.2918, -0.1890, -0.3117, -0.1941,  0.1206,
         0.2638, -0.0941, -0.0920,  0.1689, -0.1560, -0.1495,  0.1948, -0.2755,
         0.0387,  0.2793,  0.0542,  0.0860, -0.1842, -0.0044,  0.0174,  0.0776,
         0.1229,  0.2748, -0.2414,  0.0095, -0.1580, -0.2502, -0.0253, -0.2784,
         0.2207,  0.0366], device='cuda:1', requires_grad=True)
rank: flatten_data 0 tensor([-0.1811,  0.0790, -0.0417, -0.2295,  0.0074, -0.2160, -0.2683, -0.1741,
        -0.2768, -0.2014,  0.3161,  0.0597,  0.0974, -0.2949, -0.2077, -0.1053,
         0.0494, -0.2783, -0.1363, -0.1893,  0.0009, -0.1177, -0.0219, -0.2143,
        -0.2171, -0.1845, -0.1082, -0.2496,  0.2651, -0.0628,  0.2721,  0.0985,
        -0.2678,  0.2188, -0.0870, -0.1212, -0.2625, -0.3144,  0.0905, -0.0691,
         0.1231, -0.2595,  0.2348, -0.2321, -0.0546,  0.0661,  0.1633,  0.2553,
         0.2881, -0.2507,  0.0796, -0.1360, -0.0347, -0.2367,  0.2880, -0.2321,
         0.1690,  0.1111,  0.1028, -0.1710,  0.2874,  0.0695,  0.0407, -0.2787,
         0.1327, -0.0474, -0.1449,  0.2716,  0.0705, -0.1750, -0.1601, -0.0151,
         0.1766, -0.0808, -0.1804, -0.1083, -0.2362,  0.1128,  0.2448, -0.2977,
         0.0734,  0.1634,  0.0573, -0.1126,  0.1651,  0.1662,  0.1182, -0.0556,
        -0.0837,  0.0338, -0.0559, -0.0942,  0.2021,  0.2718, -0.0313, -0.0708,
         0.0046, -0.0189,  0.0760,  0.0886, -0.2872, -0.1167,  0.2663,  0.1232,
        -0.0157, -0.1907, -0.1935, -0.2833, -0.1031,  0.1068,  0.2016,  0.1460,
        -0.2795, -0.1902, -0.0499,  0.3059,  0.0457, -0.0819,  0.1308, -0.1204,
        -0.2047,  0.2308, -0.1438, -0.0634, -0.3146,  0.2116,  0.2396,  0.1152,
        -0.2205, -0.3121, -0.2568,  0.2358,  0.1518,  0.2661,  0.1657,  0.0800,
        -0.0031, -0.2405, -0.2709, -0.2958,  0.1295, -0.1553, -0.0636, -0.1820,
        -0.0576, -0.2226, -0.2066,  0.1049, -0.0940,  0.1952, -0.1014, -0.2320,
        -0.0558, -0.1533, -0.0967, -0.3010,  0.1769, -0.2202,  0.1589,  0.1435,
         0.2259, -0.2426,  0.2274, -0.1495,  0.1173,  0.2970, -0.0446, -0.0024,
        -0.0728, -0.2640,  0.1518, -0.3139,  0.1963,  0.2366,  0.2991, -0.0746,
        -0.2598,  0.0711,  0.1747, -0.3147, -0.0718, -0.1896, -0.0277, -0.1557,
        -0.1293, -0.1004, -0.3005,  0.2595,  0.2651, -0.0496, -0.0360, -0.1291,
        -0.2856, -0.3077,  0.1175, -0.1736, -0.2033, -0.0247, -0.1053, -0.1023,
         0.0102, -0.0671, -0.1089, -0.1514, -0.2574,  0.2652, -0.1266,  0.0838,
        -0.1097,  0.0257,  0.2948,  0.1457, -0.2740,  0.1255,  0.3002,  0.0832,
         0.2120,  0.3118, -0.0485,  0.0656, -0.2198, -0.0652,  0.2342,  0.1621,
        -0.2001, -0.2536, -0.2161, -0.3121, -0.2440, -0.0782,  0.2134,  0.0529,
        -0.2405, -0.2537,  0.1573, -0.2352, -0.0389,  0.1517, -0.1464, -0.0345,
        -0.0275, -0.0748, -0.1603, -0.2819, -0.2556, -0.1693,  0.3054, -0.1527,
        -0.2124,  0.0767,  0.0872,  0.1733,  0.2404,  0.1761, -0.3135,  0.0280,
         0.1916, -0.0292, -0.1863,  0.3015, -0.1183, -0.1800, -0.2851,  0.0141,
         0.1401,  0.0700,  0.0625, -0.2398, -0.2953,  0.0056,  0.2883,  0.1824,
        -0.1841, -0.0410, -0.2331, -0.1526,  0.0573,  0.1722,  0.2620, -0.2903,
         0.2114, -0.2230,  0.1184,  0.2676,  0.0044,  0.2877, -0.2694, -0.1208,
         0.1844, -0.0689, -0.0647, -0.1318,  0.2180,  0.1551,  0.1013, -0.1777,
        -0.2567,  0.0342,  0.0937, -0.1460, -0.0885,  0.2136,  0.0252,  0.0143,
        -0.0778, -0.2864, -0.2973, -0.1512, -0.1607,  0.0985, -0.0921, -0.1237,
         0.3015,  0.1101,  0.2254, -0.1531, -0.1292,  0.1162, -0.2107, -0.2067,
        -0.0153, -0.1157, -0.2371,  0.1876,  0.2543,  0.0513, -0.0551, -0.2929,
        -0.1152,  0.0805,  0.1491, -0.0400, -0.1250,  0.1762, -0.2518,  0.1999,
        -0.1227,  0.0048, -0.0625,  0.0383, -0.0956,  0.2299, -0.0082,  0.2468,
         0.3040, -0.1541, -0.2307,  0.2537,  0.2478, -0.2415, -0.0244, -0.3118,
        -0.2589,  0.0611,  0.0841,  0.0670, -0.0861,  0.2917,  0.0452, -0.1866,
        -0.0179,  0.0759,  0.1107, -0.2236,  0.1185, -0.1616, -0.2628, -0.1727,
         0.3050,  0.2703,  0.2832,  0.1856,  0.2389, -0.0423, -0.1740,  0.1580,
        -0.1639, -0.2134, -0.1010,  0.0664,  0.1628, -0.1228, -0.1861,  0.0427,
        -0.1864, -0.2059,  0.1648, -0.0531,  0.2890,  0.3076,  0.0946,  0.1088,
         0.0728,  0.0050, -0.0230,  0.0043,  0.1181,  0.2940, -0.0820, -0.1337,
        -0.0766, -0.1528,  0.0538,  0.2360,  0.2473,  0.1452, -0.2327, -0.1697,
        -0.0695, -0.0583,  0.0260, -0.2903,  0.0984, -0.2412, -0.2001, -0.2629,
         0.2755, -0.2994,  0.2386, -0.0106, -0.0368,  0.1978, -0.0292,  0.1983,
         0.2286, -0.2746,  0.1217,  0.0597,  0.0680,  0.0462,  0.0865, -0.1521,
        -0.0405,  0.3005,  0.2125, -0.0119, -0.2974,  0.0139, -0.2153,  0.2572,
        -0.1920, -0.0228, -0.0702,  0.0563,  0.2976,  0.0300,  0.1831,  0.2455,
         0.2553, -0.1092, -0.0707,  0.1524, -0.0863,  0.1481, -0.0691, -0.2145,
         0.1287,  0.0485,  0.1410,  0.3142,  0.2159,  0.2998,  0.0169, -0.2720,
        -0.2218, -0.1964, -0.2787, -0.1585, -0.2911, -0.2918, -0.1890, -0.3117,
        -0.1941,  0.1206,  0.2638, -0.0941, -0.0920,  0.1689, -0.1560, -0.1495,
         0.1948, -0.2755,  0.0387,  0.2793,  0.0542,  0.0860, -0.1842, -0.0044,
         0.0174,  0.0776,  0.1229,  0.2748, -0.2414,  0.0095, -0.1580, -0.2502,
        -0.0253, -0.2784,  0.2207,  0.0366], device='cuda:0')
rank: local_param 0 tensor([-0.1704,  0.1653, -0.2993, -0.1223, -0.0616, -0.2687, -0.2011, -0.0516,
         0.2399,  0.3054,  0.2012, -0.1888, -0.2069,  0.2760,  0.1119,  0.0084,
         0.0428, -0.2542, -0.1056,  0.3044, -0.0780, -0.0159, -0.2626, -0.1769,
        -0.0065], device='cuda:0', requires_grad=True)
rank: flatten_data 0 tensor([-0.1704,  0.1653, -0.2993, -0.1223, -0.0616, -0.2687, -0.2011, -0.0516,
         0.2399,  0.3054,  0.2012, -0.1888, -0.2069,  0.2760,  0.1119,  0.0084,
         0.0428, -0.2542, -0.1056,  0.3044, -0.0780, -0.0159, -0.2626, -0.1769,
        -0.0065, -0.1964, -0.0392,  0.1287, -0.3093,  0.0939, -0.2091, -0.1543,
         0.1214,  0.2514, -0.0864, -0.1298, -0.2859, -0.1631, -0.2769, -0.0724,
         0.0645, -0.2963,  0.2761,  0.1984, -0.3096, -0.1510,  0.1031, -0.0650,
        -0.0345, -0.1428], device='cuda:0')
rank: local_param 0 tensor([ 0.1136, -0.0791,  0.1173,  0.0091,  0.0284,  0.1103, -0.0233, -0.0805,
        -0.0229,  0.1147, -0.1049,  0.0321, -0.1390,  0.0741,  0.0523,  0.0060,
         0.0607,  0.0002,  0.0783, -0.1120, -0.0208,  0.0627,  0.1408,  0.0720,
        -0.1028,  0.1088, -0.0315, -0.0302, -0.1285, -0.0223,  0.1000,  0.0197,
        -0.0824,  0.0435, -0.0453,  0.1291, -0.1227, -0.0447, -0.1366, -0.0557,
         0.0446,  0.1361,  0.0238,  0.1386,  0.0277,  0.0817,  0.1134,  0.1182,
        -0.0792,  0.1300,  0.0857, -0.0661, -0.0675, -0.1186,  0.0355, -0.1146,
         0.0597,  0.0447, -0.1229,  0.0385, -0.0115,  0.0646,  0.0811, -0.1406,
         0.1297,  0.1186,  0.0563, -0.1293, -0.0505, -0.0410, -0.0363,  0.0798,
         0.0514,  0.1120, -0.0530,  0.0476,  0.0503, -0.1177, -0.1372, -0.0734,
         0.0968, -0.1331, -0.1231,  0.0792,  0.0763,  0.1163, -0.1068, -0.1035,
         0.0725,  0.1230,  0.0846,  0.0222,  0.0466,  0.1342, -0.0912, -0.0642,
         0.0989, -0.0968, -0.0780,  0.1032,  0.0446,  0.0457, -0.0599, -0.0020,
         0.1294, -0.0849,  0.0011,  0.0673, -0.0976,  0.1373, -0.0707, -0.0340,
        -0.0383, -0.0922, -0.1388,  0.0797,  0.0376, -0.1325, -0.0910,  0.1398,
         0.0541,  0.0567, -0.0846, -0.0620, -0.0213], device='cuda:0',
       requires_grad=True)
rank: flatten_data 0 tensor([ 0.1136, -0.0791,  0.1173,  0.0091,  0.0284,  0.1103, -0.0233, -0.0805,
        -0.0229,  0.1147, -0.1049,  0.0321, -0.1390,  0.0741,  0.0523,  0.0060,
         0.0607,  0.0002,  0.0783, -0.1120, -0.0208,  0.0627,  0.1408,  0.0720,
        -0.1028,  0.1088, -0.0315, -0.0302, -0.1285, -0.0223,  0.1000,  0.0197,
        -0.0824,  0.0435, -0.0453,  0.1291, -0.1227, -0.0447, -0.1366, -0.0557,
         0.0446,  0.1361,  0.0238,  0.1386,  0.0277,  0.0817,  0.1134,  0.1182,
        -0.0792,  0.1300,  0.0857, -0.0661, -0.0675, -0.1186,  0.0355, -0.1146,
         0.0597,  0.0447, -0.1229,  0.0385, -0.0115,  0.0646,  0.0811, -0.1406,
         0.1297,  0.1186,  0.0563, -0.1293, -0.0505, -0.0410, -0.0363,  0.0798,
         0.0514,  0.1120, -0.0530,  0.0476,  0.0503, -0.1177, -0.1372, -0.0734,
         0.0968, -0.1331, -0.1231,  0.0792,  0.0763,  0.1163, -0.1068, -0.1035,
         0.0725,  0.1230,  0.0846,  0.0222,  0.0466,  0.1342, -0.0912, -0.0642,
         0.0989, -0.0968, -0.0780,  0.1032,  0.0446,  0.0457, -0.0599, -0.0020,
         0.1294, -0.0849,  0.0011,  0.0673, -0.0976,  0.1373, -0.0707, -0.0340,
        -0.0383, -0.0922, -0.1388,  0.0797,  0.0376, -0.1325, -0.0910,  0.1398,
         0.0541,  0.0567, -0.0846, -0.0620, -0.0213, -0.0259, -0.0969,  0.0117,
         0.0141, -0.0179,  0.0196, -0.0561,  0.0368,  0.0533, -0.0745, -0.1402,
         0.0740,  0.0337, -0.0719,  0.1363, -0.0640,  0.0956,  0.0717, -0.1186,
         0.0912, -0.1300, -0.0783, -0.0236, -0.0953,  0.1382, -0.0284,  0.0562,
        -0.1263,  0.0814, -0.0440, -0.1076,  0.0207,  0.0685,  0.1224, -0.0864,
        -0.0696,  0.0272,  0.0384,  0.0544,  0.0776, -0.0321,  0.0786,  0.1043,
        -0.0369,  0.1006,  0.0691,  0.1247, -0.0804, -0.0698, -0.0409,  0.0072,
         0.0849, -0.0807,  0.0708, -0.0507,  0.0854, -0.0067, -0.1239, -0.0778,
        -0.1024,  0.0701, -0.0948, -0.0118,  0.0305, -0.0776,  0.0408, -0.1381,
        -0.1012, -0.1281, -0.0428, -0.0515,  0.0203, -0.0262,  0.0665,  0.1297,
         0.0507, -0.0557, -0.1324,  0.0512, -0.0701,  0.0720,  0.0945,  0.0545,
         0.1327,  0.1343,  0.0299, -0.1030,  0.1264, -0.0671, -0.0668,  0.1183,
         0.1096,  0.0427,  0.0089, -0.1190, -0.0147,  0.1356,  0.0360,  0.0121,
        -0.0294, -0.0493,  0.0843,  0.0087,  0.0920, -0.0250,  0.0618,  0.0584,
         0.0226,  0.0889,  0.0886,  0.1311,  0.1087, -0.0362, -0.1197,  0.0259,
        -0.0012, -0.0369, -0.0237,  0.0067,  0.1032,  0.0441, -0.0502, -0.0582,
        -0.0350, -0.0547], device='cuda:0')
rank: flatten_data 1 tensor([-0.1811,  0.0790, -0.0417, -0.2295,  0.0074, -0.2160, -0.2683, -0.1741,
        -0.2768, -0.2014,  0.3161,  0.0597,  0.0974, -0.2949, -0.2077, -0.1053,
         0.0494, -0.2783, -0.1363, -0.1893,  0.0009, -0.1177, -0.0219, -0.2143,
        -0.2171, -0.1845, -0.1082, -0.2496,  0.2651, -0.0628,  0.2721,  0.0985,
        -0.2678,  0.2188, -0.0870, -0.1212, -0.2625, -0.3144,  0.0905, -0.0691,
         0.1231, -0.2595,  0.2348, -0.2321, -0.0546,  0.0661,  0.1633,  0.2553,
         0.2881, -0.2507,  0.0796, -0.1360, -0.0347, -0.2367,  0.2880, -0.2321,
         0.1690,  0.1111,  0.1028, -0.1710,  0.2874,  0.0695,  0.0407, -0.2787,
         0.1327, -0.0474, -0.1449,  0.2716,  0.0705, -0.1750, -0.1601, -0.0151,
         0.1766, -0.0808, -0.1804, -0.1083, -0.2362,  0.1128,  0.2448, -0.2977,
         0.0734,  0.1634,  0.0573, -0.1126,  0.1651,  0.1662,  0.1182, -0.0556,
        -0.0837,  0.0338, -0.0559, -0.0942,  0.2021,  0.2718, -0.0313, -0.0708,
         0.0046, -0.0189,  0.0760,  0.0886, -0.2872, -0.1167,  0.2663,  0.1232,
        -0.0157, -0.1907, -0.1935, -0.2833, -0.1031,  0.1068,  0.2016,  0.1460,
        -0.2795, -0.1902, -0.0499,  0.3059,  0.0457, -0.0819,  0.1308, -0.1204,
        -0.2047,  0.2308, -0.1438, -0.0634, -0.3146,  0.2116,  0.2396,  0.1152,
        -0.2205, -0.3121, -0.2568,  0.2358,  0.1518,  0.2661,  0.1657,  0.0800,
        -0.0031, -0.2405, -0.2709, -0.2958,  0.1295, -0.1553, -0.0636, -0.1820,
        -0.0576, -0.2226, -0.2066,  0.1049, -0.0940,  0.1952, -0.1014, -0.2320,
        -0.0558, -0.1533, -0.0967, -0.3010,  0.1769, -0.2202,  0.1589,  0.1435,
         0.2259, -0.2426,  0.2274, -0.1495,  0.1173,  0.2970, -0.0446, -0.0024,
        -0.0728, -0.2640,  0.1518, -0.3139,  0.1963,  0.2366,  0.2991, -0.0746,
        -0.2598,  0.0711,  0.1747, -0.3147, -0.0718, -0.1896, -0.0277, -0.1557,
        -0.1293, -0.1004, -0.3005,  0.2595,  0.2651, -0.0496, -0.0360, -0.1291,
        -0.2856, -0.3077,  0.1175, -0.1736, -0.2033, -0.0247, -0.1053, -0.1023,
         0.0102, -0.0671, -0.1089, -0.1514, -0.2574,  0.2652, -0.1266,  0.0838,
        -0.1097,  0.0257,  0.2948,  0.1457, -0.2740,  0.1255,  0.3002,  0.0832,
         0.2120,  0.3118, -0.0485,  0.0656, -0.2198, -0.0652,  0.2342,  0.1621,
        -0.2001, -0.2536, -0.2161, -0.3121, -0.2440, -0.0782,  0.2134,  0.0529,
        -0.2405, -0.2537,  0.1573, -0.2352, -0.0389,  0.1517, -0.1464, -0.0345,
        -0.0275, -0.0748, -0.1603, -0.2819, -0.2556, -0.1693,  0.3054, -0.1527,
        -0.2124,  0.0767,  0.0872,  0.1733,  0.2404,  0.1761, -0.3135,  0.0280,
         0.1916, -0.0292, -0.1863,  0.3015, -0.1183, -0.1800, -0.2851,  0.0141,
         0.1401,  0.0700,  0.0625, -0.2398, -0.2953,  0.0056,  0.2883,  0.1824,
        -0.1841, -0.0410, -0.2331, -0.1526,  0.0573,  0.1722,  0.2620, -0.2903,
         0.2114, -0.2230,  0.1184,  0.2676,  0.0044,  0.2877, -0.2694, -0.1208,
         0.1844, -0.0689, -0.0647, -0.1318,  0.2180,  0.1551,  0.1013, -0.1777,
        -0.2567,  0.0342,  0.0937, -0.1460, -0.0885,  0.2136,  0.0252,  0.0143,
        -0.0778, -0.2864, -0.2973, -0.1512, -0.1607,  0.0985, -0.0921, -0.1237,
         0.3015,  0.1101,  0.2254, -0.1531, -0.1292,  0.1162, -0.2107, -0.2067,
        -0.0153, -0.1157, -0.2371,  0.1876,  0.2543,  0.0513, -0.0551, -0.2929,
        -0.1152,  0.0805,  0.1491, -0.0400, -0.1250,  0.1762, -0.2518,  0.1999,
        -0.1227,  0.0048, -0.0625,  0.0383, -0.0956,  0.2299, -0.0082,  0.2468,
         0.3040, -0.1541, -0.2307,  0.2537,  0.2478, -0.2415, -0.0244, -0.3118,
        -0.2589,  0.0611,  0.0841,  0.0670, -0.0861,  0.2917,  0.0452, -0.1866,
        -0.0179,  0.0759,  0.1107, -0.2236,  0.1185, -0.1616, -0.2628, -0.1727,
         0.3050,  0.2703,  0.2832,  0.1856,  0.2389, -0.0423, -0.1740,  0.1580,
        -0.1639, -0.2134, -0.1010,  0.0664,  0.1628, -0.1228, -0.1861,  0.0427,
        -0.1864, -0.2059,  0.1648, -0.0531,  0.2890,  0.3076,  0.0946,  0.1088,
         0.0728,  0.0050, -0.0230,  0.0043,  0.1181,  0.2940, -0.0820, -0.1337,
        -0.0766, -0.1528,  0.0538,  0.2360,  0.2473,  0.1452, -0.2327, -0.1697,
        -0.0695, -0.0583,  0.0260, -0.2903,  0.0984, -0.2412, -0.2001, -0.2629,
         0.2755, -0.2994,  0.2386, -0.0106, -0.0368,  0.1978, -0.0292,  0.1983,
         0.2286, -0.2746,  0.1217,  0.0597,  0.0680,  0.0462,  0.0865, -0.1521,
        -0.0405,  0.3005,  0.2125, -0.0119, -0.2974,  0.0139, -0.2153,  0.2572,
        -0.1920, -0.0228, -0.0702,  0.0563,  0.2976,  0.0300,  0.1831,  0.2455,
         0.2553, -0.1092, -0.0707,  0.1524, -0.0863,  0.1481, -0.0691, -0.2145,
         0.1287,  0.0485,  0.1410,  0.3142,  0.2159,  0.2998,  0.0169, -0.2720,
        -0.2218, -0.1964, -0.2787, -0.1585, -0.2911, -0.2918, -0.1890, -0.3117,
        -0.1941,  0.1206,  0.2638, -0.0941, -0.0920,  0.1689, -0.1560, -0.1495,
         0.1948, -0.2755,  0.0387,  0.2793,  0.0542,  0.0860, -0.1842, -0.0044,
         0.0174,  0.0776,  0.1229,  0.2748, -0.2414,  0.0095, -0.1580, -0.2502,
        -0.0253, -0.2784,  0.2207,  0.0366], device='cuda:1')
rank: local_param 1 tensor([-0.1964, -0.0392,  0.1287, -0.3093,  0.0939, -0.2091, -0.1543,  0.1214,
         0.2514, -0.0864, -0.1298, -0.2859, -0.1631, -0.2769, -0.0724,  0.0645,
        -0.2963,  0.2761,  0.1984, -0.3096, -0.1510,  0.1031, -0.0650, -0.0345,
        -0.1428], device='cuda:1', requires_grad=True)
rank: flatten_data 1 tensor([-0.1704,  0.1653, -0.2993, -0.1223, -0.0616, -0.2687, -0.2011, -0.0516,
         0.2399,  0.3054,  0.2012, -0.1888, -0.2069,  0.2760,  0.1119,  0.0084,
         0.0428, -0.2542, -0.1056,  0.3044, -0.0780, -0.0159, -0.2626, -0.1769,
        -0.0065, -0.1964, -0.0392,  0.1287, -0.3093,  0.0939, -0.2091, -0.1543,
         0.1214,  0.2514, -0.0864, -0.1298, -0.2859, -0.1631, -0.2769, -0.0724,
         0.0645, -0.2963,  0.2761,  0.1984, -0.3096, -0.1510,  0.1031, -0.0650,
        -0.0345, -0.1428], device='cuda:1')
rank: local_param 1 tensor([-0.0259, -0.0969,  0.0117,  0.0141, -0.0179,  0.0196, -0.0561,  0.0368,
         0.0533, -0.0745, -0.1402,  0.0740,  0.0337, -0.0719,  0.1363, -0.0640,
         0.0956,  0.0717, -0.1186,  0.0912, -0.1300, -0.0783, -0.0236, -0.0953,
         0.1382, -0.0284,  0.0562, -0.1263,  0.0814, -0.0440, -0.1076,  0.0207,
         0.0685,  0.1224, -0.0864, -0.0696,  0.0272,  0.0384,  0.0544,  0.0776,
        -0.0321,  0.0786,  0.1043, -0.0369,  0.1006,  0.0691,  0.1247, -0.0804,
        -0.0698, -0.0409,  0.0072,  0.0849, -0.0807,  0.0708, -0.0507,  0.0854,
        -0.0067, -0.1239, -0.0778, -0.1024,  0.0701, -0.0948, -0.0118,  0.0305,
        -0.0776,  0.0408, -0.1381, -0.1012, -0.1281, -0.0428, -0.0515,  0.0203,
        -0.0262,  0.0665,  0.1297,  0.0507, -0.0557, -0.1324,  0.0512, -0.0701,
         0.0720,  0.0945,  0.0545,  0.1327,  0.1343,  0.0299, -0.1030,  0.1264,
        -0.0671, -0.0668,  0.1183,  0.1096,  0.0427,  0.0089, -0.1190, -0.0147,
         0.1356,  0.0360,  0.0121, -0.0294, -0.0493,  0.0843,  0.0087,  0.0920,
        -0.0250,  0.0618,  0.0584,  0.0226,  0.0889,  0.0886,  0.1311,  0.1087,
        -0.0362, -0.1197,  0.0259, -0.0012, -0.0369, -0.0237,  0.0067,  0.1032,
         0.0441, -0.0502, -0.0582, -0.0350, -0.0547], device='cuda:1',
       requires_grad=True)
rank: flatten_data 1 tensor([ 0.1136, -0.0791,  0.1173,  0.0091,  0.0284,  0.1103, -0.0233, -0.0805,
        -0.0229,  0.1147, -0.1049,  0.0321, -0.1390,  0.0741,  0.0523,  0.0060,
         0.0607,  0.0002,  0.0783, -0.1120, -0.0208,  0.0627,  0.1408,  0.0720,
        -0.1028,  0.1088, -0.0315, -0.0302, -0.1285, -0.0223,  0.1000,  0.0197,
        -0.0824,  0.0435, -0.0453,  0.1291, -0.1227, -0.0447, -0.1366, -0.0557,
         0.0446,  0.1361,  0.0238,  0.1386,  0.0277,  0.0817,  0.1134,  0.1182,
        -0.0792,  0.1300,  0.0857, -0.0661, -0.0675, -0.1186,  0.0355, -0.1146,
         0.0597,  0.0447, -0.1229,  0.0385, -0.0115,  0.0646,  0.0811, -0.1406,
         0.1297,  0.1186,  0.0563, -0.1293, -0.0505, -0.0410, -0.0363,  0.0798,
         0.0514,  0.1120, -0.0530,  0.0476,  0.0503, -0.1177, -0.1372, -0.0734,
         0.0968, -0.1331, -0.1231,  0.0792,  0.0763,  0.1163, -0.1068, -0.1035,
         0.0725,  0.1230,  0.0846,  0.0222,  0.0466,  0.1342, -0.0912, -0.0642,
         0.0989, -0.0968, -0.0780,  0.1032,  0.0446,  0.0457, -0.0599, -0.0020,
         0.1294, -0.0849,  0.0011,  0.0673, -0.0976,  0.1373, -0.0707, -0.0340,
        -0.0383, -0.0922, -0.1388,  0.0797,  0.0376, -0.1325, -0.0910,  0.1398,
         0.0541,  0.0567, -0.0846, -0.0620, -0.0213, -0.0259, -0.0969,  0.0117,
         0.0141, -0.0179,  0.0196, -0.0561,  0.0368,  0.0533, -0.0745, -0.1402,
         0.0740,  0.0337, -0.0719,  0.1363, -0.0640,  0.0956,  0.0717, -0.1186,
         0.0912, -0.1300, -0.0783, -0.0236, -0.0953,  0.1382, -0.0284,  0.0562,
        -0.1263,  0.0814, -0.0440, -0.1076,  0.0207,  0.0685,  0.1224, -0.0864,
        -0.0696,  0.0272,  0.0384,  0.0544,  0.0776, -0.0321,  0.0786,  0.1043,
        -0.0369,  0.1006,  0.0691,  0.1247, -0.0804, -0.0698, -0.0409,  0.0072,
         0.0849, -0.0807,  0.0708, -0.0507,  0.0854, -0.0067, -0.1239, -0.0778,
        -0.1024,  0.0701, -0.0948, -0.0118,  0.0305, -0.0776,  0.0408, -0.1381,
        -0.1012, -0.1281, -0.0428, -0.0515,  0.0203, -0.0262,  0.0665,  0.1297,
         0.0507, -0.0557, -0.1324,  0.0512, -0.0701,  0.0720,  0.0945,  0.0545,
         0.1327,  0.1343,  0.0299, -0.1030,  0.1264, -0.0671, -0.0668,  0.1183,
         0.1096,  0.0427,  0.0089, -0.1190, -0.0147,  0.1356,  0.0360,  0.0121,
        -0.0294, -0.0493,  0.0843,  0.0087,  0.0920, -0.0250,  0.0618,  0.0584,
         0.0226,  0.0889,  0.0886,  0.1311,  0.1087, -0.0362, -0.1197,  0.0259,
        -0.0012, -0.0369, -0.0237,  0.0067,  0.1032,  0.0441, -0.0502, -0.0582,
        -0.0350, -0.0547], device='cuda:1')
rank: local_param 1 tensor([2.], device='cuda:1', requires_grad=True)
rank: flatten_data 1 tensor([2., 2.], device='cuda:1')
rank: local_param 1 tensor([-0.3130, -0.1222, -0.2426,  0.2595,  0.0911,  0.1310,  0.1000, -0.0055,
         0.2475, -0.2247,  0.0199, -0.2158,  0.0975, -0.1089,  0.0969, -0.0659,
         0.2623, -0.1874, -0.1886, -0.1886,  0.2844,  0.1054,  0.3043, -0.2610,
        -0.3137, -0.2474, -0.2127,  0.1281,  0.1132,  0.2628, -0.1633, -0.2156,
         0.1678, -0.1278,  0.1919, -0.0750,  0.1809, -0.2457, -0.1596,  0.0964,
         0.0669, -0.0806,  0.1885,  0.2150, -0.2293, -0.1688,  0.2896, -0.1067,
        -0.1121, -0.3060], device='cuda:1', requires_grad=True)
rank: flatten_data 1 tensor([ 0.2418,  0.2625, -0.0741,  0.2905, -0.0693,  0.0638, -0.1540,  0.1857,
         0.2788, -0.2320,  0.2749,  0.0592,  0.2336,  0.0428,  0.1525, -0.0446,
         0.2438,  0.0467, -0.1476,  0.0806, -0.1457, -0.0371, -0.1284,  0.2098,
        -0.2496, -0.1458, -0.0893, -0.1901,  0.0298, -0.3123,  0.2856, -0.2686,
         0.2441,  0.0526, -0.1027,  0.1954,  0.0493,  0.2555,  0.0346, -0.0997,
         0.0850, -0.0858,  0.1331,  0.2823,  0.1828, -0.1382,  0.1825,  0.0566,
         0.1606, -0.1927, -0.3130, -0.1222, -0.2426,  0.2595,  0.0911,  0.1310,
         0.1000, -0.0055,  0.2475, -0.2247,  0.0199, -0.2158,  0.0975, -0.1089,
         0.0969, -0.0659,  0.2623, -0.1874, -0.1886, -0.1886,  0.2844,  0.1054,
         0.3043, -0.2610, -0.3137, -0.2474, -0.2127,  0.1281,  0.1132,  0.2628,
        -0.1633, -0.2156,  0.1678, -0.1278,  0.1919, -0.0750,  0.1809, -0.2457,
        -0.1596,  0.0964,  0.0669, -0.0806,  0.1885,  0.2150, -0.2293, -0.1688,
         0.2896, -0.1067, -0.1121, -0.3060], device='cuda:1')
rank: local_param 1 tensor([ 0.0872,  0.1733,  0.2404,  0.1761, -0.3135,  0.0280,  0.1916, -0.0292,
        -0.1863,  0.3015, -0.1183, -0.1800, -0.2851,  0.0141,  0.1401,  0.0700,
         0.0625, -0.2398, -0.2953,  0.0056,  0.2883,  0.1824, -0.1841, -0.0410,
        -0.2331, -0.1526,  0.0573,  0.1722,  0.2620, -0.2903,  0.2114, -0.2230,
         0.1184,  0.2676,  0.0044,  0.2877, -0.2694, -0.1208,  0.1844, -0.0689,
        -0.0647, -0.1318,  0.2180,  0.1551,  0.1013, -0.1777, -0.2567,  0.0342,
         0.0937, -0.1460, -0.0885,  0.2136,  0.0252,  0.0143, -0.0778, -0.2864,
        -0.2973, -0.1512, -0.1607,  0.0985, -0.0921, -0.1237,  0.3015,  0.1101,
         0.2254, -0.1531, -0.1292,  0.1162, -0.2107, -0.2067, -0.0153, -0.1157,
        -0.2371,  0.1876,  0.2543,  0.0513, -0.0551, -0.2929, -0.1152,  0.0805,
         0.1491, -0.0400, -0.1250,  0.1762, -0.2518,  0.1999, -0.1227,  0.0048,
        -0.0625,  0.0383, -0.0956,  0.2299, -0.0082,  0.2468,  0.3040, -0.1541,
        -0.2307,  0.2537,  0.2478, -0.2415, -0.0244, -0.3118, -0.2589,  0.0611,
         0.0841,  0.0670, -0.0861,  0.2917,  0.0452, -0.1866, -0.0179,  0.0759,
         0.1107, -0.2236,  0.1185, -0.1616, -0.2628, -0.1727,  0.3050,  0.2703,
         0.2832,  0.1856,  0.2389, -0.0423, -0.1740,  0.1580, -0.1639, -0.2134,
        -0.1010,  0.0664,  0.1628, -0.1228, -0.1861,  0.0427, -0.1864, -0.2059,
         0.1648, -0.0531,  0.2890,  0.3076,  0.0946,  0.1088,  0.0728,  0.0050,
        -0.0230,  0.0043,  0.1181,  0.2940, -0.0820, -0.1337, -0.0766, -0.1528,
         0.0538,  0.2360,  0.2473,  0.1452, -0.2327, -0.1697, -0.0695, -0.0583,
         0.0260, -0.2903,  0.0984, -0.2412, -0.2001, -0.2629,  0.2755, -0.2994,
         0.2386, -0.0106, -0.0368,  0.1978, -0.0292,  0.1983,  0.2286, -0.2746,
         0.1217,  0.0597,  0.0680,  0.0462,  0.0865, -0.1521, -0.0405,  0.3005,
         0.2125, -0.0119, -0.2974,  0.0139, -0.2153,  0.2572, -0.1920, -0.0228,
        -0.0702,  0.0563,  0.2976,  0.0300,  0.1831,  0.2455,  0.2553, -0.1092,
        -0.0707,  0.1524, -0.0863,  0.1481, -0.0691, -0.2145,  0.1287,  0.0485,
         0.1410,  0.3142,  0.2159,  0.2998,  0.0169, -0.2720, -0.2218, -0.1964,
        -0.2787, -0.1585, -0.2911, -0.2918, -0.1890, -0.3117, -0.1941,  0.1206,
         0.2638, -0.0941, -0.0920,  0.1689, -0.1560, -0.1495,  0.1948, -0.2755,
         0.0387,  0.2793,  0.0542,  0.0860, -0.1842, -0.0044,  0.0174,  0.0776,
         0.1229,  0.2748, -0.2414,  0.0095, -0.1580, -0.2502, -0.0253, -0.2784,
         0.2207,  0.0366], device='cuda:1', requires_grad=True)
rank: flatten_data 1 tensor([-0.1811,  0.0790, -0.0417, -0.2295,  0.0074, -0.2160, -0.2683, -0.1741,
        -0.2768, -0.2014,  0.3161,  0.0597,  0.0974, -0.2949, -0.2077, -0.1053,
         0.0494, -0.2783, -0.1363, -0.1893,  0.0009, -0.1177, -0.0219, -0.2143,
        -0.2171, -0.1845, -0.1082, -0.2496,  0.2651, -0.0628,  0.2721,  0.0985,
        -0.2678,  0.2188, -0.0870, -0.1212, -0.2625, -0.3144,  0.0905, -0.0691,
         0.1231, -0.2595,  0.2348, -0.2321, -0.0546,  0.0661,  0.1633,  0.2553,
         0.2881, -0.2507,  0.0796, -0.1360, -0.0347, -0.2367,  0.2880, -0.2321,
         0.1690,  0.1111,  0.1028, -0.1710,  0.2874,  0.0695,  0.0407, -0.2787,
         0.1327, -0.0474, -0.1449,  0.2716,  0.0705, -0.1750, -0.1601, -0.0151,
         0.1766, -0.0808, -0.1804, -0.1083, -0.2362,  0.1128,  0.2448, -0.2977,
         0.0734,  0.1634,  0.0573, -0.1126,  0.1651,  0.1662,  0.1182, -0.0556,
        -0.0837,  0.0338, -0.0559, -0.0942,  0.2021,  0.2718, -0.0313, -0.0708,
         0.0046, -0.0189,  0.0760,  0.0886, -0.2872, -0.1167,  0.2663,  0.1232,
        -0.0157, -0.1907, -0.1935, -0.2833, -0.1031,  0.1068,  0.2016,  0.1460,
        -0.2795, -0.1902, -0.0499,  0.3059,  0.0457, -0.0819,  0.1308, -0.1204,
        -0.2047,  0.2308, -0.1438, -0.0634, -0.3146,  0.2116,  0.2396,  0.1152,
        -0.2205, -0.3121, -0.2568,  0.2358,  0.1518,  0.2661,  0.1657,  0.0800,
        -0.0031, -0.2405, -0.2709, -0.2958,  0.1295, -0.1553, -0.0636, -0.1820,
        -0.0576, -0.2226, -0.2066,  0.1049, -0.0940,  0.1952, -0.1014, -0.2320,
        -0.0558, -0.1533, -0.0967, -0.3010,  0.1769, -0.2202,  0.1589,  0.1435,
         0.2259, -0.2426,  0.2274, -0.1495,  0.1173,  0.2970, -0.0446, -0.0024,
        -0.0728, -0.2640,  0.1518, -0.3139,  0.1963,  0.2366,  0.2991, -0.0746,
        -0.2598,  0.0711,  0.1747, -0.3147, -0.0718, -0.1896, -0.0277, -0.1557,
        -0.1293, -0.1004, -0.3005,  0.2595,  0.2651, -0.0496, -0.0360, -0.1291,
        -0.2856, -0.3077,  0.1175, -0.1736, -0.2033, -0.0247, -0.1053, -0.1023,
         0.0102, -0.0671, -0.1089, -0.1514, -0.2574,  0.2652, -0.1266,  0.0838,
        -0.1097,  0.0257,  0.2948,  0.1457, -0.2740,  0.1255,  0.3002,  0.0832,
         0.2120,  0.3118, -0.0485,  0.0656, -0.2198, -0.0652,  0.2342,  0.1621,
        -0.2001, -0.2536, -0.2161, -0.3121, -0.2440, -0.0782,  0.2134,  0.0529,
        -0.2405, -0.2537,  0.1573, -0.2352, -0.0389,  0.1517, -0.1464, -0.0345,
        -0.0275, -0.0748, -0.1603, -0.2819, -0.2556, -0.1693,  0.3054, -0.1527,
        -0.2124,  0.0767,  0.0872,  0.1733,  0.2404,  0.1761, -0.3135,  0.0280,
         0.1916, -0.0292, -0.1863,  0.3015, -0.1183, -0.1800, -0.2851,  0.0141,
         0.1401,  0.0700,  0.0625, -0.2398, -0.2953,  0.0056,  0.2883,  0.1824,
        -0.1841, -0.0410, -0.2331, -0.1526,  0.0573,  0.1722,  0.2620, -0.2903,
         0.2114, -0.2230,  0.1184,  0.2676,  0.0044,  0.2877, -0.2694, -0.1208,
         0.1844, -0.0689, -0.0647, -0.1318,  0.2180,  0.1551,  0.1013, -0.1777,
        -0.2567,  0.0342,  0.0937, -0.1460, -0.0885,  0.2136,  0.0252,  0.0143,
        -0.0778, -0.2864, -0.2973, -0.1512, -0.1607,  0.0985, -0.0921, -0.1237,
         0.3015,  0.1101,  0.2254, -0.1531, -0.1292,  0.1162, -0.2107, -0.2067,
        -0.0153, -0.1157, -0.2371,  0.1876,  0.2543,  0.0513, -0.0551, -0.2929,
        -0.1152,  0.0805,  0.1491, -0.0400, -0.1250,  0.1762, -0.2518,  0.1999,
        -0.1227,  0.0048, -0.0625,  0.0383, -0.0956,  0.2299, -0.0082,  0.2468,
         0.3040, -0.1541, -0.2307,  0.2537,  0.2478, -0.2415, -0.0244, -0.3118,
        -0.2589,  0.0611,  0.0841,  0.0670, -0.0861,  0.2917,  0.0452, -0.1866,
        -0.0179,  0.0759,  0.1107, -0.2236,  0.1185, -0.1616, -0.2628, -0.1727,
         0.3050,  0.2703,  0.2832,  0.1856,  0.2389, -0.0423, -0.1740,  0.1580,
        -0.1639, -0.2134, -0.1010,  0.0664,  0.1628, -0.1228, -0.1861,  0.0427,
        -0.1864, -0.2059,  0.1648, -0.0531,  0.2890,  0.3076,  0.0946,  0.1088,
         0.0728,  0.0050, -0.0230,  0.0043,  0.1181,  0.2940, -0.0820, -0.1337,
        -0.0766, -0.1528,  0.0538,  0.2360,  0.2473,  0.1452, -0.2327, -0.1697,
        -0.0695, -0.0583,  0.0260, -0.2903,  0.0984, -0.2412, -0.2001, -0.2629,
         0.2755, -0.2994,  0.2386, -0.0106, -0.0368,  0.1978, -0.0292,  0.1983,
         0.2286, -0.2746,  0.1217,  0.0597,  0.0680,  0.0462,  0.0865, -0.1521,
        -0.0405,  0.3005,  0.2125, -0.0119, -0.2974,  0.0139, -0.2153,  0.2572,
        -0.1920, -0.0228, -0.0702,  0.0563,  0.2976,  0.0300,  0.1831,  0.2455,
         0.2553, -0.1092, -0.0707,  0.1524, -0.0863,  0.1481, -0.0691, -0.2145,
         0.1287,  0.0485,  0.1410,  0.3142,  0.2159,  0.2998,  0.0169, -0.2720,
        -0.2218, -0.1964, -0.2787, -0.1585, -0.2911, -0.2918, -0.1890, -0.3117,
        -0.1941,  0.1206,  0.2638, -0.0941, -0.0920,  0.1689, -0.1560, -0.1495,
         0.1948, -0.2755,  0.0387,  0.2793,  0.0542,  0.0860, -0.1842, -0.0044,
         0.0174,  0.0776,  0.1229,  0.2748, -0.2414,  0.0095, -0.1580, -0.2502,
        -0.0253, -0.2784,  0.2207,  0.0366], device='cuda:1')
rank: local_param 0 tensor([2.], device='cuda:0', requires_grad=True)
rank: flatten_data 0 tensor([2., 2.], device='cuda:0')
rank: local_param 0 tensor([ 0.2418,  0.2625, -0.0741,  0.2905, -0.0693,  0.0638, -0.1540,  0.1857,
         0.2788, -0.2320,  0.2749,  0.0592,  0.2336,  0.0428,  0.1525, -0.0446,
         0.2438,  0.0467, -0.1476,  0.0806, -0.1457, -0.0371, -0.1284,  0.2098,
        -0.2496, -0.1458, -0.0893, -0.1901,  0.0298, -0.3123,  0.2856, -0.2686,
         0.2441,  0.0526, -0.1027,  0.1954,  0.0493,  0.2555,  0.0346, -0.0997,
         0.0850, -0.0858,  0.1331,  0.2823,  0.1828, -0.1382,  0.1825,  0.0566,
         0.1606, -0.1927], device='cuda:0', requires_grad=True)
rank: flatten_data 0 tensor([ 0.2418,  0.2625, -0.0741,  0.2905, -0.0693,  0.0638, -0.1540,  0.1857,
         0.2788, -0.2320,  0.2749,  0.0592,  0.2336,  0.0428,  0.1525, -0.0446,
         0.2438,  0.0467, -0.1476,  0.0806, -0.1457, -0.0371, -0.1284,  0.2098,
        -0.2496, -0.1458, -0.0893, -0.1901,  0.0298, -0.3123,  0.2856, -0.2686,
         0.2441,  0.0526, -0.1027,  0.1954,  0.0493,  0.2555,  0.0346, -0.0997,
         0.0850, -0.0858,  0.1331,  0.2823,  0.1828, -0.1382,  0.1825,  0.0566,
         0.1606, -0.1927, -0.3130, -0.1222, -0.2426,  0.2595,  0.0911,  0.1310,
         0.1000, -0.0055,  0.2475, -0.2247,  0.0199, -0.2158,  0.0975, -0.1089,
         0.0969, -0.0659,  0.2623, -0.1874, -0.1886, -0.1886,  0.2844,  0.1054,
         0.3043, -0.2610, -0.3137, -0.2474, -0.2127,  0.1281,  0.1132,  0.2628,
        -0.1633, -0.2156,  0.1678, -0.1278,  0.1919, -0.0750,  0.1809, -0.2457,
        -0.1596,  0.0964,  0.0669, -0.0806,  0.1885,  0.2150, -0.2293, -0.1688,
         0.2896, -0.1067, -0.1121, -0.3060], device='cuda:0')
rank: local_param 0 tensor([-0.1811,  0.0790, -0.0417, -0.2295,  0.0074, -0.2160, -0.2683, -0.1741,
        -0.2768, -0.2014,  0.3161,  0.0597,  0.0974, -0.2949, -0.2077, -0.1053,
         0.0494, -0.2783, -0.1363, -0.1893,  0.0009, -0.1177, -0.0219, -0.2143,
        -0.2171, -0.1845, -0.1082, -0.2496,  0.2651, -0.0628,  0.2721,  0.0985,
        -0.2678,  0.2188, -0.0870, -0.1212, -0.2625, -0.3144,  0.0905, -0.0691,
         0.1231, -0.2595,  0.2348, -0.2321, -0.0546,  0.0661,  0.1633,  0.2553,
         0.2881, -0.2507,  0.0796, -0.1360, -0.0347, -0.2367,  0.2880, -0.2321,
         0.1690,  0.1111,  0.1028, -0.1710,  0.2874,  0.0695,  0.0407, -0.2787,
         0.1327, -0.0474, -0.1449,  0.2716,  0.0705, -0.1750, -0.1601, -0.0151,
         0.1766, -0.0808, -0.1804, -0.1083, -0.2362,  0.1128,  0.2448, -0.2977,
         0.0734,  0.1634,  0.0573, -0.1126,  0.1651,  0.1662,  0.1182, -0.0556,
        -0.0837,  0.0338, -0.0559, -0.0942,  0.2021,  0.2718, -0.0313, -0.0708,
         0.0046, -0.0189,  0.0760,  0.0886, -0.2872, -0.1167,  0.2663,  0.1232,
        -0.0157, -0.1907, -0.1935, -0.2833, -0.1031,  0.1068,  0.2016,  0.1460,
        -0.2795, -0.1902, -0.0499,  0.3059,  0.0457, -0.0819,  0.1308, -0.1204,
        -0.2047,  0.2308, -0.1438, -0.0634, -0.3146,  0.2116,  0.2396,  0.1152,
        -0.2205, -0.3121, -0.2568,  0.2358,  0.1518,  0.2661,  0.1657,  0.0800,
        -0.0031, -0.2405, -0.2709, -0.2958,  0.1295, -0.1553, -0.0636, -0.1820,
        -0.0576, -0.2226, -0.2066,  0.1049, -0.0940,  0.1952, -0.1014, -0.2320,
        -0.0558, -0.1533, -0.0967, -0.3010,  0.1769, -0.2202,  0.1589,  0.1435,
         0.2259, -0.2426,  0.2274, -0.1495,  0.1173,  0.2970, -0.0446, -0.0024,
        -0.0728, -0.2640,  0.1518, -0.3139,  0.1963,  0.2366,  0.2991, -0.0746,
        -0.2598,  0.0711,  0.1747, -0.3147, -0.0718, -0.1896, -0.0277, -0.1557,
        -0.1293, -0.1004, -0.3005,  0.2595,  0.2651, -0.0496, -0.0360, -0.1291,
        -0.2856, -0.3077,  0.1175, -0.1736, -0.2033, -0.0247, -0.1053, -0.1023,
         0.0102, -0.0671, -0.1089, -0.1514, -0.2574,  0.2652, -0.1266,  0.0838,
        -0.1097,  0.0257,  0.2948,  0.1457, -0.2740,  0.1255,  0.3002,  0.0832,
         0.2120,  0.3118, -0.0485,  0.0656, -0.2198, -0.0652,  0.2342,  0.1621,
        -0.2001, -0.2536, -0.2161, -0.3121, -0.2440, -0.0782,  0.2134,  0.0529,
        -0.2405, -0.2537,  0.1573, -0.2352, -0.0389,  0.1517, -0.1464, -0.0345,
        -0.0275, -0.0748, -0.1603, -0.2819, -0.2556, -0.1693,  0.3054, -0.1527,
        -0.2124,  0.0767], device='cuda:0', requires_grad=True)
rank: flatten_data 0 tensor([-0.1811,  0.0790, -0.0417, -0.2295,  0.0074, -0.2160, -0.2683, -0.1741,
        -0.2768, -0.2014,  0.3161,  0.0597,  0.0974, -0.2949, -0.2077, -0.1053,
         0.0494, -0.2783, -0.1363, -0.1893,  0.0009, -0.1177, -0.0219, -0.2143,
        -0.2171, -0.1845, -0.1082, -0.2496,  0.2651, -0.0628,  0.2721,  0.0985,
        -0.2678,  0.2188, -0.0870, -0.1212, -0.2625, -0.3144,  0.0905, -0.0691,
         0.1231, -0.2595,  0.2348, -0.2321, -0.0546,  0.0661,  0.1633,  0.2553,
         0.2881, -0.2507,  0.0796, -0.1360, -0.0347, -0.2367,  0.2880, -0.2321,
         0.1690,  0.1111,  0.1028, -0.1710,  0.2874,  0.0695,  0.0407, -0.2787,
         0.1327, -0.0474, -0.1449,  0.2716,  0.0705, -0.1750, -0.1601, -0.0151,
         0.1766, -0.0808, -0.1804, -0.1083, -0.2362,  0.1128,  0.2448, -0.2977,
         0.0734,  0.1634,  0.0573, -0.1126,  0.1651,  0.1662,  0.1182, -0.0556,
        -0.0837,  0.0338, -0.0559, -0.0942,  0.2021,  0.2718, -0.0313, -0.0708,
         0.0046, -0.0189,  0.0760,  0.0886, -0.2872, -0.1167,  0.2663,  0.1232,
        -0.0157, -0.1907, -0.1935, -0.2833, -0.1031,  0.1068,  0.2016,  0.1460,
        -0.2795, -0.1902, -0.0499,  0.3059,  0.0457, -0.0819,  0.1308, -0.1204,
        -0.2047,  0.2308, -0.1438, -0.0634, -0.3146,  0.2116,  0.2396,  0.1152,
        -0.2205, -0.3121, -0.2568,  0.2358,  0.1518,  0.2661,  0.1657,  0.0800,
        -0.0031, -0.2405, -0.2709, -0.2958,  0.1295, -0.1553, -0.0636, -0.1820,
        -0.0576, -0.2226, -0.2066,  0.1049, -0.0940,  0.1952, -0.1014, -0.2320,
        -0.0558, -0.1533, -0.0967, -0.3010,  0.1769, -0.2202,  0.1589,  0.1435,
         0.2259, -0.2426,  0.2274, -0.1495,  0.1173,  0.2970, -0.0446, -0.0024,
        -0.0728, -0.2640,  0.1518, -0.3139,  0.1963,  0.2366,  0.2991, -0.0746,
        -0.2598,  0.0711,  0.1747, -0.3147, -0.0718, -0.1896, -0.0277, -0.1557,
        -0.1293, -0.1004, -0.3005,  0.2595,  0.2651, -0.0496, -0.0360, -0.1291,
        -0.2856, -0.3077,  0.1175, -0.1736, -0.2033, -0.0247, -0.1053, -0.1023,
         0.0102, -0.0671, -0.1089, -0.1514, -0.2574,  0.2652, -0.1266,  0.0838,
        -0.1097,  0.0257,  0.2948,  0.1457, -0.2740,  0.1255,  0.3002,  0.0832,
         0.2120,  0.3118, -0.0485,  0.0656, -0.2198, -0.0652,  0.2342,  0.1621,
        -0.2001, -0.2536, -0.2161, -0.3121, -0.2440, -0.0782,  0.2134,  0.0529,
        -0.2405, -0.2537,  0.1573, -0.2352, -0.0389,  0.1517, -0.1464, -0.0345,
        -0.0275, -0.0748, -0.1603, -0.2819, -0.2556, -0.1693,  0.3054, -0.1527,
        -0.2124,  0.0767,  0.0872,  0.1733,  0.2404,  0.1761, -0.3135,  0.0280,
         0.1916, -0.0292, -0.1863,  0.3015, -0.1183, -0.1800, -0.2851,  0.0141,
         0.1401,  0.0700,  0.0625, -0.2398, -0.2953,  0.0056,  0.2883,  0.1824,
        -0.1841, -0.0410, -0.2331, -0.1526,  0.0573,  0.1722,  0.2620, -0.2903,
         0.2114, -0.2230,  0.1184,  0.2676,  0.0044,  0.2877, -0.2694, -0.1208,
         0.1844, -0.0689, -0.0647, -0.1318,  0.2180,  0.1551,  0.1013, -0.1777,
        -0.2567,  0.0342,  0.0937, -0.1460, -0.0885,  0.2136,  0.0252,  0.0143,
        -0.0778, -0.2864, -0.2973, -0.1512, -0.1607,  0.0985, -0.0921, -0.1237,
         0.3015,  0.1101,  0.2254, -0.1531, -0.1292,  0.1162, -0.2107, -0.2067,
        -0.0153, -0.1157, -0.2371,  0.1876,  0.2543,  0.0513, -0.0551, -0.2929,
        -0.1152,  0.0805,  0.1491, -0.0400, -0.1250,  0.1762, -0.2518,  0.1999,
        -0.1227,  0.0048, -0.0625,  0.0383, -0.0956,  0.2299, -0.0082,  0.2468,
         0.3040, -0.1541, -0.2307,  0.2537,  0.2478, -0.2415, -0.0244, -0.3118,
        -0.2589,  0.0611,  0.0841,  0.0670, -0.0861,  0.2917,  0.0452, -0.1866,
        -0.0179,  0.0759,  0.1107, -0.2236,  0.1185, -0.1616, -0.2628, -0.1727,
         0.3050,  0.2703,  0.2832,  0.1856,  0.2389, -0.0423, -0.1740,  0.1580,
        -0.1639, -0.2134, -0.1010,  0.0664,  0.1628, -0.1228, -0.1861,  0.0427,
        -0.1864, -0.2059,  0.1648, -0.0531,  0.2890,  0.3076,  0.0946,  0.1088,
         0.0728,  0.0050, -0.0230,  0.0043,  0.1181,  0.2940, -0.0820, -0.1337,
        -0.0766, -0.1528,  0.0538,  0.2360,  0.2473,  0.1452, -0.2327, -0.1697,
        -0.0695, -0.0583,  0.0260, -0.2903,  0.0984, -0.2412, -0.2001, -0.2629,
         0.2755, -0.2994,  0.2386, -0.0106, -0.0368,  0.1978, -0.0292,  0.1983,
         0.2286, -0.2746,  0.1217,  0.0597,  0.0680,  0.0462,  0.0865, -0.1521,
        -0.0405,  0.3005,  0.2125, -0.0119, -0.2974,  0.0139, -0.2153,  0.2572,
        -0.1920, -0.0228, -0.0702,  0.0563,  0.2976,  0.0300,  0.1831,  0.2455,
         0.2553, -0.1092, -0.0707,  0.1524, -0.0863,  0.1481, -0.0691, -0.2145,
         0.1287,  0.0485,  0.1410,  0.3142,  0.2159,  0.2998,  0.0169, -0.2720,
        -0.2218, -0.1964, -0.2787, -0.1585, -0.2911, -0.2918, -0.1890, -0.3117,
        -0.1941,  0.1206,  0.2638, -0.0941, -0.0920,  0.1689, -0.1560, -0.1495,
         0.1948, -0.2755,  0.0387,  0.2793,  0.0542,  0.0860, -0.1842, -0.0044,
         0.0174,  0.0776,  0.1229,  0.2748, -0.2414,  0.0095, -0.1580, -0.2502,
        -0.0253, -0.2784,  0.2207,  0.0366], device='cuda:0')
rank: local_param 0 tensor([-0.1704,  0.1653, -0.2993, -0.1223, -0.0616, -0.2687, -0.2011, -0.0516,
         0.2399,  0.3054,  0.2012, -0.1888, -0.2069,  0.2760,  0.1119,  0.0084,
         0.0428, -0.2542, -0.1056,  0.3044, -0.0780, -0.0159, -0.2626, -0.1769,
        -0.0065], device='cuda:0', requires_grad=True)
rank: flatten_data 0 tensor([-0.1704,  0.1653, -0.2993, -0.1223, -0.0616, -0.2687, -0.2011, -0.0516,
         0.2399,  0.3054,  0.2012, -0.1888, -0.2069,  0.2760,  0.1119,  0.0084,
         0.0428, -0.2542, -0.1056,  0.3044, -0.0780, -0.0159, -0.2626, -0.1769,
        -0.0065, -0.1964, -0.0392,  0.1287, -0.3093,  0.0939, -0.2091, -0.1543,
         0.1214,  0.2514, -0.0864, -0.1298, -0.2859, -0.1631, -0.2769, -0.0724,
         0.0645, -0.2963,  0.2761,  0.1984, -0.3096, -0.1510,  0.1031, -0.0650,
        -0.0345, -0.1428], device='cuda:0')
rank: local_param 0 tensor([ 0.1136, -0.0791,  0.1173,  0.0091,  0.0284,  0.1103, -0.0233, -0.0805,
        -0.0229,  0.1147, -0.1049,  0.0321, -0.1390,  0.0741,  0.0523,  0.0060,
         0.0607,  0.0002,  0.0783, -0.1120, -0.0208,  0.0627,  0.1408,  0.0720,
        -0.1028,  0.1088, -0.0315, -0.0302, -0.1285, -0.0223,  0.1000,  0.0197,
        -0.0824,  0.0435, -0.0453,  0.1291, -0.1227, -0.0447, -0.1366, -0.0557,
         0.0446,  0.1361,  0.0238,  0.1386,  0.0277,  0.0817,  0.1134,  0.1182,
        -0.0792,  0.1300,  0.0857, -0.0661, -0.0675, -0.1186,  0.0355, -0.1146,
         0.0597,  0.0447, -0.1229,  0.0385, -0.0115,  0.0646,  0.0811, -0.1406,
         0.1297,  0.1186,  0.0563, -0.1293, -0.0505, -0.0410, -0.0363,  0.0798,
         0.0514,  0.1120, -0.0530,  0.0476,  0.0503, -0.1177, -0.1372, -0.0734,
         0.0968, -0.1331, -0.1231,  0.0792,  0.0763,  0.1163, -0.1068, -0.1035,
         0.0725,  0.1230,  0.0846,  0.0222,  0.0466,  0.1342, -0.0912, -0.0642,
         0.0989, -0.0968, -0.0780,  0.1032,  0.0446,  0.0457, -0.0599, -0.0020,
         0.1294, -0.0849,  0.0011,  0.0673, -0.0976,  0.1373, -0.0707, -0.0340,
        -0.0383, -0.0922, -0.1388,  0.0797,  0.0376, -0.1325, -0.0910,  0.1398,
         0.0541,  0.0567, -0.0846, -0.0620, -0.0213], device='cuda:0',
       requires_grad=True)
rank: flatten_data 0 tensor([ 0.1136, -0.0791,  0.1173,  0.0091,  0.0284,  0.1103, -0.0233, -0.0805,
        -0.0229,  0.1147, -0.1049,  0.0321, -0.1390,  0.0741,  0.0523,  0.0060,
         0.0607,  0.0002,  0.0783, -0.1120, -0.0208,  0.0627,  0.1408,  0.0720,
        -0.1028,  0.1088, -0.0315, -0.0302, -0.1285, -0.0223,  0.1000,  0.0197,
        -0.0824,  0.0435, -0.0453,  0.1291, -0.1227, -0.0447, -0.1366, -0.0557,
         0.0446,  0.1361,  0.0238,  0.1386,  0.0277,  0.0817,  0.1134,  0.1182,
        -0.0792,  0.1300,  0.0857, -0.0661, -0.0675, -0.1186,  0.0355, -0.1146,
         0.0597,  0.0447, -0.1229,  0.0385, -0.0115,  0.0646,  0.0811, -0.1406,
         0.1297,  0.1186,  0.0563, -0.1293, -0.0505, -0.0410, -0.0363,  0.0798,
         0.0514,  0.1120, -0.0530,  0.0476,  0.0503, -0.1177, -0.1372, -0.0734,
         0.0968, -0.1331, -0.1231,  0.0792,  0.0763,  0.1163, -0.1068, -0.1035,
         0.0725,  0.1230,  0.0846,  0.0222,  0.0466,  0.1342, -0.0912, -0.0642,
         0.0989, -0.0968, -0.0780,  0.1032,  0.0446,  0.0457, -0.0599, -0.0020,
         0.1294, -0.0849,  0.0011,  0.0673, -0.0976,  0.1373, -0.0707, -0.0340,
        -0.0383, -0.0922, -0.1388,  0.0797,  0.0376, -0.1325, -0.0910,  0.1398,
         0.0541,  0.0567, -0.0846, -0.0620, -0.0213, -0.0259, -0.0969,  0.0117,
         0.0141, -0.0179,  0.0196, -0.0561,  0.0368,  0.0533, -0.0745, -0.1402,
         0.0740,  0.0337, -0.0719,  0.1363, -0.0640,  0.0956,  0.0717, -0.1186,
         0.0912, -0.1300, -0.0783, -0.0236, -0.0953,  0.1382, -0.0284,  0.0562,
        -0.1263,  0.0814, -0.0440, -0.1076,  0.0207,  0.0685,  0.1224, -0.0864,
        -0.0696,  0.0272,  0.0384,  0.0544,  0.0776, -0.0321,  0.0786,  0.1043,
        -0.0369,  0.1006,  0.0691,  0.1247, -0.0804, -0.0698, -0.0409,  0.0072,
         0.0849, -0.0807,  0.0708, -0.0507,  0.0854, -0.0067, -0.1239, -0.0778,
        -0.1024,  0.0701, -0.0948, -0.0118,  0.0305, -0.0776,  0.0408, -0.1381,
        -0.1012, -0.1281, -0.0428, -0.0515,  0.0203, -0.0262,  0.0665,  0.1297,
         0.0507, -0.0557, -0.1324,  0.0512, -0.0701,  0.0720,  0.0945,  0.0545,
         0.1327,  0.1343,  0.0299, -0.1030,  0.1264, -0.0671, -0.0668,  0.1183,
         0.1096,  0.0427,  0.0089, -0.1190, -0.0147,  0.1356,  0.0360,  0.0121,
        -0.0294, -0.0493,  0.0843,  0.0087,  0.0920, -0.0250,  0.0618,  0.0584,
         0.0226,  0.0889,  0.0886,  0.1311,  0.1087, -0.0362, -0.1197,  0.0259,
        -0.0012, -0.0369, -0.0237,  0.0067,  0.1032,  0.0441, -0.0502, -0.0582,
        -0.0350, -0.0547], device='cuda:0')
rank: local_param 0 tensor([2.], device='cuda:0', requires_grad=True)
rank: flatten_data 0 tensor([2., 2.], device='cuda:0')
rank: local_param 0 tensor([ 0.2418,  0.2625, -0.0741,  0.2905, -0.0693,  0.0638, -0.1540,  0.1857,
         0.2788, -0.2320,  0.2749,  0.0592,  0.2336,  0.0428,  0.1525, -0.0446,
         0.2438,  0.0467, -0.1476,  0.0806, -0.1457, -0.0371, -0.1284,  0.2098,
        -0.2496, -0.1458, -0.0893, -0.1901,  0.0298, -0.3123,  0.2856, -0.2686,
         0.2441,  0.0526, -0.1027,  0.1954,  0.0493,  0.2555,  0.0346, -0.0997,
         0.0850, -0.0858,  0.1331,  0.2823,  0.1828, -0.1382,  0.1825,  0.0566,
         0.1606, -0.1927], device='cuda:0', requires_grad=True)
rank: flatten_data 0 tensor([ 0.2418,  0.2625, -0.0741,  0.2905, -0.0693,  0.0638, -0.1540,  0.1857,
         0.2788, -0.2320,  0.2749,  0.0592,  0.2336,  0.0428,  0.1525, -0.0446,
         0.2438,  0.0467, -0.1476,  0.0806, -0.1457, -0.0371, -0.1284,  0.2098,
        -0.2496, -0.1458, -0.0893, -0.1901,  0.0298, -0.3123,  0.2856, -0.2686,
         0.2441,  0.0526, -0.1027,  0.1954,  0.0493,  0.2555,  0.0346, -0.0997,
         0.0850, -0.0858,  0.1331,  0.2823,  0.1828, -0.1382,  0.1825,  0.0566,
         0.1606, -0.1927, -0.3130, -0.1222, -0.2426,  0.2595,  0.0911,  0.1310,
         0.1000, -0.0055,  0.2475, -0.2247,  0.0199, -0.2158,  0.0975, -0.1089,
         0.0969, -0.0659,  0.2623, -0.1874, -0.1886, -0.1886,  0.2844,  0.1054,
         0.3043, -0.2610, -0.3137, -0.2474, -0.2127,  0.1281,  0.1132,  0.2628,
        -0.1633, -0.2156,  0.1678, -0.1278,  0.1919, -0.0750,  0.1809, -0.2457,
        -0.1596,  0.0964,  0.0669, -0.0806,  0.1885,  0.2150, -0.2293, -0.1688,
         0.2896, -0.1067, -0.1121, -0.3060], device='cuda:0')
rank: local_param 0 tensor([-0.1811,  0.0790, -0.0417, -0.2295,  0.0074, -0.2160, -0.2683, -0.1741,
        -0.2768, -0.2014,  0.3161,  0.0597,  0.0974, -0.2949, -0.2077, -0.1053,
         0.0494, -0.2783, -0.1363, -0.1893,  0.0009, -0.1177, -0.0219, -0.2143,
        -0.2171, -0.1845, -0.1082, -0.2496,  0.2651, -0.0628,  0.2721,  0.0985,
        -0.2678,  0.2188, -0.0870, -0.1212, -0.2625, -0.3144,  0.0905, -0.0691,
         0.1231, -0.2595,  0.2348, -0.2321, -0.0546,  0.0661,  0.1633,  0.2553,
         0.2881, -0.2507,  0.0796, -0.1360, -0.0347, -0.2367,  0.2880, -0.2321,
         0.1690,  0.1111,  0.1028, -0.1710,  0.2874,  0.0695,  0.0407, -0.2787,
         0.1327, -0.0474, -0.1449,  0.2716,  0.0705, -0.1750, -0.1601, -0.0151,
         0.1766, -0.0808, -0.1804, -0.1083, -0.2362,  0.1128,  0.2448, -0.2977,
         0.0734,  0.1634,  0.0573, -0.1126,  0.1651,  0.1662,  0.1182, -0.0556,
        -0.0837,  0.0338, -0.0559, -0.0942,  0.2021,  0.2718, -0.0313, -0.0708,
         0.0046, -0.0189,  0.0760,  0.0886, -0.2872, -0.1167,  0.2663,  0.1232,
        -0.0157, -0.1907, -0.1935, -0.2833, -0.1031,  0.1068,  0.2016,  0.1460,
        -0.2795, -0.1902, -0.0499,  0.3059,  0.0457, -0.0819,  0.1308, -0.1204,
        -0.2047,  0.2308, -0.1438, -0.0634, -0.3146,  0.2116,  0.2396,  0.1152,
        -0.2205, -0.3121, -0.2568,  0.2358,  0.1518,  0.2661,  0.1657,  0.0800,
        -0.0031, -0.2405, -0.2709, -0.2958,  0.1295, -0.1553, -0.0636, -0.1820,
        -0.0576, -0.2226, -0.2066,  0.1049, -0.0940,  0.1952, -0.1014, -0.2320,
        -0.0558, -0.1533, -0.0967, -0.3010,  0.1769, -0.2202,  0.1589,  0.1435,
         0.2259, -0.2426,  0.2274, -0.1495,  0.1173,  0.2970, -0.0446, -0.0024,
        -0.0728, -0.2640,  0.1518, -0.3139,  0.1963,  0.2366,  0.2991, -0.0746,
        -0.2598,  0.0711,  0.1747, -0.3147, -0.0718, -0.1896, -0.0277, -0.1557,
        -0.1293, -0.1004, -0.3005,  0.2595,  0.2651, -0.0496, -0.0360, -0.1291,
        -0.2856, -0.3077,  0.1175, -0.1736, -0.2033, -0.0247, -0.1053, -0.1023,
         0.0102, -0.0671, -0.1089, -0.1514, -0.2574,  0.2652, -0.1266,  0.0838,
        -0.1097,  0.0257,  0.2948,  0.1457, -0.2740,  0.1255,  0.3002,  0.0832,
         0.2120,  0.3118, -0.0485,  0.0656, -0.2198, -0.0652,  0.2342,  0.1621,
        -0.2001, -0.2536, -0.2161, -0.3121, -0.2440, -0.0782,  0.2134,  0.0529,
        -0.2405, -0.2537,  0.1573, -0.2352, -0.0389,  0.1517, -0.1464, -0.0345,
        -0.0275, -0.0748, -0.1603, -0.2819, -0.2556, -0.1693,  0.3054, -0.1527,
        -0.2124,  0.0767], device='cuda:0', requires_grad=True)
rank: local_param 1 tensor([-0.1964, -0.0392,  0.1287, -0.3093,  0.0939, -0.2091, -0.1543,  0.1214,
         0.2514, -0.0864, -0.1298, -0.2859, -0.1631, -0.2769, -0.0724,  0.0645,
        -0.2963,  0.2761,  0.1984, -0.3096, -0.1510,  0.1031, -0.0650, -0.0345,
        -0.1428], device='cuda:1', requires_grad=True)
rank: flatten_data 1 tensor([-0.1704,  0.1653, -0.2993, -0.1223, -0.0616, -0.2687, -0.2011, -0.0516,
         0.2399,  0.3054,  0.2012, -0.1888, -0.2069,  0.2760,  0.1119,  0.0084,
         0.0428, -0.2542, -0.1056,  0.3044, -0.0780, -0.0159, -0.2626, -0.1769,
        -0.0065, -0.1964, -0.0392,  0.1287, -0.3093,  0.0939, -0.2091, -0.1543,
         0.1214,  0.2514, -0.0864, -0.1298, -0.2859, -0.1631, -0.2769, -0.0724,
         0.0645, -0.2963,  0.2761,  0.1984, -0.3096, -0.1510,  0.1031, -0.0650,
        -0.0345, -0.1428], device='cuda:1')
rank: local_param 1 tensor([-0.0259, -0.0969,  0.0117,  0.0141, -0.0179,  0.0196, -0.0561,  0.0368,
         0.0533, -0.0745, -0.1402,  0.0740,  0.0337, -0.0719,  0.1363, -0.0640,
         0.0956,  0.0717, -0.1186,  0.0912, -0.1300, -0.0783, -0.0236, -0.0953,
         0.1382, -0.0284,  0.0562, -0.1263,  0.0814, -0.0440, -0.1076,  0.0207,
         0.0685,  0.1224, -0.0864, -0.0696,  0.0272,  0.0384,  0.0544,  0.0776,
        -0.0321,  0.0786,  0.1043, -0.0369,  0.1006,  0.0691,  0.1247, -0.0804,
        -0.0698, -0.0409,  0.0072,  0.0849, -0.0807,  0.0708, -0.0507,  0.0854,
        -0.0067, -0.1239, -0.0778, -0.1024,  0.0701, -0.0948, -0.0118,  0.0305,
        -0.0776,  0.0408, -0.1381, -0.1012, -0.1281, -0.0428, -0.0515,  0.0203,
        -0.0262,  0.0665,  0.1297,  0.0507, -0.0557, -0.1324,  0.0512, -0.0701,
         0.0720,  0.0945,  0.0545,  0.1327,  0.1343,  0.0299, -0.1030,  0.1264,
        -0.0671, -0.0668,  0.1183,  0.1096,  0.0427,  0.0089, -0.1190, -0.0147,
         0.1356,  0.0360,  0.0121, -0.0294, -0.0493,  0.0843,  0.0087,  0.0920,
        -0.0250,  0.0618,  0.0584,  0.0226,  0.0889,  0.0886,  0.1311,  0.1087,
        -0.0362, -0.1197,  0.0259, -0.0012, -0.0369, -0.0237,  0.0067,  0.1032,
         0.0441, -0.0502, -0.0582, -0.0350, -0.0547], device='cuda:1',
       requires_grad=True)
rank: flatten_data 1 tensor([ 0.1136, -0.0791,  0.1173,  0.0091,  0.0284,  0.1103, -0.0233, -0.0805,
        -0.0229,  0.1147, -0.1049,  0.0321, -0.1390,  0.0741,  0.0523,  0.0060,
         0.0607,  0.0002,  0.0783, -0.1120, -0.0208,  0.0627,  0.1408,  0.0720,
        -0.1028,  0.1088, -0.0315, -0.0302, -0.1285, -0.0223,  0.1000,  0.0197,
        -0.0824,  0.0435, -0.0453,  0.1291, -0.1227, -0.0447, -0.1366, -0.0557,
         0.0446,  0.1361,  0.0238,  0.1386,  0.0277,  0.0817,  0.1134,  0.1182,
        -0.0792,  0.1300,  0.0857, -0.0661, -0.0675, -0.1186,  0.0355, -0.1146,
         0.0597,  0.0447, -0.1229,  0.0385, -0.0115,  0.0646,  0.0811, -0.1406,
         0.1297,  0.1186,  0.0563, -0.1293, -0.0505, -0.0410, -0.0363,  0.0798,
         0.0514,  0.1120, -0.0530,  0.0476,  0.0503, -0.1177, -0.1372, -0.0734,
         0.0968, -0.1331, -0.1231,  0.0792,  0.0763,  0.1163, -0.1068, -0.1035,
         0.0725,  0.1230,  0.0846,  0.0222,  0.0466,  0.1342, -0.0912, -0.0642,
         0.0989, -0.0968, -0.0780,  0.1032,  0.0446,  0.0457, -0.0599, -0.0020,
         0.1294, -0.0849,  0.0011,  0.0673, -0.0976,  0.1373, -0.0707, -0.0340,
        -0.0383, -0.0922, -0.1388,  0.0797,  0.0376, -0.1325, -0.0910,  0.1398,
         0.0541,  0.0567, -0.0846, -0.0620, -0.0213, -0.0259, -0.0969,  0.0117,
         0.0141, -0.0179,  0.0196, -0.0561,  0.0368,  0.0533, -0.0745, -0.1402,
         0.0740,  0.0337, -0.0719,  0.1363, -0.0640,  0.0956,  0.0717, -0.1186,
         0.0912, -0.1300, -0.0783, -0.0236, -0.0953,  0.1382, -0.0284,  0.0562,
        -0.1263,  0.0814, -0.0440, -0.1076,  0.0207,  0.0685,  0.1224, -0.0864,
        -0.0696,  0.0272,  0.0384,  0.0544,  0.0776, -0.0321,  0.0786,  0.1043,
        -0.0369,  0.1006,  0.0691,  0.1247, -0.0804, -0.0698, -0.0409,  0.0072,
         0.0849, -0.0807,  0.0708, -0.0507,  0.0854, -0.0067, -0.1239, -0.0778,
        -0.1024,  0.0701, -0.0948, -0.0118,  0.0305, -0.0776,  0.0408, -0.1381,
        -0.1012, -0.1281, -0.0428, -0.0515,  0.0203, -0.0262,  0.0665,  0.1297,
         0.0507, -0.0557, -0.1324,  0.0512, -0.0701,  0.0720,  0.0945,  0.0545,
         0.1327,  0.1343,  0.0299, -0.1030,  0.1264, -0.0671, -0.0668,  0.1183,
         0.1096,  0.0427,  0.0089, -0.1190, -0.0147,  0.1356,  0.0360,  0.0121,
        -0.0294, -0.0493,  0.0843,  0.0087,  0.0920, -0.0250,  0.0618,  0.0584,
         0.0226,  0.0889,  0.0886,  0.1311,  0.1087, -0.0362, -0.1197,  0.0259,
        -0.0012, -0.0369, -0.0237,  0.0067,  0.1032,  0.0441, -0.0502, -0.0582,
        -0.0350, -0.0547], device='cuda:1')
rank: local_param 1 tensor([2.], device='cuda:1', requires_grad=True)
rank: flatten_data 1 tensor([2., 2.], device='cuda:1')
rank: local_param 1 tensor([-0.3130, -0.1222, -0.2426,  0.2595,  0.0911,  0.1310,  0.1000, -0.0055,
         0.2475, -0.2247,  0.0199, -0.2158,  0.0975, -0.1089,  0.0969, -0.0659,
         0.2623, -0.1874, -0.1886, -0.1886,  0.2844,  0.1054,  0.3043, -0.2610,
        -0.3137, -0.2474, -0.2127,  0.1281,  0.1132,  0.2628, -0.1633, -0.2156,
         0.1678, -0.1278,  0.1919, -0.0750,  0.1809, -0.2457, -0.1596,  0.0964,
         0.0669, -0.0806,  0.1885,  0.2150, -0.2293, -0.1688,  0.2896, -0.1067,
        -0.1121, -0.3060], device='cuda:1', requires_grad=True)
rank: flatten_data 1 tensor([ 0.2418,  0.2625, -0.0741,  0.2905, -0.0693,  0.0638, -0.1540,  0.1857,
         0.2788, -0.2320,  0.2749,  0.0592,  0.2336,  0.0428,  0.1525, -0.0446,
         0.2438,  0.0467, -0.1476,  0.0806, -0.1457, -0.0371, -0.1284,  0.2098,
        -0.2496, -0.1458, -0.0893, -0.1901,  0.0298, -0.3123,  0.2856, -0.2686,
         0.2441,  0.0526, -0.1027,  0.1954,  0.0493,  0.2555,  0.0346, -0.0997,
         0.0850, -0.0858,  0.1331,  0.2823,  0.1828, -0.1382,  0.1825,  0.0566,
         0.1606, -0.1927, -0.3130, -0.1222, -0.2426,  0.2595,  0.0911,  0.1310,
         0.1000, -0.0055,  0.2475, -0.2247,  0.0199, -0.2158,  0.0975, -0.1089,
         0.0969, -0.0659,  0.2623, -0.1874, -0.1886, -0.1886,  0.2844,  0.1054,
         0.3043, -0.2610, -0.3137, -0.2474, -0.2127,  0.1281,  0.1132,  0.2628,
        -0.1633, -0.2156,  0.1678, -0.1278,  0.1919, -0.0750,  0.1809, -0.2457,
        -0.1596,  0.0964,  0.0669, -0.0806,  0.1885,  0.2150, -0.2293, -0.1688,
         0.2896, -0.1067, -0.1121, -0.3060], device='cuda:1')
rank: local_param 1 tensor([ 0.0872,  0.1733,  0.2404,  0.1761, -0.3135,  0.0280,  0.1916, -0.0292,
        -0.1863,  0.3015, -0.1183, -0.1800, -0.2851,  0.0141,  0.1401,  0.0700,
         0.0625, -0.2398, -0.2953,  0.0056,  0.2883,  0.1824, -0.1841, -0.0410,
        -0.2331, -0.1526,  0.0573,  0.1722,  0.2620, -0.2903,  0.2114, -0.2230,
         0.1184,  0.2676,  0.0044,  0.2877, -0.2694, -0.1208,  0.1844, -0.0689,
        -0.0647, -0.1318,  0.2180,  0.1551,  0.1013, -0.1777, -0.2567,  0.0342,
         0.0937, -0.1460, -0.0885,  0.2136,  0.0252,  0.0143, -0.0778, -0.2864,
        -0.2973, -0.1512, -0.1607,  0.0985, -0.0921, -0.1237,  0.3015,  0.1101,
         0.2254, -0.1531, -0.1292,  0.1162, -0.2107, -0.2067, -0.0153, -0.1157,
        -0.2371,  0.1876,  0.2543,  0.0513, -0.0551, -0.2929, -0.1152,  0.0805,
         0.1491, -0.0400, -0.1250,  0.1762, -0.2518,  0.1999, -0.1227,  0.0048,
        -0.0625,  0.0383, -0.0956,  0.2299, -0.0082,  0.2468,  0.3040, -0.1541,
        -0.2307,  0.2537,  0.2478, -0.2415, -0.0244, -0.3118, -0.2589,  0.0611,
         0.0841,  0.0670, -0.0861,  0.2917,  0.0452, -0.1866, -0.0179,  0.0759,
         0.1107, -0.2236,  0.1185, -0.1616, -0.2628, -0.1727,  0.3050,  0.2703,
         0.2832,  0.1856,  0.2389, -0.0423, -0.1740,  0.1580, -0.1639, -0.2134,
        -0.1010,  0.0664,  0.1628, -0.1228, -0.1861,  0.0427, -0.1864, -0.2059,
         0.1648, -0.0531,  0.2890,  0.3076,  0.0946,  0.1088,  0.0728,  0.0050,
        -0.0230,  0.0043,  0.1181,  0.2940, -0.0820, -0.1337, -0.0766, -0.1528,
         0.0538,  0.2360,  0.2473,  0.1452, -0.2327, -0.1697, -0.0695, -0.0583,
         0.0260, -0.2903,  0.0984, -0.2412, -0.2001, -0.2629,  0.2755, -0.2994,
         0.2386, -0.0106, -0.0368,  0.1978, -0.0292,  0.1983,  0.2286, -0.2746,
         0.1217,  0.0597,  0.0680,  0.0462,  0.0865, -0.1521, -0.0405,  0.3005,
         0.2125, -0.0119, -0.2974,  0.0139, -0.2153,  0.2572, -0.1920, -0.0228,
        -0.0702,  0.0563,  0.2976,  0.0300,  0.1831,  0.2455,  0.2553, -0.1092,
        -0.0707,  0.1524, -0.0863,  0.1481, -0.0691, -0.2145,  0.1287,  0.0485,
         0.1410,  0.3142,  0.2159,  0.2998,  0.0169, -0.2720, -0.2218, -0.1964,
        -0.2787, -0.1585, -0.2911, -0.2918, -0.1890, -0.3117, -0.1941,  0.1206,
         0.2638, -0.0941, -0.0920,  0.1689, -0.1560, -0.1495,  0.1948, -0.2755,
         0.0387,  0.2793,  0.0542,  0.0860, -0.1842, -0.0044,  0.0174,  0.0776,
         0.1229,  0.2748, -0.2414,  0.0095, -0.1580, -0.2502, -0.0253, -0.2784,
         0.2207,  0.0366], device='cuda:1', requires_grad=True)
rank: flatten_data 0 tensor([-0.1811,  0.0790, -0.0417, -0.2295,  0.0074, -0.2160, -0.2683, -0.1741,
        -0.2768, -0.2014,  0.3161,  0.0597,  0.0974, -0.2949, -0.2077, -0.1053,
         0.0494, -0.2783, -0.1363, -0.1893,  0.0009, -0.1177, -0.0219, -0.2143,
        -0.2171, -0.1845, -0.1082, -0.2496,  0.2651, -0.0628,  0.2721,  0.0985,
        -0.2678,  0.2188, -0.0870, -0.1212, -0.2625, -0.3144,  0.0905, -0.0691,
         0.1231, -0.2595,  0.2348, -0.2321, -0.0546,  0.0661,  0.1633,  0.2553,
         0.2881, -0.2507,  0.0796, -0.1360, -0.0347, -0.2367,  0.2880, -0.2321,
         0.1690,  0.1111,  0.1028, -0.1710,  0.2874,  0.0695,  0.0407, -0.2787,
         0.1327, -0.0474, -0.1449,  0.2716,  0.0705, -0.1750, -0.1601, -0.0151,
         0.1766, -0.0808, -0.1804, -0.1083, -0.2362,  0.1128,  0.2448, -0.2977,
         0.0734,  0.1634,  0.0573, -0.1126,  0.1651,  0.1662,  0.1182, -0.0556,
        -0.0837,  0.0338, -0.0559, -0.0942,  0.2021,  0.2718, -0.0313, -0.0708,
         0.0046, -0.0189,  0.0760,  0.0886, -0.2872, -0.1167,  0.2663,  0.1232,
        -0.0157, -0.1907, -0.1935, -0.2833, -0.1031,  0.1068,  0.2016,  0.1460,
        -0.2795, -0.1902, -0.0499,  0.3059,  0.0457, -0.0819,  0.1308, -0.1204,
        -0.2047,  0.2308, -0.1438, -0.0634, -0.3146,  0.2116,  0.2396,  0.1152,
        -0.2205, -0.3121, -0.2568,  0.2358,  0.1518,  0.2661,  0.1657,  0.0800,
        -0.0031, -0.2405, -0.2709, -0.2958,  0.1295, -0.1553, -0.0636, -0.1820,
        -0.0576, -0.2226, -0.2066,  0.1049, -0.0940,  0.1952, -0.1014, -0.2320,
        -0.0558, -0.1533, -0.0967, -0.3010,  0.1769, -0.2202,  0.1589,  0.1435,
         0.2259, -0.2426,  0.2274, -0.1495,  0.1173,  0.2970, -0.0446, -0.0024,
        -0.0728, -0.2640,  0.1518, -0.3139,  0.1963,  0.2366,  0.2991, -0.0746,
        -0.2598,  0.0711,  0.1747, -0.3147, -0.0718, -0.1896, -0.0277, -0.1557,
        -0.1293, -0.1004, -0.3005,  0.2595,  0.2651, -0.0496, -0.0360, -0.1291,
        -0.2856, -0.3077,  0.1175, -0.1736, -0.2033, -0.0247, -0.1053, -0.1023,
         0.0102, -0.0671, -0.1089, -0.1514, -0.2574,  0.2652, -0.1266,  0.0838,
        -0.1097,  0.0257,  0.2948,  0.1457, -0.2740,  0.1255,  0.3002,  0.0832,
         0.2120,  0.3118, -0.0485,  0.0656, -0.2198, -0.0652,  0.2342,  0.1621,
        -0.2001, -0.2536, -0.2161, -0.3121, -0.2440, -0.0782,  0.2134,  0.0529,
        -0.2405, -0.2537,  0.1573, -0.2352, -0.0389,  0.1517, -0.1464, -0.0345,
        -0.0275, -0.0748, -0.1603, -0.2819, -0.2556, -0.1693,  0.3054, -0.1527,
        -0.2124,  0.0767,  0.0872,  0.1733,  0.2404,  0.1761, -0.3135,  0.0280,
         0.1916, -0.0292, -0.1863,  0.3015, -0.1183, -0.1800, -0.2851,  0.0141,
         0.1401,  0.0700,  0.0625, -0.2398, -0.2953,  0.0056,  0.2883,  0.1824,
        -0.1841, -0.0410, -0.2331, -0.1526,  0.0573,  0.1722,  0.2620, -0.2903,
         0.2114, -0.2230,  0.1184,  0.2676,  0.0044,  0.2877, -0.2694, -0.1208,
         0.1844, -0.0689, -0.0647, -0.1318,  0.2180,  0.1551,  0.1013, -0.1777,
        -0.2567,  0.0342,  0.0937, -0.1460, -0.0885,  0.2136,  0.0252,  0.0143,
        -0.0778, -0.2864, -0.2973, -0.1512, -0.1607,  0.0985, -0.0921, -0.1237,
         0.3015,  0.1101,  0.2254, -0.1531, -0.1292,  0.1162, -0.2107, -0.2067,
        -0.0153, -0.1157, -0.2371,  0.1876,  0.2543,  0.0513, -0.0551, -0.2929,
        -0.1152,  0.0805,  0.1491, -0.0400, -0.1250,  0.1762, -0.2518,  0.1999,
        -0.1227,  0.0048, -0.0625,  0.0383, -0.0956,  0.2299, -0.0082,  0.2468,
         0.3040, -0.1541, -0.2307,  0.2537,  0.2478, -0.2415, -0.0244, -0.3118,
        -0.2589,  0.0611,  0.0841,  0.0670, -0.0861,  0.2917,  0.0452, -0.1866,
        -0.0179,  0.0759,  0.1107, -0.2236,  0.1185, -0.1616, -0.2628, -0.1727,
         0.3050,  0.2703,  0.2832,  0.1856,  0.2389, -0.0423, -0.1740,  0.1580,
        -0.1639, -0.2134, -0.1010,  0.0664,  0.1628, -0.1228, -0.1861,  0.0427,
        -0.1864, -0.2059,  0.1648, -0.0531,  0.2890,  0.3076,  0.0946,  0.1088,
         0.0728,  0.0050, -0.0230,  0.0043,  0.1181,  0.2940, -0.0820, -0.1337,
        -0.0766, -0.1528,  0.0538,  0.2360,  0.2473,  0.1452, -0.2327, -0.1697,
        -0.0695, -0.0583,  0.0260, -0.2903,  0.0984, -0.2412, -0.2001, -0.2629,
         0.2755, -0.2994,  0.2386, -0.0106, -0.0368,  0.1978, -0.0292,  0.1983,
         0.2286, -0.2746,  0.1217,  0.0597,  0.0680,  0.0462,  0.0865, -0.1521,
        -0.0405,  0.3005,  0.2125, -0.0119, -0.2974,  0.0139, -0.2153,  0.2572,
        -0.1920, -0.0228, -0.0702,  0.0563,  0.2976,  0.0300,  0.1831,  0.2455,
         0.2553, -0.1092, -0.0707,  0.1524, -0.0863,  0.1481, -0.0691, -0.2145,
         0.1287,  0.0485,  0.1410,  0.3142,  0.2159,  0.2998,  0.0169, -0.2720,
        -0.2218, -0.1964, -0.2787, -0.1585, -0.2911, -0.2918, -0.1890, -0.3117,
        -0.1941,  0.1206,  0.2638, -0.0941, -0.0920,  0.1689, -0.1560, -0.1495,
         0.1948, -0.2755,  0.0387,  0.2793,  0.0542,  0.0860, -0.1842, -0.0044,
         0.0174,  0.0776,  0.1229,  0.2748, -0.2414,  0.0095, -0.1580, -0.2502,
        -0.0253, -0.2784,  0.2207,  0.0366], device='cuda:0')
rank: local_param 0 tensor([-0.1704,  0.1653, -0.2993, -0.1223, -0.0616, -0.2687, -0.2011, -0.0516,
         0.2399,  0.3054,  0.2012, -0.1888, -0.2069,  0.2760,  0.1119,  0.0084,
         0.0428, -0.2542, -0.1056,  0.3044, -0.0780, -0.0159, -0.2626, -0.1769,
        -0.0065], device='cuda:0', requires_grad=True)
rank: flatten_data 0 tensor([-0.1704,  0.1653, -0.2993, -0.1223, -0.0616, -0.2687, -0.2011, -0.0516,
         0.2399,  0.3054,  0.2012, -0.1888, -0.2069,  0.2760,  0.1119,  0.0084,
         0.0428, -0.2542, -0.1056,  0.3044, -0.0780, -0.0159, -0.2626, -0.1769,
        -0.0065, -0.1964, -0.0392,  0.1287, -0.3093,  0.0939, -0.2091, -0.1543,
         0.1214,  0.2514, -0.0864, -0.1298, -0.2859, -0.1631, -0.2769, -0.0724,
         0.0645, -0.2963,  0.2761,  0.1984, -0.3096, -0.1510,  0.1031, -0.0650,
        -0.0345, -0.1428], device='cuda:0')
rank: local_param 0 tensor([ 0.1136, -0.0791,  0.1173,  0.0091,  0.0284,  0.1103, -0.0233, -0.0805,
        -0.0229,  0.1147, -0.1049,  0.0321, -0.1390,  0.0741,  0.0523,  0.0060,
         0.0607,  0.0002,  0.0783, -0.1120, -0.0208,  0.0627,  0.1408,  0.0720,
        -0.1028,  0.1088, -0.0315, -0.0302, -0.1285, -0.0223,  0.1000,  0.0197,
        -0.0824,  0.0435, -0.0453,  0.1291, -0.1227, -0.0447, -0.1366, -0.0557,
         0.0446,  0.1361,  0.0238,  0.1386,  0.0277,  0.0817,  0.1134,  0.1182,
        -0.0792,  0.1300,  0.0857, -0.0661, -0.0675, -0.1186,  0.0355, -0.1146,
         0.0597,  0.0447, -0.1229,  0.0385, -0.0115,  0.0646,  0.0811, -0.1406,
         0.1297,  0.1186,  0.0563, -0.1293, -0.0505, -0.0410, -0.0363,  0.0798,
         0.0514,  0.1120, -0.0530,  0.0476,  0.0503, -0.1177, -0.1372, -0.0734,
         0.0968, -0.1331, -0.1231,  0.0792,  0.0763,  0.1163, -0.1068, -0.1035,
         0.0725,  0.1230,  0.0846,  0.0222,  0.0466,  0.1342, -0.0912, -0.0642,
         0.0989, -0.0968, -0.0780,  0.1032,  0.0446,  0.0457, -0.0599, -0.0020,
         0.1294, -0.0849,  0.0011,  0.0673, -0.0976,  0.1373, -0.0707, -0.0340,
        -0.0383, -0.0922, -0.1388,  0.0797,  0.0376, -0.1325, -0.0910,  0.1398,
         0.0541,  0.0567, -0.0846, -0.0620, -0.0213], device='cuda:0',
       requires_grad=True)
rank: flatten_data 0 tensor([ 0.1136, -0.0791,  0.1173,  0.0091,  0.0284,  0.1103, -0.0233, -0.0805,
        -0.0229,  0.1147, -0.1049,  0.0321, -0.1390,  0.0741,  0.0523,  0.0060,
         0.0607,  0.0002,  0.0783, -0.1120, -0.0208,  0.0627,  0.1408,  0.0720,
        -0.1028,  0.1088, -0.0315, -0.0302, -0.1285, -0.0223,  0.1000,  0.0197,
        -0.0824,  0.0435, -0.0453,  0.1291, -0.1227, -0.0447, -0.1366, -0.0557,
         0.0446,  0.1361,  0.0238,  0.1386,  0.0277,  0.0817,  0.1134,  0.1182,
        -0.0792,  0.1300,  0.0857, -0.0661, -0.0675, -0.1186,  0.0355, -0.1146,
         0.0597,  0.0447, -0.1229,  0.0385, -0.0115,  0.0646,  0.0811, -0.1406,
         0.1297,  0.1186,  0.0563, -0.1293, -0.0505, -0.0410, -0.0363,  0.0798,
         0.0514,  0.1120, -0.0530,  0.0476,  0.0503, -0.1177, -0.1372, -0.0734,
         0.0968, -0.1331, -0.1231,  0.0792,  0.0763,  0.1163, -0.1068, -0.1035,
         0.0725,  0.1230,  0.0846,  0.0222,  0.0466,  0.1342, -0.0912, -0.0642,
         0.0989, -0.0968, -0.0780,  0.1032,  0.0446,  0.0457, -0.0599, -0.0020,
         0.1294, -0.0849,  0.0011,  0.0673, -0.0976,  0.1373, -0.0707, -0.0340,
        -0.0383, -0.0922, -0.1388,  0.0797,  0.0376, -0.1325, -0.0910,  0.1398,
         0.0541,  0.0567, -0.0846, -0.0620, -0.0213, -0.0259, -0.0969,  0.0117,
         0.0141, -0.0179,  0.0196, -0.0561,  0.0368,  0.0533, -0.0745, -0.1402,
         0.0740,  0.0337, -0.0719,  0.1363, -0.0640,  0.0956,  0.0717, -0.1186,
         0.0912, -0.1300, -0.0783, -0.0236, -0.0953,  0.1382, -0.0284,  0.0562,
        -0.1263,  0.0814, -0.0440, -0.1076,  0.0207,  0.0685,  0.1224, -0.0864,
        -0.0696,  0.0272,  0.0384,  0.0544,  0.0776, -0.0321,  0.0786,  0.1043,
        -0.0369,  0.1006,  0.0691,  0.1247, -0.0804, -0.0698, -0.0409,  0.0072,
         0.0849, -0.0807,  0.0708, -0.0507,  0.0854, -0.0067, -0.1239, -0.0778,
        -0.1024,  0.0701, -0.0948, -0.0118,  0.0305, -0.0776,  0.0408, -0.1381,
        -0.1012, -0.1281, -0.0428, -0.0515,  0.0203, -0.0262,  0.0665,  0.1297,
         0.0507, -0.0557, -0.1324,  0.0512, -0.0701,  0.0720,  0.0945,  0.0545,
         0.1327,  0.1343,  0.0299, -0.1030,  0.1264, -0.0671, -0.0668,  0.1183,
         0.1096,  0.0427,  0.0089, -0.1190, -0.0147,  0.1356,  0.0360,  0.0121,
        -0.0294, -0.0493,  0.0843,  0.0087,  0.0920, -0.0250,  0.0618,  0.0584,
         0.0226,  0.0889,  0.0886,  0.1311,  0.1087, -0.0362, -0.1197,  0.0259,
        -0.0012, -0.0369, -0.0237,  0.0067,  0.1032,  0.0441, -0.0502, -0.0582,
        -0.0350, -0.0547], device='cuda:0')
rank: flatten_data 1 tensor([-0.1811,  0.0790, -0.0417, -0.2295,  0.0074, -0.2160, -0.2683, -0.1741,
        -0.2768, -0.2014,  0.3161,  0.0597,  0.0974, -0.2949, -0.2077, -0.1053,
         0.0494, -0.2783, -0.1363, -0.1893,  0.0009, -0.1177, -0.0219, -0.2143,
        -0.2171, -0.1845, -0.1082, -0.2496,  0.2651, -0.0628,  0.2721,  0.0985,
        -0.2678,  0.2188, -0.0870, -0.1212, -0.2625, -0.3144,  0.0905, -0.0691,
         0.1231, -0.2595,  0.2348, -0.2321, -0.0546,  0.0661,  0.1633,  0.2553,
         0.2881, -0.2507,  0.0796, -0.1360, -0.0347, -0.2367,  0.2880, -0.2321,
         0.1690,  0.1111,  0.1028, -0.1710,  0.2874,  0.0695,  0.0407, -0.2787,
         0.1327, -0.0474, -0.1449,  0.2716,  0.0705, -0.1750, -0.1601, -0.0151,
         0.1766, -0.0808, -0.1804, -0.1083, -0.2362,  0.1128,  0.2448, -0.2977,
         0.0734,  0.1634,  0.0573, -0.1126,  0.1651,  0.1662,  0.1182, -0.0556,
        -0.0837,  0.0338, -0.0559, -0.0942,  0.2021,  0.2718, -0.0313, -0.0708,
         0.0046, -0.0189,  0.0760,  0.0886, -0.2872, -0.1167,  0.2663,  0.1232,
        -0.0157, -0.1907, -0.1935, -0.2833, -0.1031,  0.1068,  0.2016,  0.1460,
        -0.2795, -0.1902, -0.0499,  0.3059,  0.0457, -0.0819,  0.1308, -0.1204,
        -0.2047,  0.2308, -0.1438, -0.0634, -0.3146,  0.2116,  0.2396,  0.1152,
        -0.2205, -0.3121, -0.2568,  0.2358,  0.1518,  0.2661,  0.1657,  0.0800,
        -0.0031, -0.2405, -0.2709, -0.2958,  0.1295, -0.1553, -0.0636, -0.1820,
        -0.0576, -0.2226, -0.2066,  0.1049, -0.0940,  0.1952, -0.1014, -0.2320,
        -0.0558, -0.1533, -0.0967, -0.3010,  0.1769, -0.2202,  0.1589,  0.1435,
         0.2259, -0.2426,  0.2274, -0.1495,  0.1173,  0.2970, -0.0446, -0.0024,
        -0.0728, -0.2640,  0.1518, -0.3139,  0.1963,  0.2366,  0.2991, -0.0746,
        -0.2598,  0.0711,  0.1747, -0.3147, -0.0718, -0.1896, -0.0277, -0.1557,
        -0.1293, -0.1004, -0.3005,  0.2595,  0.2651, -0.0496, -0.0360, -0.1291,
        -0.2856, -0.3077,  0.1175, -0.1736, -0.2033, -0.0247, -0.1053, -0.1023,
         0.0102, -0.0671, -0.1089, -0.1514, -0.2574,  0.2652, -0.1266,  0.0838,
        -0.1097,  0.0257,  0.2948,  0.1457, -0.2740,  0.1255,  0.3002,  0.0832,
         0.2120,  0.3118, -0.0485,  0.0656, -0.2198, -0.0652,  0.2342,  0.1621,
        -0.2001, -0.2536, -0.2161, -0.3121, -0.2440, -0.0782,  0.2134,  0.0529,
        -0.2405, -0.2537,  0.1573, -0.2352, -0.0389,  0.1517, -0.1464, -0.0345,
        -0.0275, -0.0748, -0.1603, -0.2819, -0.2556, -0.1693,  0.3054, -0.1527,
        -0.2124,  0.0767,  0.0872,  0.1733,  0.2404,  0.1761, -0.3135,  0.0280,
         0.1916, -0.0292, -0.1863,  0.3015, -0.1183, -0.1800, -0.2851,  0.0141,
         0.1401,  0.0700,  0.0625, -0.2398, -0.2953,  0.0056,  0.2883,  0.1824,
        -0.1841, -0.0410, -0.2331, -0.1526,  0.0573,  0.1722,  0.2620, -0.2903,
         0.2114, -0.2230,  0.1184,  0.2676,  0.0044,  0.2877, -0.2694, -0.1208,
         0.1844, -0.0689, -0.0647, -0.1318,  0.2180,  0.1551,  0.1013, -0.1777,
        -0.2567,  0.0342,  0.0937, -0.1460, -0.0885,  0.2136,  0.0252,  0.0143,
        -0.0778, -0.2864, -0.2973, -0.1512, -0.1607,  0.0985, -0.0921, -0.1237,
         0.3015,  0.1101,  0.2254, -0.1531, -0.1292,  0.1162, -0.2107, -0.2067,
        -0.0153, -0.1157, -0.2371,  0.1876,  0.2543,  0.0513, -0.0551, -0.2929,
        -0.1152,  0.0805,  0.1491, -0.0400, -0.1250,  0.1762, -0.2518,  0.1999,
        -0.1227,  0.0048, -0.0625,  0.0383, -0.0956,  0.2299, -0.0082,  0.2468,
         0.3040, -0.1541, -0.2307,  0.2537,  0.2478, -0.2415, -0.0244, -0.3118,
        -0.2589,  0.0611,  0.0841,  0.0670, -0.0861,  0.2917,  0.0452, -0.1866,
        -0.0179,  0.0759,  0.1107, -0.2236,  0.1185, -0.1616, -0.2628, -0.1727,
         0.3050,  0.2703,  0.2832,  0.1856,  0.2389, -0.0423, -0.1740,  0.1580,
        -0.1639, -0.2134, -0.1010,  0.0664,  0.1628, -0.1228, -0.1861,  0.0427,
        -0.1864, -0.2059,  0.1648, -0.0531,  0.2890,  0.3076,  0.0946,  0.1088,
         0.0728,  0.0050, -0.0230,  0.0043,  0.1181,  0.2940, -0.0820, -0.1337,
        -0.0766, -0.1528,  0.0538,  0.2360,  0.2473,  0.1452, -0.2327, -0.1697,
        -0.0695, -0.0583,  0.0260, -0.2903,  0.0984, -0.2412, -0.2001, -0.2629,
         0.2755, -0.2994,  0.2386, -0.0106, -0.0368,  0.1978, -0.0292,  0.1983,
         0.2286, -0.2746,  0.1217,  0.0597,  0.0680,  0.0462,  0.0865, -0.1521,
        -0.0405,  0.3005,  0.2125, -0.0119, -0.2974,  0.0139, -0.2153,  0.2572,
        -0.1920, -0.0228, -0.0702,  0.0563,  0.2976,  0.0300,  0.1831,  0.2455,
         0.2553, -0.1092, -0.0707,  0.1524, -0.0863,  0.1481, -0.0691, -0.2145,
         0.1287,  0.0485,  0.1410,  0.3142,  0.2159,  0.2998,  0.0169, -0.2720,
        -0.2218, -0.1964, -0.2787, -0.1585, -0.2911, -0.2918, -0.1890, -0.3117,
        -0.1941,  0.1206,  0.2638, -0.0941, -0.0920,  0.1689, -0.1560, -0.1495,
         0.1948, -0.2755,  0.0387,  0.2793,  0.0542,  0.0860, -0.1842, -0.0044,
         0.0174,  0.0776,  0.1229,  0.2748, -0.2414,  0.0095, -0.1580, -0.2502,
        -0.0253, -0.2784,  0.2207,  0.0366], device='cuda:1')
rank: local_param 1 tensor([-0.1964, -0.0392,  0.1287, -0.3093,  0.0939, -0.2091, -0.1543,  0.1214,
         0.2514, -0.0864, -0.1298, -0.2859, -0.1631, -0.2769, -0.0724,  0.0645,
        -0.2963,  0.2761,  0.1984, -0.3096, -0.1510,  0.1031, -0.0650, -0.0345,
        -0.1428], device='cuda:1', requires_grad=True)
rank: flatten_data 1 tensor([-0.1704,  0.1653, -0.2993, -0.1223, -0.0616, -0.2687, -0.2011, -0.0516,
         0.2399,  0.3054,  0.2012, -0.1888, -0.2069,  0.2760,  0.1119,  0.0084,
         0.0428, -0.2542, -0.1056,  0.3044, -0.0780, -0.0159, -0.2626, -0.1769,
        -0.0065, -0.1964, -0.0392,  0.1287, -0.3093,  0.0939, -0.2091, -0.1543,
         0.1214,  0.2514, -0.0864, -0.1298, -0.2859, -0.1631, -0.2769, -0.0724,
         0.0645, -0.2963,  0.2761,  0.1984, -0.3096, -0.1510,  0.1031, -0.0650,
        -0.0345, -0.1428], device='cuda:1')
rank: local_param 1 tensor([-0.0259, -0.0969,  0.0117,  0.0141, -0.0179,  0.0196, -0.0561,  0.0368,
         0.0533, -0.0745, -0.1402,  0.0740,  0.0337, -0.0719,  0.1363, -0.0640,
         0.0956,  0.0717, -0.1186,  0.0912, -0.1300, -0.0783, -0.0236, -0.0953,
         0.1382, -0.0284,  0.0562, -0.1263,  0.0814, -0.0440, -0.1076,  0.0207,
         0.0685,  0.1224, -0.0864, -0.0696,  0.0272,  0.0384,  0.0544,  0.0776,
        -0.0321,  0.0786,  0.1043, -0.0369,  0.1006,  0.0691,  0.1247, -0.0804,
        -0.0698, -0.0409,  0.0072,  0.0849, -0.0807,  0.0708, -0.0507,  0.0854,
        -0.0067, -0.1239, -0.0778, -0.1024,  0.0701, -0.0948, -0.0118,  0.0305,
        -0.0776,  0.0408, -0.1381, -0.1012, -0.1281, -0.0428, -0.0515,  0.0203,
        -0.0262,  0.0665,  0.1297,  0.0507, -0.0557, -0.1324,  0.0512, -0.0701,
         0.0720,  0.0945,  0.0545,  0.1327,  0.1343,  0.0299, -0.1030,  0.1264,
        -0.0671, -0.0668,  0.1183,  0.1096,  0.0427,  0.0089, -0.1190, -0.0147,
         0.1356,  0.0360,  0.0121, -0.0294, -0.0493,  0.0843,  0.0087,  0.0920,
        -0.0250,  0.0618,  0.0584,  0.0226,  0.0889,  0.0886,  0.1311,  0.1087,
        -0.0362, -0.1197,  0.0259, -0.0012, -0.0369, -0.0237,  0.0067,  0.1032,
         0.0441, -0.0502, -0.0582, -0.0350, -0.0547], device='cuda:1',
       requires_grad=True)
rank: flatten_data 1 tensor([ 0.1136, -0.0791,  0.1173,  0.0091,  0.0284,  0.1103, -0.0233, -0.0805,
        -0.0229,  0.1147, -0.1049,  0.0321, -0.1390,  0.0741,  0.0523,  0.0060,
         0.0607,  0.0002,  0.0783, -0.1120, -0.0208,  0.0627,  0.1408,  0.0720,
        -0.1028,  0.1088, -0.0315, -0.0302, -0.1285, -0.0223,  0.1000,  0.0197,
        -0.0824,  0.0435, -0.0453,  0.1291, -0.1227, -0.0447, -0.1366, -0.0557,
         0.0446,  0.1361,  0.0238,  0.1386,  0.0277,  0.0817,  0.1134,  0.1182,
        -0.0792,  0.1300,  0.0857, -0.0661, -0.0675, -0.1186,  0.0355, -0.1146,
         0.0597,  0.0447, -0.1229,  0.0385, -0.0115,  0.0646,  0.0811, -0.1406,
         0.1297,  0.1186,  0.0563, -0.1293, -0.0505, -0.0410, -0.0363,  0.0798,
         0.0514,  0.1120, -0.0530,  0.0476,  0.0503, -0.1177, -0.1372, -0.0734,
         0.0968, -0.1331, -0.1231,  0.0792,  0.0763,  0.1163, -0.1068, -0.1035,
         0.0725,  0.1230,  0.0846,  0.0222,  0.0466,  0.1342, -0.0912, -0.0642,
         0.0989, -0.0968, -0.0780,  0.1032,  0.0446,  0.0457, -0.0599, -0.0020,
         0.1294, -0.0849,  0.0011,  0.0673, -0.0976,  0.1373, -0.0707, -0.0340,
        -0.0383, -0.0922, -0.1388,  0.0797,  0.0376, -0.1325, -0.0910,  0.1398,
         0.0541,  0.0567, -0.0846, -0.0620, -0.0213, -0.0259, -0.0969,  0.0117,
         0.0141, -0.0179,  0.0196, -0.0561,  0.0368,  0.0533, -0.0745, -0.1402,
         0.0740,  0.0337, -0.0719,  0.1363, -0.0640,  0.0956,  0.0717, -0.1186,
         0.0912, -0.1300, -0.0783, -0.0236, -0.0953,  0.1382, -0.0284,  0.0562,
        -0.1263,  0.0814, -0.0440, -0.1076,  0.0207,  0.0685,  0.1224, -0.0864,
        -0.0696,  0.0272,  0.0384,  0.0544,  0.0776, -0.0321,  0.0786,  0.1043,
        -0.0369,  0.1006,  0.0691,  0.1247, -0.0804, -0.0698, -0.0409,  0.0072,
         0.0849, -0.0807,  0.0708, -0.0507,  0.0854, -0.0067, -0.1239, -0.0778,
        -0.1024,  0.0701, -0.0948, -0.0118,  0.0305, -0.0776,  0.0408, -0.1381,
        -0.1012, -0.1281, -0.0428, -0.0515,  0.0203, -0.0262,  0.0665,  0.1297,
         0.0507, -0.0557, -0.1324,  0.0512, -0.0701,  0.0720,  0.0945,  0.0545,
         0.1327,  0.1343,  0.0299, -0.1030,  0.1264, -0.0671, -0.0668,  0.1183,
         0.1096,  0.0427,  0.0089, -0.1190, -0.0147,  0.1356,  0.0360,  0.0121,
        -0.0294, -0.0493,  0.0843,  0.0087,  0.0920, -0.0250,  0.0618,  0.0584,
         0.0226,  0.0889,  0.0886,  0.1311,  0.1087, -0.0362, -0.1197,  0.0259,
        -0.0012, -0.0369, -0.0237,  0.0067,  0.1032,  0.0441, -0.0502, -0.0582,
        -0.0350, -0.0547], device='cuda:1')
rank: local_param 1 tensor([2.], device='cuda:1', requires_grad=True)
rank: flatten_data 1 tensor([2., 2.], device='cuda:1')
rank: local_param 1 tensor([-0.3130, -0.1222, -0.2426,  0.2595,  0.0911,  0.1310,  0.1000, -0.0055,
         0.2475, -0.2247,  0.0199, -0.2158,  0.0975, -0.1089,  0.0969, -0.0659,
         0.2623, -0.1874, -0.1886, -0.1886,  0.2844,  0.1054,  0.3043, -0.2610,
        -0.3137, -0.2474, -0.2127,  0.1281,  0.1132,  0.2628, -0.1633, -0.2156,
         0.1678, -0.1278,  0.1919, -0.0750,  0.1809, -0.2457, -0.1596,  0.0964,
         0.0669, -0.0806,  0.1885,  0.2150, -0.2293, -0.1688,  0.2896, -0.1067,
        -0.1121, -0.3060], device='cuda:1', requires_grad=True)
rank: flatten_data 1 tensor([ 0.2418,  0.2625, -0.0741,  0.2905, -0.0693,  0.0638, -0.1540,  0.1857,
         0.2788, -0.2320,  0.2749,  0.0592,  0.2336,  0.0428,  0.1525, -0.0446,
         0.2438,  0.0467, -0.1476,  0.0806, -0.1457, -0.0371, -0.1284,  0.2098,
        -0.2496, -0.1458, -0.0893, -0.1901,  0.0298, -0.3123,  0.2856, -0.2686,
         0.2441,  0.0526, -0.1027,  0.1954,  0.0493,  0.2555,  0.0346, -0.0997,
         0.0850, -0.0858,  0.1331,  0.2823,  0.1828, -0.1382,  0.1825,  0.0566,
         0.1606, -0.1927, -0.3130, -0.1222, -0.2426,  0.2595,  0.0911,  0.1310,
         0.1000, -0.0055,  0.2475, -0.2247,  0.0199, -0.2158,  0.0975, -0.1089,
         0.0969, -0.0659,  0.2623, -0.1874, -0.1886, -0.1886,  0.2844,  0.1054,
         0.3043, -0.2610, -0.3137, -0.2474, -0.2127,  0.1281,  0.1132,  0.2628,
        -0.1633, -0.2156,  0.1678, -0.1278,  0.1919, -0.0750,  0.1809, -0.2457,
        -0.1596,  0.0964,  0.0669, -0.0806,  0.1885,  0.2150, -0.2293, -0.1688,
         0.2896, -0.1067, -0.1121, -0.3060], device='cuda:1')
rank: local_param 1 tensor([ 0.0872,  0.1733,  0.2404,  0.1761, -0.3135,  0.0280,  0.1916, -0.0292,
        -0.1863,  0.3015, -0.1183, -0.1800, -0.2851,  0.0141,  0.1401,  0.0700,
         0.0625, -0.2398, -0.2953,  0.0056,  0.2883,  0.1824, -0.1841, -0.0410,
        -0.2331, -0.1526,  0.0573,  0.1722,  0.2620, -0.2903,  0.2114, -0.2230,
         0.1184,  0.2676,  0.0044,  0.2877, -0.2694, -0.1208,  0.1844, -0.0689,
        -0.0647, -0.1318,  0.2180,  0.1551,  0.1013, -0.1777, -0.2567,  0.0342,
         0.0937, -0.1460, -0.0885,  0.2136,  0.0252,  0.0143, -0.0778, -0.2864,
        -0.2973, -0.1512, -0.1607,  0.0985, -0.0921, -0.1237,  0.3015,  0.1101,
         0.2254, -0.1531, -0.1292,  0.1162, -0.2107, -0.2067, -0.0153, -0.1157,
        -0.2371,  0.1876,  0.2543,  0.0513, -0.0551, -0.2929, -0.1152,  0.0805,
         0.1491, -0.0400, -0.1250,  0.1762, -0.2518,  0.1999, -0.1227,  0.0048,
        -0.0625,  0.0383, -0.0956,  0.2299, -0.0082,  0.2468,  0.3040, -0.1541,
        -0.2307,  0.2537,  0.2478, -0.2415, -0.0244, -0.3118, -0.2589,  0.0611,
         0.0841,  0.0670, -0.0861,  0.2917,  0.0452, -0.1866, -0.0179,  0.0759,
         0.1107, -0.2236,  0.1185, -0.1616, -0.2628, -0.1727,  0.3050,  0.2703,
         0.2832,  0.1856,  0.2389, -0.0423, -0.1740,  0.1580, -0.1639, -0.2134,
        -0.1010,  0.0664,  0.1628, -0.1228, -0.1861,  0.0427, -0.1864, -0.2059,
         0.1648, -0.0531,  0.2890,  0.3076,  0.0946,  0.1088,  0.0728,  0.0050,
        -0.0230,  0.0043,  0.1181,  0.2940, -0.0820, -0.1337, -0.0766, -0.1528,
         0.0538,  0.2360,  0.2473,  0.1452, -0.2327, -0.1697, -0.0695, -0.0583,
         0.0260, -0.2903,  0.0984, -0.2412, -0.2001, -0.2629,  0.2755, -0.2994,
         0.2386, -0.0106, -0.0368,  0.1978, -0.0292,  0.1983,  0.2286, -0.2746,
         0.1217,  0.0597,  0.0680,  0.0462,  0.0865, -0.1521, -0.0405,  0.3005,
         0.2125, -0.0119, -0.2974,  0.0139, -0.2153,  0.2572, -0.1920, -0.0228,
        -0.0702,  0.0563,  0.2976,  0.0300,  0.1831,  0.2455,  0.2553, -0.1092,
        -0.0707,  0.1524, -0.0863,  0.1481, -0.0691, -0.2145,  0.1287,  0.0485,
         0.1410,  0.3142,  0.2159,  0.2998,  0.0169, -0.2720, -0.2218, -0.1964,
        -0.2787, -0.1585, -0.2911, -0.2918, -0.1890, -0.3117, -0.1941,  0.1206,
         0.2638, -0.0941, -0.0920,  0.1689, -0.1560, -0.1495,  0.1948, -0.2755,
         0.0387,  0.2793,  0.0542,  0.0860, -0.1842, -0.0044,  0.0174,  0.0776,
         0.1229,  0.2748, -0.2414,  0.0095, -0.1580, -0.2502, -0.0253, -0.2784,
         0.2207,  0.0366], device='cuda:1', requires_grad=True)
rank: flatten_data 1 tensor([-0.1811,  0.0790, -0.0417, -0.2295,  0.0074, -0.2160, -0.2683, -0.1741,
        -0.2768, -0.2014,  0.3161,  0.0597,  0.0974, -0.2949, -0.2077, -0.1053,
         0.0494, -0.2783, -0.1363, -0.1893,  0.0009, -0.1177, -0.0219, -0.2143,
        -0.2171, -0.1845, -0.1082, -0.2496,  0.2651, -0.0628,  0.2721,  0.0985,
        -0.2678,  0.2188, -0.0870, -0.1212, -0.2625, -0.3144,  0.0905, -0.0691,
         0.1231, -0.2595,  0.2348, -0.2321, -0.0546,  0.0661,  0.1633,  0.2553,
         0.2881, -0.2507,  0.0796, -0.1360, -0.0347, -0.2367,  0.2880, -0.2321,
         0.1690,  0.1111,  0.1028, -0.1710,  0.2874,  0.0695,  0.0407, -0.2787,
         0.1327, -0.0474, -0.1449,  0.2716,  0.0705, -0.1750, -0.1601, -0.0151,
         0.1766, -0.0808, -0.1804, -0.1083, -0.2362,  0.1128,  0.2448, -0.2977,
         0.0734,  0.1634,  0.0573, -0.1126,  0.1651,  0.1662,  0.1182, -0.0556,
        -0.0837,  0.0338, -0.0559, -0.0942,  0.2021,  0.2718, -0.0313, -0.0708,
         0.0046, -0.0189,  0.0760,  0.0886, -0.2872, -0.1167,  0.2663,  0.1232,
        -0.0157, -0.1907, -0.1935, -0.2833, -0.1031,  0.1068,  0.2016,  0.1460,
        -0.2795, -0.1902, -0.0499,  0.3059,  0.0457, -0.0819,  0.1308, -0.1204,
        -0.2047,  0.2308, -0.1438, -0.0634, -0.3146,  0.2116,  0.2396,  0.1152,
        -0.2205, -0.3121, -0.2568,  0.2358,  0.1518,  0.2661,  0.1657,  0.0800,
        -0.0031, -0.2405, -0.2709, -0.2958,  0.1295, -0.1553, -0.0636, -0.1820,
        -0.0576, -0.2226, -0.2066,  0.1049, -0.0940,  0.1952, -0.1014, -0.2320,
        -0.0558, -0.1533, -0.0967, -0.3010,  0.1769, -0.2202,  0.1589,  0.1435,
         0.2259, -0.2426,  0.2274, -0.1495,  0.1173,  0.2970, -0.0446, -0.0024,
        -0.0728, -0.2640,  0.1518, -0.3139,  0.1963,  0.2366,  0.2991, -0.0746,
        -0.2598,  0.0711,  0.1747, -0.3147, -0.0718, -0.1896, -0.0277, -0.1557,
        -0.1293, -0.1004, -0.3005,  0.2595,  0.2651, -0.0496, -0.0360, -0.1291,
        -0.2856, -0.3077,  0.1175, -0.1736, -0.2033, -0.0247, -0.1053, -0.1023,
         0.0102, -0.0671, -0.1089, -0.1514, -0.2574,  0.2652, -0.1266,  0.0838,
        -0.1097,  0.0257,  0.2948,  0.1457, -0.2740,  0.1255,  0.3002,  0.0832,
         0.2120,  0.3118, -0.0485,  0.0656, -0.2198, -0.0652,  0.2342,  0.1621,
        -0.2001, -0.2536, -0.2161, -0.3121, -0.2440, -0.0782,  0.2134,  0.0529,
        -0.2405, -0.2537,  0.1573, -0.2352, -0.0389,  0.1517, -0.1464, -0.0345,
        -0.0275, -0.0748, -0.1603, -0.2819, -0.2556, -0.1693,  0.3054, -0.1527,
        -0.2124,  0.0767,  0.0872,  0.1733,  0.2404,  0.1761, -0.3135,  0.0280,
         0.1916, -0.0292, -0.1863,  0.3015, -0.1183, -0.1800, -0.2851,  0.0141,
         0.1401,  0.0700,  0.0625, -0.2398, -0.2953,  0.0056,  0.2883,  0.1824,
        -0.1841, -0.0410, -0.2331, -0.1526,  0.0573,  0.1722,  0.2620, -0.2903,
         0.2114, -0.2230,  0.1184,  0.2676,  0.0044,  0.2877, -0.2694, -0.1208,
         0.1844, -0.0689, -0.0647, -0.1318,  0.2180,  0.1551,  0.1013, -0.1777,
        -0.2567,  0.0342,  0.0937, -0.1460, -0.0885,  0.2136,  0.0252,  0.0143,
        -0.0778, -0.2864, -0.2973, -0.1512, -0.1607,  0.0985, -0.0921, -0.1237,
         0.3015,  0.1101,  0.2254, -0.1531, -0.1292,  0.1162, -0.2107, -0.2067,
        -0.0153, -0.1157, -0.2371,  0.1876,  0.2543,  0.0513, -0.0551, -0.2929,
        -0.1152,  0.0805,  0.1491, -0.0400, -0.1250,  0.1762, -0.2518,  0.1999,
        -0.1227,  0.0048, -0.0625,  0.0383, -0.0956,  0.2299, -0.0082,  0.2468,
         0.3040, -0.1541, -0.2307,  0.2537,  0.2478, -0.2415, -0.0244, -0.3118,
        -0.2589,  0.0611,  0.0841,  0.0670, -0.0861,  0.2917,  0.0452, -0.1866,
        -0.0179,  0.0759,  0.1107, -0.2236,  0.1185, -0.1616, -0.2628, -0.1727,
         0.3050,  0.2703,  0.2832,  0.1856,  0.2389, -0.0423, -0.1740,  0.1580,
        -0.1639, -0.2134, -0.1010,  0.0664,  0.1628, -0.1228, -0.1861,  0.0427,
        -0.1864, -0.2059,  0.1648, -0.0531,  0.2890,  0.3076,  0.0946,  0.1088,
         0.0728,  0.0050, -0.0230,  0.0043,  0.1181,  0.2940, -0.0820, -0.1337,
        -0.0766, -0.1528,  0.0538,  0.2360,  0.2473,  0.1452, -0.2327, -0.1697,
        -0.0695, -0.0583,  0.0260, -0.2903,  0.0984, -0.2412, -0.2001, -0.2629,
         0.2755, -0.2994,  0.2386, -0.0106, -0.0368,  0.1978, -0.0292,  0.1983,
         0.2286, -0.2746,  0.1217,  0.0597,  0.0680,  0.0462,  0.0865, -0.1521,
        -0.0405,  0.3005,  0.2125, -0.0119, -0.2974,  0.0139, -0.2153,  0.2572,
        -0.1920, -0.0228, -0.0702,  0.0563,  0.2976,  0.0300,  0.1831,  0.2455,
         0.2553, -0.1092, -0.0707,  0.1524, -0.0863,  0.1481, -0.0691, -0.2145,
         0.1287,  0.0485,  0.1410,  0.3142,  0.2159,  0.2998,  0.0169, -0.2720,
        -0.2218, -0.1964, -0.2787, -0.1585, -0.2911, -0.2918, -0.1890, -0.3117,
        -0.1941,  0.1206,  0.2638, -0.0941, -0.0920,  0.1689, -0.1560, -0.1495,
         0.1948, -0.2755,  0.0387,  0.2793,  0.0542,  0.0860, -0.1842, -0.0044,
         0.0174,  0.0776,  0.1229,  0.2748, -0.2414,  0.0095, -0.1580, -0.2502,
        -0.0253, -0.2784,  0.2207,  0.0366], device='cuda:1')
rank: local_param 0 tensor([2.], device='cuda:0', requires_grad=True)
rank: flatten_data 0 tensor([2., 2.], device='cuda:0')
rank: local_param 0 tensor([ 0.2418,  0.2625, -0.0741,  0.2905, -0.0693,  0.0638, -0.1540,  0.1857,
         0.2788, -0.2320,  0.2749,  0.0592,  0.2336,  0.0428,  0.1525, -0.0446,
         0.2438,  0.0467, -0.1476,  0.0806, -0.1457, -0.0371, -0.1284,  0.2098,
        -0.2496, -0.1458, -0.0893, -0.1901,  0.0298, -0.3123,  0.2856, -0.2686,
         0.2441,  0.0526, -0.1027,  0.1954,  0.0493,  0.2555,  0.0346, -0.0997,
         0.0850, -0.0858,  0.1331,  0.2823,  0.1828, -0.1382,  0.1825,  0.0566,
         0.1606, -0.1927], device='cuda:0', requires_grad=True)
rank: flatten_data 0 tensor([ 0.2418,  0.2625, -0.0741,  0.2905, -0.0693,  0.0638, -0.1540,  0.1857,
         0.2788, -0.2320,  0.2749,  0.0592,  0.2336,  0.0428,  0.1525, -0.0446,
         0.2438,  0.0467, -0.1476,  0.0806, -0.1457, -0.0371, -0.1284,  0.2098,
        -0.2496, -0.1458, -0.0893, -0.1901,  0.0298, -0.3123,  0.2856, -0.2686,
         0.2441,  0.0526, -0.1027,  0.1954,  0.0493,  0.2555,  0.0346, -0.0997,
         0.0850, -0.0858,  0.1331,  0.2823,  0.1828, -0.1382,  0.1825,  0.0566,
         0.1606, -0.1927, -0.3130, -0.1222, -0.2426,  0.2595,  0.0911,  0.1310,
         0.1000, -0.0055,  0.2475, -0.2247,  0.0199, -0.2158,  0.0975, -0.1089,
         0.0969, -0.0659,  0.2623, -0.1874, -0.1886, -0.1886,  0.2844,  0.1054,
         0.3043, -0.2610, -0.3137, -0.2474, -0.2127,  0.1281,  0.1132,  0.2628,
        -0.1633, -0.2156,  0.1678, -0.1278,  0.1919, -0.0750,  0.1809, -0.2457,
        -0.1596,  0.0964,  0.0669, -0.0806,  0.1885,  0.2150, -0.2293, -0.1688,
         0.2896, -0.1067, -0.1121, -0.3060], device='cuda:0')
rank: local_param 0 tensor([-0.1811,  0.0790, -0.0417, -0.2295,  0.0074, -0.2160, -0.2683, -0.1741,
        -0.2768, -0.2014,  0.3161,  0.0597,  0.0974, -0.2949, -0.2077, -0.1053,
         0.0494, -0.2783, -0.1363, -0.1893,  0.0009, -0.1177, -0.0219, -0.2143,
        -0.2171, -0.1845, -0.1082, -0.2496,  0.2651, -0.0628,  0.2721,  0.0985,
        -0.2678,  0.2188, -0.0870, -0.1212, -0.2625, -0.3144,  0.0905, -0.0691,
         0.1231, -0.2595,  0.2348, -0.2321, -0.0546,  0.0661,  0.1633,  0.2553,
         0.2881, -0.2507,  0.0796, -0.1360, -0.0347, -0.2367,  0.2880, -0.2321,
         0.1690,  0.1111,  0.1028, -0.1710,  0.2874,  0.0695,  0.0407, -0.2787,
         0.1327, -0.0474, -0.1449,  0.2716,  0.0705, -0.1750, -0.1601, -0.0151,
         0.1766, -0.0808, -0.1804, -0.1083, -0.2362,  0.1128,  0.2448, -0.2977,
         0.0734,  0.1634,  0.0573, -0.1126,  0.1651,  0.1662,  0.1182, -0.0556,
        -0.0837,  0.0338, -0.0559, -0.0942,  0.2021,  0.2718, -0.0313, -0.0708,
         0.0046, -0.0189,  0.0760,  0.0886, -0.2872, -0.1167,  0.2663,  0.1232,
        -0.0157, -0.1907, -0.1935, -0.2833, -0.1031,  0.1068,  0.2016,  0.1460,
        -0.2795, -0.1902, -0.0499,  0.3059,  0.0457, -0.0819,  0.1308, -0.1204,
        -0.2047,  0.2308, -0.1438, -0.0634, -0.3146,  0.2116,  0.2396,  0.1152,
        -0.2205, -0.3121, -0.2568,  0.2358,  0.1518,  0.2661,  0.1657,  0.0800,
        -0.0031, -0.2405, -0.2709, -0.2958,  0.1295, -0.1553, -0.0636, -0.1820,
        -0.0576, -0.2226, -0.2066,  0.1049, -0.0940,  0.1952, -0.1014, -0.2320,
        -0.0558, -0.1533, -0.0967, -0.3010,  0.1769, -0.2202,  0.1589,  0.1435,
         0.2259, -0.2426,  0.2274, -0.1495,  0.1173,  0.2970, -0.0446, -0.0024,
        -0.0728, -0.2640,  0.1518, -0.3139,  0.1963,  0.2366,  0.2991, -0.0746,
        -0.2598,  0.0711,  0.1747, -0.3147, -0.0718, -0.1896, -0.0277, -0.1557,
        -0.1293, -0.1004, -0.3005,  0.2595,  0.2651, -0.0496, -0.0360, -0.1291,
        -0.2856, -0.3077,  0.1175, -0.1736, -0.2033, -0.0247, -0.1053, -0.1023,
         0.0102, -0.0671, -0.1089, -0.1514, -0.2574,  0.2652, -0.1266,  0.0838,
        -0.1097,  0.0257,  0.2948,  0.1457, -0.2740,  0.1255,  0.3002,  0.0832,
         0.2120,  0.3118, -0.0485,  0.0656, -0.2198, -0.0652,  0.2342,  0.1621,
        -0.2001, -0.2536, -0.2161, -0.3121, -0.2440, -0.0782,  0.2134,  0.0529,
        -0.2405, -0.2537,  0.1573, -0.2352, -0.0389,  0.1517, -0.1464, -0.0345,
        -0.0275, -0.0748, -0.1603, -0.2819, -0.2556, -0.1693,  0.3054, -0.1527,
        -0.2124,  0.0767], device='cuda:0', requires_grad=True)
rank: flatten_data 0 tensor([-0.1811,  0.0790, -0.0417, -0.2295,  0.0074, -0.2160, -0.2683, -0.1741,
        -0.2768, -0.2014,  0.3161,  0.0597,  0.0974, -0.2949, -0.2077, -0.1053,
         0.0494, -0.2783, -0.1363, -0.1893,  0.0009, -0.1177, -0.0219, -0.2143,
        -0.2171, -0.1845, -0.1082, -0.2496,  0.2651, -0.0628,  0.2721,  0.0985,
        -0.2678,  0.2188, -0.0870, -0.1212, -0.2625, -0.3144,  0.0905, -0.0691,
         0.1231, -0.2595,  0.2348, -0.2321, -0.0546,  0.0661,  0.1633,  0.2553,
         0.2881, -0.2507,  0.0796, -0.1360, -0.0347, -0.2367,  0.2880, -0.2321,
         0.1690,  0.1111,  0.1028, -0.1710,  0.2874,  0.0695,  0.0407, -0.2787,
         0.1327, -0.0474, -0.1449,  0.2716,  0.0705, -0.1750, -0.1601, -0.0151,
         0.1766, -0.0808, -0.1804, -0.1083, -0.2362,  0.1128,  0.2448, -0.2977,
         0.0734,  0.1634,  0.0573, -0.1126,  0.1651,  0.1662,  0.1182, -0.0556,
        -0.0837,  0.0338, -0.0559, -0.0942,  0.2021,  0.2718, -0.0313, -0.0708,
         0.0046, -0.0189,  0.0760,  0.0886, -0.2872, -0.1167,  0.2663,  0.1232,
        -0.0157, -0.1907, -0.1935, -0.2833, -0.1031,  0.1068,  0.2016,  0.1460,
        -0.2795, -0.1902, -0.0499,  0.3059,  0.0457, -0.0819,  0.1308, -0.1204,
        -0.2047,  0.2308, -0.1438, -0.0634, -0.3146,  0.2116,  0.2396,  0.1152,
        -0.2205, -0.3121, -0.2568,  0.2358,  0.1518,  0.2661,  0.1657,  0.0800,
        -0.0031, -0.2405, -0.2709, -0.2958,  0.1295, -0.1553, -0.0636, -0.1820,
        -0.0576, -0.2226, -0.2066,  0.1049, -0.0940,  0.1952, -0.1014, -0.2320,
        -0.0558, -0.1533, -0.0967, -0.3010,  0.1769, -0.2202,  0.1589,  0.1435,
         0.2259, -0.2426,  0.2274, -0.1495,  0.1173,  0.2970, -0.0446, -0.0024,
        -0.0728, -0.2640,  0.1518, -0.3139,  0.1963,  0.2366,  0.2991, -0.0746,
        -0.2598,  0.0711,  0.1747, -0.3147, -0.0718, -0.1896, -0.0277, -0.1557,
        -0.1293, -0.1004, -0.3005,  0.2595,  0.2651, -0.0496, -0.0360, -0.1291,
        -0.2856, -0.3077,  0.1175, -0.1736, -0.2033, -0.0247, -0.1053, -0.1023,
         0.0102, -0.0671, -0.1089, -0.1514, -0.2574,  0.2652, -0.1266,  0.0838,
        -0.1097,  0.0257,  0.2948,  0.1457, -0.2740,  0.1255,  0.3002,  0.0832,
         0.2120,  0.3118, -0.0485,  0.0656, -0.2198, -0.0652,  0.2342,  0.1621,
        -0.2001, -0.2536, -0.2161, -0.3121, -0.2440, -0.0782,  0.2134,  0.0529,
        -0.2405, -0.2537,  0.1573, -0.2352, -0.0389,  0.1517, -0.1464, -0.0345,
        -0.0275, -0.0748, -0.1603, -0.2819, -0.2556, -0.1693,  0.3054, -0.1527,
        -0.2124,  0.0767,  0.0872,  0.1733,  0.2404,  0.1761, -0.3135,  0.0280,
         0.1916, -0.0292, -0.1863,  0.3015, -0.1183, -0.1800, -0.2851,  0.0141,
         0.1401,  0.0700,  0.0625, -0.2398, -0.2953,  0.0056,  0.2883,  0.1824,
        -0.1841, -0.0410, -0.2331, -0.1526,  0.0573,  0.1722,  0.2620, -0.2903,
         0.2114, -0.2230,  0.1184,  0.2676,  0.0044,  0.2877, -0.2694, -0.1208,
         0.1844, -0.0689, -0.0647, -0.1318,  0.2180,  0.1551,  0.1013, -0.1777,
        -0.2567,  0.0342,  0.0937, -0.1460, -0.0885,  0.2136,  0.0252,  0.0143,
        -0.0778, -0.2864, -0.2973, -0.1512, -0.1607,  0.0985, -0.0921, -0.1237,
         0.3015,  0.1101,  0.2254, -0.1531, -0.1292,  0.1162, -0.2107, -0.2067,
        -0.0153, -0.1157, -0.2371,  0.1876,  0.2543,  0.0513, -0.0551, -0.2929,
        -0.1152,  0.0805,  0.1491, -0.0400, -0.1250,  0.1762, -0.2518,  0.1999,
        -0.1227,  0.0048, -0.0625,  0.0383, -0.0956,  0.2299, -0.0082,  0.2468,
         0.3040, -0.1541, -0.2307,  0.2537,  0.2478, -0.2415, -0.0244, -0.3118,
        -0.2589,  0.0611,  0.0841,  0.0670, -0.0861,  0.2917,  0.0452, -0.1866,
        -0.0179,  0.0759,  0.1107, -0.2236,  0.1185, -0.1616, -0.2628, -0.1727,
         0.3050,  0.2703,  0.2832,  0.1856,  0.2389, -0.0423, -0.1740,  0.1580,
        -0.1639, -0.2134, -0.1010,  0.0664,  0.1628, -0.1228, -0.1861,  0.0427,
        -0.1864, -0.2059,  0.1648, -0.0531,  0.2890,  0.3076,  0.0946,  0.1088,
         0.0728,  0.0050, -0.0230,  0.0043,  0.1181,  0.2940, -0.0820, -0.1337,
        -0.0766, -0.1528,  0.0538,  0.2360,  0.2473,  0.1452, -0.2327, -0.1697,
        -0.0695, -0.0583,  0.0260, -0.2903,  0.0984, -0.2412, -0.2001, -0.2629,
         0.2755, -0.2994,  0.2386, -0.0106, -0.0368,  0.1978, -0.0292,  0.1983,
         0.2286, -0.2746,  0.1217,  0.0597,  0.0680,  0.0462,  0.0865, -0.1521,
        -0.0405,  0.3005,  0.2125, -0.0119, -0.2974,  0.0139, -0.2153,  0.2572,
        -0.1920, -0.0228, -0.0702,  0.0563,  0.2976,  0.0300,  0.1831,  0.2455,
         0.2553, -0.1092, -0.0707,  0.1524, -0.0863,  0.1481, -0.0691, -0.2145,
         0.1287,  0.0485,  0.1410,  0.3142,  0.2159,  0.2998,  0.0169, -0.2720,
        -0.2218, -0.1964, -0.2787, -0.1585, -0.2911, -0.2918, -0.1890, -0.3117,
        -0.1941,  0.1206,  0.2638, -0.0941, -0.0920,  0.1689, -0.1560, -0.1495,
         0.1948, -0.2755,  0.0387,  0.2793,  0.0542,  0.0860, -0.1842, -0.0044,
         0.0174,  0.0776,  0.1229,  0.2748, -0.2414,  0.0095, -0.1580, -0.2502,
        -0.0253, -0.2784,  0.2207,  0.0366], device='cuda:0')
rank: local_param 0 tensor([-0.1704,  0.1653, -0.2993, -0.1223, -0.0616, -0.2687, -0.2011, -0.0516,
         0.2399,  0.3054,  0.2012, -0.1888, -0.2069,  0.2760,  0.1119,  0.0084,
         0.0428, -0.2542, -0.1056,  0.3044, -0.0780, -0.0159, -0.2626, -0.1769,
        -0.0065], device='cuda:0', requires_grad=True)
rank: flatten_data 0 tensor([-0.1704,  0.1653, -0.2993, -0.1223, -0.0616, -0.2687, -0.2011, -0.0516,
         0.2399,  0.3054,  0.2012, -0.1888, -0.2069,  0.2760,  0.1119,  0.0084,
         0.0428, -0.2542, -0.1056,  0.3044, -0.0780, -0.0159, -0.2626, -0.1769,
        -0.0065, -0.1964, -0.0392,  0.1287, -0.3093,  0.0939, -0.2091, -0.1543,
         0.1214,  0.2514, -0.0864, -0.1298, -0.2859, -0.1631, -0.2769, -0.0724,
         0.0645, -0.2963,  0.2761,  0.1984, -0.3096, -0.1510,  0.1031, -0.0650,
        -0.0345, -0.1428], device='cuda:0')
rank: local_param 0 tensor([ 0.1136, -0.0791,  0.1173,  0.0091,  0.0284,  0.1103, -0.0233, -0.0805,
        -0.0229,  0.1147, -0.1049,  0.0321, -0.1390,  0.0741,  0.0523,  0.0060,
         0.0607,  0.0002,  0.0783, -0.1120, -0.0208,  0.0627,  0.1408,  0.0720,
        -0.1028,  0.1088, -0.0315, -0.0302, -0.1285, -0.0223,  0.1000,  0.0197,
        -0.0824,  0.0435, -0.0453,  0.1291, -0.1227, -0.0447, -0.1366, -0.0557,
         0.0446,  0.1361,  0.0238,  0.1386,  0.0277,  0.0817,  0.1134,  0.1182,
        -0.0792,  0.1300,  0.0857, -0.0661, -0.0675, -0.1186,  0.0355, -0.1146,
         0.0597,  0.0447, -0.1229,  0.0385, -0.0115,  0.0646,  0.0811, -0.1406,
         0.1297,  0.1186,  0.0563, -0.1293, -0.0505, -0.0410, -0.0363,  0.0798,
         0.0514,  0.1120, -0.0530,  0.0476,  0.0503, -0.1177, -0.1372, -0.0734,
         0.0968, -0.1331, -0.1231,  0.0792,  0.0763,  0.1163, -0.1068, -0.1035,
         0.0725,  0.1230,  0.0846,  0.0222,  0.0466,  0.1342, -0.0912, -0.0642,
         0.0989, -0.0968, -0.0780,  0.1032,  0.0446,  0.0457, -0.0599, -0.0020,
         0.1294, -0.0849,  0.0011,  0.0673, -0.0976,  0.1373, -0.0707, -0.0340,
        -0.0383, -0.0922, -0.1388,  0.0797,  0.0376, -0.1325, -0.0910,  0.1398,
         0.0541,  0.0567, -0.0846, -0.0620, -0.0213], device='cuda:0',
       requires_grad=True)
rank: flatten_data 0 tensor([ 0.1136, -0.0791,  0.1173,  0.0091,  0.0284,  0.1103, -0.0233, -0.0805,
        -0.0229,  0.1147, -0.1049,  0.0321, -0.1390,  0.0741,  0.0523,  0.0060,
         0.0607,  0.0002,  0.0783, -0.1120, -0.0208,  0.0627,  0.1408,  0.0720,
        -0.1028,  0.1088, -0.0315, -0.0302, -0.1285, -0.0223,  0.1000,  0.0197,
        -0.0824,  0.0435, -0.0453,  0.1291, -0.1227, -0.0447, -0.1366, -0.0557,
         0.0446,  0.1361,  0.0238,  0.1386,  0.0277,  0.0817,  0.1134,  0.1182,
        -0.0792,  0.1300,  0.0857, -0.0661, -0.0675, -0.1186,  0.0355, -0.1146,
         0.0597,  0.0447, -0.1229,  0.0385, -0.0115,  0.0646,  0.0811, -0.1406,
         0.1297,  0.1186,  0.0563, -0.1293, -0.0505, -0.0410, -0.0363,  0.0798,
         0.0514,  0.1120, -0.0530,  0.0476,  0.0503, -0.1177, -0.1372, -0.0734,
         0.0968, -0.1331, -0.1231,  0.0792,  0.0763,  0.1163, -0.1068, -0.1035,
         0.0725,  0.1230,  0.0846,  0.0222,  0.0466,  0.1342, -0.0912, -0.0642,
         0.0989, -0.0968, -0.0780,  0.1032,  0.0446,  0.0457, -0.0599, -0.0020,
         0.1294, -0.0849,  0.0011,  0.0673, -0.0976,  0.1373, -0.0707, -0.0340,
        -0.0383, -0.0922, -0.1388,  0.0797,  0.0376, -0.1325, -0.0910,  0.1398,
         0.0541,  0.0567, -0.0846, -0.0620, -0.0213, -0.0259, -0.0969,  0.0117,
         0.0141, -0.0179,  0.0196, -0.0561,  0.0368,  0.0533, -0.0745, -0.1402,
         0.0740,  0.0337, -0.0719,  0.1363, -0.0640,  0.0956,  0.0717, -0.1186,
         0.0912, -0.1300, -0.0783, -0.0236, -0.0953,  0.1382, -0.0284,  0.0562,
        -0.1263,  0.0814, -0.0440, -0.1076,  0.0207,  0.0685,  0.1224, -0.0864,
        -0.0696,  0.0272,  0.0384,  0.0544,  0.0776, -0.0321,  0.0786,  0.1043,
        -0.0369,  0.1006,  0.0691,  0.1247, -0.0804, -0.0698, -0.0409,  0.0072,
         0.0849, -0.0807,  0.0708, -0.0507,  0.0854, -0.0067, -0.1239, -0.0778,
        -0.1024,  0.0701, -0.0948, -0.0118,  0.0305, -0.0776,  0.0408, -0.1381,
        -0.1012, -0.1281, -0.0428, -0.0515,  0.0203, -0.0262,  0.0665,  0.1297,
         0.0507, -0.0557, -0.1324,  0.0512, -0.0701,  0.0720,  0.0945,  0.0545,
         0.1327,  0.1343,  0.0299, -0.1030,  0.1264, -0.0671, -0.0668,  0.1183,
         0.1096,  0.0427,  0.0089, -0.1190, -0.0147,  0.1356,  0.0360,  0.0121,
        -0.0294, -0.0493,  0.0843,  0.0087,  0.0920, -0.0250,  0.0618,  0.0584,
         0.0226,  0.0889,  0.0886,  0.1311,  0.1087, -0.0362, -0.1197,  0.0259,
        -0.0012, -0.0369, -0.0237,  0.0067,  0.1032,  0.0441, -0.0502, -0.0582,
        -0.0350, -0.0547], device='cuda:0')
rank: local_param 0 tensor([2.], device='cuda:0', requires_grad=True)
rank: flatten_data 0 tensor([2., 2.], device='cuda:0')
rank: local_param 0 tensor([ 0.2418,  0.2625, -0.0741,  0.2905, -0.0693,  0.0638, -0.1540,  0.1857,
         0.2788, -0.2320,  0.2749,  0.0592,  0.2336,  0.0428,  0.1525, -0.0446,
         0.2438,  0.0467, -0.1476,  0.0806, -0.1457, -0.0371, -0.1284,  0.2098,
        -0.2496, -0.1458, -0.0893, -0.1901,  0.0298, -0.3123,  0.2856, -0.2686,
         0.2441,  0.0526, -0.1027,  0.1954,  0.0493,  0.2555,  0.0346, -0.0997,
         0.0850, -0.0858,  0.1331,  0.2823,  0.1828, -0.1382,  0.1825,  0.0566,
         0.1606, -0.1927], device='cuda:0', requires_grad=True)
rank: flatten_data 0 tensor([ 0.2418,  0.2625, -0.0741,  0.2905, -0.0693,  0.0638, -0.1540,  0.1857,
         0.2788, -0.2320,  0.2749,  0.0592,  0.2336,  0.0428,  0.1525, -0.0446,
         0.2438,  0.0467, -0.1476,  0.0806, -0.1457, -0.0371, -0.1284,  0.2098,
        -0.2496, -0.1458, -0.0893, -0.1901,  0.0298, -0.3123,  0.2856, -0.2686,
         0.2441,  0.0526, -0.1027,  0.1954,  0.0493,  0.2555,  0.0346, -0.0997,
         0.0850, -0.0858,  0.1331,  0.2823,  0.1828, -0.1382,  0.1825,  0.0566,
         0.1606, -0.1927, -0.3130, -0.1222, -0.2426,  0.2595,  0.0911,  0.1310,
         0.1000, -0.0055,  0.2475, -0.2247,  0.0199, -0.2158,  0.0975, -0.1089,
         0.0969, -0.0659,  0.2623, -0.1874, -0.1886, -0.1886,  0.2844,  0.1054,
         0.3043, -0.2610, -0.3137, -0.2474, -0.2127,  0.1281,  0.1132,  0.2628,
        -0.1633, -0.2156,  0.1678, -0.1278,  0.1919, -0.0750,  0.1809, -0.2457,
        -0.1596,  0.0964,  0.0669, -0.0806,  0.1885,  0.2150, -0.2293, -0.1688,
         0.2896, -0.1067, -0.1121, -0.3060], device='cuda:0')
rank: local_param 0 tensor([-0.1811,  0.0790, -0.0417, -0.2295,  0.0074, -0.2160, -0.2683, -0.1741,
        -0.2768, -0.2014,  0.3161,  0.0597,  0.0974, -0.2949, -0.2077, -0.1053,
         0.0494, -0.2783, -0.1363, -0.1893,  0.0009, -0.1177, -0.0219, -0.2143,
        -0.2171, -0.1845, -0.1082, -0.2496,  0.2651, -0.0628,  0.2721,  0.0985,
        -0.2678,  0.2188, -0.0870, -0.1212, -0.2625, -0.3144,  0.0905, -0.0691,
         0.1231, -0.2595,  0.2348, -0.2321, -0.0546,  0.0661,  0.1633,  0.2553,
         0.2881, -0.2507,  0.0796, -0.1360, -0.0347, -0.2367,  0.2880, -0.2321,
         0.1690,  0.1111,  0.1028, -0.1710,  0.2874,  0.0695,  0.0407, -0.2787,
         0.1327, -0.0474, -0.1449,  0.2716,  0.0705, -0.1750, -0.1601, -0.0151,
         0.1766, -0.0808, -0.1804, -0.1083, -0.2362,  0.1128,  0.2448, -0.2977,
         0.0734,  0.1634,  0.0573, -0.1126,  0.1651,  0.1662,  0.1182, -0.0556,
        -0.0837,  0.0338, -0.0559, -0.0942,  0.2021,  0.2718, -0.0313, -0.0708,
         0.0046, -0.0189,  0.0760,  0.0886, -0.2872, -0.1167,  0.2663,  0.1232,
        -0.0157, -0.1907, -0.1935, -0.2833, -0.1031,  0.1068,  0.2016,  0.1460,
        -0.2795, -0.1902, -0.0499,  0.3059,  0.0457, -0.0819,  0.1308, -0.1204,
        -0.2047,  0.2308, -0.1438, -0.0634, -0.3146,  0.2116,  0.2396,  0.1152,
        -0.2205, -0.3121, -0.2568,  0.2358,  0.1518,  0.2661,  0.1657,  0.0800,
        -0.0031, -0.2405, -0.2709, -0.2958,  0.1295, -0.1553, -0.0636, -0.1820,
        -0.0576, -0.2226, -0.2066,  0.1049, -0.0940,  0.1952, -0.1014, -0.2320,
        -0.0558, -0.1533, -0.0967, -0.3010,  0.1769, -0.2202,  0.1589,  0.1435,
         0.2259, -0.2426,  0.2274, -0.1495,  0.1173,  0.2970, -0.0446, -0.0024,
        -0.0728, -0.2640,  0.1518, -0.3139,  0.1963,  0.2366,  0.2991, -0.0746,
        -0.2598,  0.0711,  0.1747, -0.3147, -0.0718, -0.1896, -0.0277, -0.1557,
        -0.1293, -0.1004, -0.3005,  0.2595,  0.2651, -0.0496, -0.0360, -0.1291,
        -0.2856, -0.3077,  0.1175, -0.1736, -0.2033, -0.0247, -0.1053, -0.1023,
         0.0102, -0.0671, -0.1089, -0.1514, -0.2574,  0.2652, -0.1266,  0.0838,
        -0.1097,  0.0257,  0.2948,  0.1457, -0.2740,  0.1255,  0.3002,  0.0832,
         0.2120,  0.3118, -0.0485,  0.0656, -0.2198, -0.0652,  0.2342,  0.1621,
        -0.2001, -0.2536, -0.2161, -0.3121, -0.2440, -0.0782,  0.2134,  0.0529,
        -0.2405, -0.2537,  0.1573, -0.2352, -0.0389,  0.1517, -0.1464, -0.0345,
        -0.0275, -0.0748, -0.1603, -0.2819, -0.2556, -0.1693,  0.3054, -0.1527,
        -0.2124,  0.0767], device='cuda:0', requires_grad=True)
rank: local_param 1 tensor([-0.1964, -0.0392,  0.1287, -0.3093,  0.0939, -0.2091, -0.1543,  0.1214,
         0.2514, -0.0864, -0.1298, -0.2859, -0.1631, -0.2769, -0.0724,  0.0645,
        -0.2963,  0.2761,  0.1984, -0.3096, -0.1510,  0.1031, -0.0650, -0.0345,
        -0.1428], device='cuda:1', requires_grad=True)
rank: flatten_data 1 tensor([-0.1704,  0.1653, -0.2993, -0.1223, -0.0616, -0.2687, -0.2011, -0.0516,
         0.2399,  0.3054,  0.2012, -0.1888, -0.2069,  0.2760,  0.1119,  0.0084,
         0.0428, -0.2542, -0.1056,  0.3044, -0.0780, -0.0159, -0.2626, -0.1769,
        -0.0065, -0.1964, -0.0392,  0.1287, -0.3093,  0.0939, -0.2091, -0.1543,
         0.1214,  0.2514, -0.0864, -0.1298, -0.2859, -0.1631, -0.2769, -0.0724,
         0.0645, -0.2963,  0.2761,  0.1984, -0.3096, -0.1510,  0.1031, -0.0650,
        -0.0345, -0.1428], device='cuda:1')
rank: local_param 1 tensor([-0.0259, -0.0969,  0.0117,  0.0141, -0.0179,  0.0196, -0.0561,  0.0368,
         0.0533, -0.0745, -0.1402,  0.0740,  0.0337, -0.0719,  0.1363, -0.0640,
         0.0956,  0.0717, -0.1186,  0.0912, -0.1300, -0.0783, -0.0236, -0.0953,
         0.1382, -0.0284,  0.0562, -0.1263,  0.0814, -0.0440, -0.1076,  0.0207,
         0.0685,  0.1224, -0.0864, -0.0696,  0.0272,  0.0384,  0.0544,  0.0776,
        -0.0321,  0.0786,  0.1043, -0.0369,  0.1006,  0.0691,  0.1247, -0.0804,
        -0.0698, -0.0409,  0.0072,  0.0849, -0.0807,  0.0708, -0.0507,  0.0854,
        -0.0067, -0.1239, -0.0778, -0.1024,  0.0701, -0.0948, -0.0118,  0.0305,
        -0.0776,  0.0408, -0.1381, -0.1012, -0.1281, -0.0428, -0.0515,  0.0203,
        -0.0262,  0.0665,  0.1297,  0.0507, -0.0557, -0.1324,  0.0512, -0.0701,
         0.0720,  0.0945,  0.0545,  0.1327,  0.1343,  0.0299, -0.1030,  0.1264,
        -0.0671, -0.0668,  0.1183,  0.1096,  0.0427,  0.0089, -0.1190, -0.0147,
         0.1356,  0.0360,  0.0121, -0.0294, -0.0493,  0.0843,  0.0087,  0.0920,
        -0.0250,  0.0618,  0.0584,  0.0226,  0.0889,  0.0886,  0.1311,  0.1087,
        -0.0362, -0.1197,  0.0259, -0.0012, -0.0369, -0.0237,  0.0067,  0.1032,
         0.0441, -0.0502, -0.0582, -0.0350, -0.0547], device='cuda:1',
       requires_grad=True)
rank: flatten_data 1 tensor([ 0.1136, -0.0791,  0.1173,  0.0091,  0.0284,  0.1103, -0.0233, -0.0805,
        -0.0229,  0.1147, -0.1049,  0.0321, -0.1390,  0.0741,  0.0523,  0.0060,
         0.0607,  0.0002,  0.0783, -0.1120, -0.0208,  0.0627,  0.1408,  0.0720,
        -0.1028,  0.1088, -0.0315, -0.0302, -0.1285, -0.0223,  0.1000,  0.0197,
        -0.0824,  0.0435, -0.0453,  0.1291, -0.1227, -0.0447, -0.1366, -0.0557,
         0.0446,  0.1361,  0.0238,  0.1386,  0.0277,  0.0817,  0.1134,  0.1182,
        -0.0792,  0.1300,  0.0857, -0.0661, -0.0675, -0.1186,  0.0355, -0.1146,
         0.0597,  0.0447, -0.1229,  0.0385, -0.0115,  0.0646,  0.0811, -0.1406,
         0.1297,  0.1186,  0.0563, -0.1293, -0.0505, -0.0410, -0.0363,  0.0798,
         0.0514,  0.1120, -0.0530,  0.0476,  0.0503, -0.1177, -0.1372, -0.0734,
         0.0968, -0.1331, -0.1231,  0.0792,  0.0763,  0.1163, -0.1068, -0.1035,
         0.0725,  0.1230,  0.0846,  0.0222,  0.0466,  0.1342, -0.0912, -0.0642,
         0.0989, -0.0968, -0.0780,  0.1032,  0.0446,  0.0457, -0.0599, -0.0020,
         0.1294, -0.0849,  0.0011,  0.0673, -0.0976,  0.1373, -0.0707, -0.0340,
        -0.0383, -0.0922, -0.1388,  0.0797,  0.0376, -0.1325, -0.0910,  0.1398,
         0.0541,  0.0567, -0.0846, -0.0620, -0.0213, -0.0259, -0.0969,  0.0117,
         0.0141, -0.0179,  0.0196, -0.0561,  0.0368,  0.0533, -0.0745, -0.1402,
         0.0740,  0.0337, -0.0719,  0.1363, -0.0640,  0.0956,  0.0717, -0.1186,
         0.0912, -0.1300, -0.0783, -0.0236, -0.0953,  0.1382, -0.0284,  0.0562,
        -0.1263,  0.0814, -0.0440, -0.1076,  0.0207,  0.0685,  0.1224, -0.0864,
        -0.0696,  0.0272,  0.0384,  0.0544,  0.0776, -0.0321,  0.0786,  0.1043,
        -0.0369,  0.1006,  0.0691,  0.1247, -0.0804, -0.0698, -0.0409,  0.0072,
         0.0849, -0.0807,  0.0708, -0.0507,  0.0854, -0.0067, -0.1239, -0.0778,
        -0.1024,  0.0701, -0.0948, -0.0118,  0.0305, -0.0776,  0.0408, -0.1381,
        -0.1012, -0.1281, -0.0428, -0.0515,  0.0203, -0.0262,  0.0665,  0.1297,
         0.0507, -0.0557, -0.1324,  0.0512, -0.0701,  0.0720,  0.0945,  0.0545,
         0.1327,  0.1343,  0.0299, -0.1030,  0.1264, -0.0671, -0.0668,  0.1183,
         0.1096,  0.0427,  0.0089, -0.1190, -0.0147,  0.1356,  0.0360,  0.0121,
        -0.0294, -0.0493,  0.0843,  0.0087,  0.0920, -0.0250,  0.0618,  0.0584,
         0.0226,  0.0889,  0.0886,  0.1311,  0.1087, -0.0362, -0.1197,  0.0259,
        -0.0012, -0.0369, -0.0237,  0.0067,  0.1032,  0.0441, -0.0502, -0.0582,
        -0.0350, -0.0547], device='cuda:1')
rank: local_param 1 tensor([2.], device='cuda:1', requires_grad=True)
rank: flatten_data 1 tensor([2., 2.], device='cuda:1')
rank: local_param 1 tensor([-0.3130, -0.1222, -0.2426,  0.2595,  0.0911,  0.1310,  0.1000, -0.0055,
         0.2475, -0.2247,  0.0199, -0.2158,  0.0975, -0.1089,  0.0969, -0.0659,
         0.2623, -0.1874, -0.1886, -0.1886,  0.2844,  0.1054,  0.3043, -0.2610,
        -0.3137, -0.2474, -0.2127,  0.1281,  0.1132,  0.2628, -0.1633, -0.2156,
         0.1678, -0.1278,  0.1919, -0.0750,  0.1809, -0.2457, -0.1596,  0.0964,
         0.0669, -0.0806,  0.1885,  0.2150, -0.2293, -0.1688,  0.2896, -0.1067,
        -0.1121, -0.3060], device='cuda:1', requires_grad=True)
rank: flatten_data 1 tensor([ 0.2418,  0.2625, -0.0741,  0.2905, -0.0693,  0.0638, -0.1540,  0.1857,
         0.2788, -0.2320,  0.2749,  0.0592,  0.2336,  0.0428,  0.1525, -0.0446,
         0.2438,  0.0467, -0.1476,  0.0806, -0.1457, -0.0371, -0.1284,  0.2098,
        -0.2496, -0.1458, -0.0893, -0.1901,  0.0298, -0.3123,  0.2856, -0.2686,
         0.2441,  0.0526, -0.1027,  0.1954,  0.0493,  0.2555,  0.0346, -0.0997,
         0.0850, -0.0858,  0.1331,  0.2823,  0.1828, -0.1382,  0.1825,  0.0566,
         0.1606, -0.1927, -0.3130, -0.1222, -0.2426,  0.2595,  0.0911,  0.1310,
         0.1000, -0.0055,  0.2475, -0.2247,  0.0199, -0.2158,  0.0975, -0.1089,
         0.0969, -0.0659,  0.2623, -0.1874, -0.1886, -0.1886,  0.2844,  0.1054,
         0.3043, -0.2610, -0.3137, -0.2474, -0.2127,  0.1281,  0.1132,  0.2628,
        -0.1633, -0.2156,  0.1678, -0.1278,  0.1919, -0.0750,  0.1809, -0.2457,
        -0.1596,  0.0964,  0.0669, -0.0806,  0.1885,  0.2150, -0.2293, -0.1688,
         0.2896, -0.1067, -0.1121, -0.3060], device='cuda:1')
rank: local_param 1 tensor([ 0.0872,  0.1733,  0.2404,  0.1761, -0.3135,  0.0280,  0.1916, -0.0292,
        -0.1863,  0.3015, -0.1183, -0.1800, -0.2851,  0.0141,  0.1401,  0.0700,
         0.0625, -0.2398, -0.2953,  0.0056,  0.2883,  0.1824, -0.1841, -0.0410,
        -0.2331, -0.1526,  0.0573,  0.1722,  0.2620, -0.2903,  0.2114, -0.2230,
         0.1184,  0.2676,  0.0044,  0.2877, -0.2694, -0.1208,  0.1844, -0.0689,
        -0.0647, -0.1318,  0.2180,  0.1551,  0.1013, -0.1777, -0.2567,  0.0342,
         0.0937, -0.1460, -0.0885,  0.2136,  0.0252,  0.0143, -0.0778, -0.2864,
        -0.2973, -0.1512, -0.1607,  0.0985, -0.0921, -0.1237,  0.3015,  0.1101,
         0.2254, -0.1531, -0.1292,  0.1162, -0.2107, -0.2067, -0.0153, -0.1157,
        -0.2371,  0.1876,  0.2543,  0.0513, -0.0551, -0.2929, -0.1152,  0.0805,
         0.1491, -0.0400, -0.1250,  0.1762, -0.2518,  0.1999, -0.1227,  0.0048,
        -0.0625,  0.0383, -0.0956,  0.2299, -0.0082,  0.2468,  0.3040, -0.1541,
        -0.2307,  0.2537,  0.2478, -0.2415, -0.0244, -0.3118, -0.2589,  0.0611,
         0.0841,  0.0670, -0.0861,  0.2917,  0.0452, -0.1866, -0.0179,  0.0759,
         0.1107, -0.2236,  0.1185, -0.1616, -0.2628, -0.1727,  0.3050,  0.2703,
         0.2832,  0.1856,  0.2389, -0.0423, -0.1740,  0.1580, -0.1639, -0.2134,
        -0.1010,  0.0664,  0.1628, -0.1228, -0.1861,  0.0427, -0.1864, -0.2059,
         0.1648, -0.0531,  0.2890,  0.3076,  0.0946,  0.1088,  0.0728,  0.0050,
        -0.0230,  0.0043,  0.1181,  0.2940, -0.0820, -0.1337, -0.0766, -0.1528,
         0.0538,  0.2360,  0.2473,  0.1452, -0.2327, -0.1697, -0.0695, -0.0583,
         0.0260, -0.2903,  0.0984, -0.2412, -0.2001, -0.2629,  0.2755, -0.2994,
         0.2386, -0.0106, -0.0368,  0.1978, -0.0292,  0.1983,  0.2286, -0.2746,
         0.1217,  0.0597,  0.0680,  0.0462,  0.0865, -0.1521, -0.0405,  0.3005,
         0.2125, -0.0119, -0.2974,  0.0139, -0.2153,  0.2572, -0.1920, -0.0228,
        -0.0702,  0.0563,  0.2976,  0.0300,  0.1831,  0.2455,  0.2553, -0.1092,
        -0.0707,  0.1524, -0.0863,  0.1481, -0.0691, -0.2145,  0.1287,  0.0485,
         0.1410,  0.3142,  0.2159,  0.2998,  0.0169, -0.2720, -0.2218, -0.1964,
        -0.2787, -0.1585, -0.2911, -0.2918, -0.1890, -0.3117, -0.1941,  0.1206,
         0.2638, -0.0941, -0.0920,  0.1689, -0.1560, -0.1495,  0.1948, -0.2755,
         0.0387,  0.2793,  0.0542,  0.0860, -0.1842, -0.0044,  0.0174,  0.0776,
         0.1229,  0.2748, -0.2414,  0.0095, -0.1580, -0.2502, -0.0253, -0.2784,
         0.2207,  0.0366], device='cuda:1', requires_grad=True)
rank: flatten_data 1 tensor([-0.1811,  0.0790, -0.0417, -0.2295,  0.0074, -0.2160, -0.2683, -0.1741,
        -0.2768, -0.2014,  0.3161,  0.0597,  0.0974, -0.2949, -0.2077, -0.1053,
         0.0494, -0.2783, -0.1363, -0.1893,  0.0009, -0.1177, -0.0219, -0.2143,
        -0.2171, -0.1845, -0.1082, -0.2496,  0.2651, -0.0628,  0.2721,  0.0985,
        -0.2678,  0.2188, -0.0870, -0.1212, -0.2625, -0.3144,  0.0905, -0.0691,
         0.1231, -0.2595,  0.2348, -0.2321, -0.0546,  0.0661,  0.1633,  0.2553,
         0.2881, -0.2507,  0.0796, -0.1360, -0.0347, -0.2367,  0.2880, -0.2321,
         0.1690,  0.1111,  0.1028, -0.1710,  0.2874,  0.0695,  0.0407, -0.2787,
         0.1327, -0.0474, -0.1449,  0.2716,  0.0705, -0.1750, -0.1601, -0.0151,
         0.1766, -0.0808, -0.1804, -0.1083, -0.2362,  0.1128,  0.2448, -0.2977,
         0.0734,  0.1634,  0.0573, -0.1126,  0.1651,  0.1662,  0.1182, -0.0556,
        -0.0837,  0.0338, -0.0559, -0.0942,  0.2021,  0.2718, -0.0313, -0.0708,
         0.0046, -0.0189,  0.0760,  0.0886, -0.2872, -0.1167,  0.2663,  0.1232,
        -0.0157, -0.1907, -0.1935, -0.2833, -0.1031,  0.1068,  0.2016,  0.1460,
        -0.2795, -0.1902, -0.0499,  0.3059,  0.0457, -0.0819,  0.1308, -0.1204,
        -0.2047,  0.2308, -0.1438, -0.0634, -0.3146,  0.2116,  0.2396,  0.1152,
        -0.2205, -0.3121, -0.2568,  0.2358,  0.1518,  0.2661,  0.1657,  0.0800,
        -0.0031, -0.2405, -0.2709, -0.2958,  0.1295, -0.1553, -0.0636, -0.1820,
        -0.0576, -0.2226, -0.2066,  0.1049, -0.0940,  0.1952, -0.1014, -0.2320,
        -0.0558, -0.1533, -0.0967, -0.3010,  0.1769, -0.2202,  0.1589,  0.1435,
         0.2259, -0.2426,  0.2274, -0.1495,  0.1173,  0.2970, -0.0446, -0.0024,
        -0.0728, -0.2640,  0.1518, -0.3139,  0.1963,  0.2366,  0.2991, -0.0746,
        -0.2598,  0.0711,  0.1747, -0.3147, -0.0718, -0.1896, -0.0277, -0.1557,
        -0.1293, -0.1004, -0.3005,  0.2595,  0.2651, -0.0496, -0.0360, -0.1291,
        -0.2856, -0.3077,  0.1175, -0.1736, -0.2033, -0.0247, -0.1053, -0.1023,
         0.0102, -0.0671, -0.1089, -0.1514, -0.2574,  0.2652, -0.1266,  0.0838,
        -0.1097,  0.0257,  0.2948,  0.1457, -0.2740,  0.1255,  0.3002,  0.0832,
         0.2120,  0.3118, -0.0485,  0.0656, -0.2198, -0.0652,  0.2342,  0.1621,
        -0.2001, -0.2536, -0.2161, -0.3121, -0.2440, -0.0782,  0.2134,  0.0529,
        -0.2405, -0.2537,  0.1573, -0.2352, -0.0389,  0.1517, -0.1464, -0.0345,
        -0.0275, -0.0748, -0.1603, -0.2819, -0.2556, -0.1693,  0.3054, -0.1527,
        -0.2124,  0.0767,  0.0872,  0.1733,  0.2404,  0.1761, -0.3135,  0.0280,
         0.1916, -0.0292, -0.1863,  0.3015, -0.1183, -0.1800, -0.2851,  0.0141,
         0.1401,  0.0700,  0.0625, -0.2398, -0.2953,  0.0056,  0.2883,  0.1824,
        -0.1841, -0.0410, -0.2331, -0.1526,  0.0573,  0.1722,  0.2620, -0.2903,
         0.2114, -0.2230,  0.1184,  0.2676,  0.0044,  0.2877, -0.2694, -0.1208,
         0.1844, -0.0689, -0.0647, -0.1318,  0.2180,  0.1551,  0.1013, -0.1777,
        -0.2567,  0.0342,  0.0937, -0.1460, -0.0885,  0.2136,  0.0252,  0.0143,
        -0.0778, -0.2864, -0.2973, -0.1512, -0.1607,  0.0985, -0.0921, -0.1237,
         0.3015,  0.1101,  0.2254, -0.1531, -0.1292,  0.1162, -0.2107, -0.2067,
        -0.0153, -0.1157, -0.2371,  0.1876,  0.2543,  0.0513, -0.0551, -0.2929,
        -0.1152,  0.0805,  0.1491, -0.0400, -0.1250,  0.1762, -0.2518,  0.1999,
        -0.1227,  0.0048, -0.0625,  0.0383, -0.0956,  0.2299, -0.0082,  0.2468,
         0.3040, -0.1541, -0.2307,  0.2537,  0.2478, -0.2415, -0.0244, -0.3118,
        -0.2589,  0.0611,  0.0841,  0.0670, -0.0861,  0.2917,  0.0452, -0.1866,
        -0.0179,  0.0759,  0.1107, -0.2236,  0.1185, -0.1616, -0.2628, -0.1727,
         0.3050,  0.2703,  0.2832,  0.1856,  0.2389, -0.0423, -0.1740,  0.1580,
        -0.1639, -0.2134, -0.1010,  0.0664,  0.1628, -0.1228, -0.1861,  0.0427,
        -0.1864, -0.2059,  0.1648, -0.0531,  0.2890,  0.3076,  0.0946,  0.1088,
         0.0728,  0.0050, -0.0230,  0.0043,  0.1181,  0.2940, -0.0820, -0.1337,
        -0.0766, -0.1528,  0.0538,  0.2360,  0.2473,  0.1452, -0.2327, -0.1697,
        -0.0695, -0.0583,  0.0260, -0.2903,  0.0984, -0.2412, -0.2001, -0.2629,
         0.2755, -0.2994,  0.2386, -0.0106, -0.0368,  0.1978, -0.0292,  0.1983,
         0.2286, -0.2746,  0.1217,  0.0597,  0.0680,  0.0462,  0.0865, -0.1521,
        -0.0405,  0.3005,  0.2125, -0.0119, -0.2974,  0.0139, -0.2153,  0.2572,
        -0.1920, -0.0228, -0.0702,  0.0563,  0.2976,  0.0300,  0.1831,  0.2455,
         0.2553, -0.1092, -0.0707,  0.1524, -0.0863,  0.1481, -0.0691, -0.2145,
         0.1287,  0.0485,  0.1410,  0.3142,  0.2159,  0.2998,  0.0169, -0.2720,
        -0.2218, -0.1964, -0.2787, -0.1585, -0.2911, -0.2918, -0.1890, -0.3117,
        -0.1941,  0.1206,  0.2638, -0.0941, -0.0920,  0.1689, -0.1560, -0.1495,
         0.1948, -0.2755,  0.0387,  0.2793,  0.0542,  0.0860, -0.1842, -0.0044,
         0.0174,  0.0776,  0.1229,  0.2748, -0.2414,  0.0095, -0.1580, -0.2502,
        -0.0253, -0.2784,  0.2207,  0.0366], device='cuda:1')
rank: local_param 1 tensor([-0.1964, -0.0392,  0.1287, -0.3093,  0.0939, -0.2091, -0.1543,  0.1214,
         0.2514, -0.0864, -0.1298, -0.2859, -0.1631, -0.2769, -0.0724,  0.0645,
        -0.2963,  0.2761,  0.1984, -0.3096, -0.1510,  0.1031, -0.0650, -0.0345,
        -0.1428], device='cuda:1', requires_grad=True)
rank: flatten_data 1 tensor([-0.1704,  0.1653, -0.2993, -0.1223, -0.0616, -0.2687, -0.2011, -0.0516,
         0.2399,  0.3054,  0.2012, -0.1888, -0.2069,  0.2760,  0.1119,  0.0084,
         0.0428, -0.2542, -0.1056,  0.3044, -0.0780, -0.0159, -0.2626, -0.1769,
        -0.0065, -0.1964, -0.0392,  0.1287, -0.3093,  0.0939, -0.2091, -0.1543,
         0.1214,  0.2514, -0.0864, -0.1298, -0.2859, -0.1631, -0.2769, -0.0724,
         0.0645, -0.2963,  0.2761,  0.1984, -0.3096, -0.1510,  0.1031, -0.0650,
        -0.0345, -0.1428], device='cuda:1')
rank: local_param 1 tensor([-0.0259, -0.0969,  0.0117,  0.0141, -0.0179,  0.0196, -0.0561,  0.0368,
         0.0533, -0.0745, -0.1402,  0.0740,  0.0337, -0.0719,  0.1363, -0.0640,
         0.0956,  0.0717, -0.1186,  0.0912, -0.1300, -0.0783, -0.0236, -0.0953,
         0.1382, -0.0284,  0.0562, -0.1263,  0.0814, -0.0440, -0.1076,  0.0207,
         0.0685,  0.1224, -0.0864, -0.0696,  0.0272,  0.0384,  0.0544,  0.0776,
        -0.0321,  0.0786,  0.1043, -0.0369,  0.1006,  0.0691,  0.1247, -0.0804,
        -0.0698, -0.0409,  0.0072,  0.0849, -0.0807,  0.0708, -0.0507,  0.0854,
        -0.0067, -0.1239, -0.0778, -0.1024,  0.0701, -0.0948, -0.0118,  0.0305,
        -0.0776,  0.0408, -0.1381, -0.1012, -0.1281, -0.0428, -0.0515,  0.0203,
        -0.0262,  0.0665,  0.1297,  0.0507, -0.0557, -0.1324,  0.0512, -0.0701,
         0.0720,  0.0945,  0.0545,  0.1327,  0.1343,  0.0299, -0.1030,  0.1264,
        -0.0671, -0.0668,  0.1183,  0.1096,  0.0427,  0.0089, -0.1190, -0.0147,
         0.1356,  0.0360,  0.0121, -0.0294, -0.0493,  0.0843,  0.0087,  0.0920,
        -0.0250,  0.0618,  0.0584,  0.0226,  0.0889,  0.0886,  0.1311,  0.1087,
        -0.0362, -0.1197,  0.0259, -0.0012, -0.0369, -0.0237,  0.0067,  0.1032,
         0.0441, -0.0502, -0.0582, -0.0350, -0.0547], device='cuda:1',
       requires_grad=True)
rank: flatten_data 1 tensor([ 0.1136, -0.0791,  0.1173,  0.0091,  0.0284,  0.1103, -0.0233, -0.0805,
        -0.0229,  0.1147, -0.1049,  0.0321, -0.1390,  0.0741,  0.0523,  0.0060,
         0.0607,  0.0002,  0.0783, -0.1120, -0.0208,  0.0627,  0.1408,  0.0720,
        -0.1028,  0.1088, -0.0315, -0.0302, -0.1285, -0.0223,  0.1000,  0.0197,
        -0.0824,  0.0435, -0.0453,  0.1291, -0.1227, -0.0447, -0.1366, -0.0557,
         0.0446,  0.1361,  0.0238,  0.1386,  0.0277,  0.0817,  0.1134,  0.1182,
        -0.0792,  0.1300,  0.0857, -0.0661, -0.0675, -0.1186,  0.0355, -0.1146,
         0.0597,  0.0447, -0.1229,  0.0385, -0.0115,  0.0646,  0.0811, -0.1406,
         0.1297,  0.1186,  0.0563, -0.1293, -0.0505, -0.0410, -0.0363,  0.0798,
         0.0514,  0.1120, -0.0530,  0.0476,  0.0503, -0.1177, -0.1372, -0.0734,
         0.0968, -0.1331, -0.1231,  0.0792,  0.0763,  0.1163, -0.1068, -0.1035,
         0.0725,  0.1230,  0.0846,  0.0222,  0.0466,  0.1342, -0.0912, -0.0642,
         0.0989, -0.0968, -0.0780,  0.1032,  0.0446,  0.0457, -0.0599, -0.0020,
         0.1294, -0.0849,  0.0011,  0.0673, -0.0976,  0.1373, -0.0707, -0.0340,
        -0.0383, -0.0922, -0.1388,  0.0797,  0.0376, -0.1325, -0.0910,  0.1398,
         0.0541,  0.0567, -0.0846, -0.0620, -0.0213, -0.0259, -0.0969,  0.0117,
         0.0141, -0.0179,  0.0196, -0.0561,  0.0368,  0.0533, -0.0745, -0.1402,
         0.0740,  0.0337, -0.0719,  0.1363, -0.0640,  0.0956,  0.0717, -0.1186,
         0.0912, -0.1300, -0.0783, -0.0236, -0.0953,  0.1382, -0.0284,  0.0562,
        -0.1263,  0.0814, -0.0440, -0.1076,  0.0207,  0.0685,  0.1224, -0.0864,
        -0.0696,  0.0272,  0.0384,  0.0544,  0.0776, -0.0321,  0.0786,  0.1043,
        -0.0369,  0.1006,  0.0691,  0.1247, -0.0804, -0.0698, -0.0409,  0.0072,
         0.0849, -0.0807,  0.0708, -0.0507,  0.0854, -0.0067, -0.1239, -0.0778,
        -0.1024,  0.0701, -0.0948, -0.0118,  0.0305, -0.0776,  0.0408, -0.1381,
        -0.1012, -0.1281, -0.0428, -0.0515,  0.0203, -0.0262,  0.0665,  0.1297,
         0.0507, -0.0557, -0.1324,  0.0512, -0.0701,  0.0720,  0.0945,  0.0545,
         0.1327,  0.1343,  0.0299, -0.1030,  0.1264, -0.0671, -0.0668,  0.1183,
         0.1096,  0.0427,  0.0089, -0.1190, -0.0147,  0.1356,  0.0360,  0.0121,
        -0.0294, -0.0493,  0.0843,  0.0087,  0.0920, -0.0250,  0.0618,  0.0584,
         0.0226,  0.0889,  0.0886,  0.1311,  0.1087, -0.0362, -0.1197,  0.0259,
        -0.0012, -0.0369, -0.0237,  0.0067,  0.1032,  0.0441, -0.0502, -0.0582,
        -0.0350, -0.0547], device='cuda:1')
rank: flatten_data 0 tensor([-0.1811,  0.0790, -0.0417, -0.2295,  0.0074, -0.2160, -0.2683, -0.1741,
        -0.2768, -0.2014,  0.3161,  0.0597,  0.0974, -0.2949, -0.2077, -0.1053,
         0.0494, -0.2783, -0.1363, -0.1893,  0.0009, -0.1177, -0.0219, -0.2143,
        -0.2171, -0.1845, -0.1082, -0.2496,  0.2651, -0.0628,  0.2721,  0.0985,
        -0.2678,  0.2188, -0.0870, -0.1212, -0.2625, -0.3144,  0.0905, -0.0691,
         0.1231, -0.2595,  0.2348, -0.2321, -0.0546,  0.0661,  0.1633,  0.2553,
         0.2881, -0.2507,  0.0796, -0.1360, -0.0347, -0.2367,  0.2880, -0.2321,
         0.1690,  0.1111,  0.1028, -0.1710,  0.2874,  0.0695,  0.0407, -0.2787,
         0.1327, -0.0474, -0.1449,  0.2716,  0.0705, -0.1750, -0.1601, -0.0151,
         0.1766, -0.0808, -0.1804, -0.1083, -0.2362,  0.1128,  0.2448, -0.2977,
         0.0734,  0.1634,  0.0573, -0.1126,  0.1651,  0.1662,  0.1182, -0.0556,
        -0.0837,  0.0338, -0.0559, -0.0942,  0.2021,  0.2718, -0.0313, -0.0708,
         0.0046, -0.0189,  0.0760,  0.0886, -0.2872, -0.1167,  0.2663,  0.1232,
        -0.0157, -0.1907, -0.1935, -0.2833, -0.1031,  0.1068,  0.2016,  0.1460,
        -0.2795, -0.1902, -0.0499,  0.3059,  0.0457, -0.0819,  0.1308, -0.1204,
        -0.2047,  0.2308, -0.1438, -0.0634, -0.3146,  0.2116,  0.2396,  0.1152,
        -0.2205, -0.3121, -0.2568,  0.2358,  0.1518,  0.2661,  0.1657,  0.0800,
        -0.0031, -0.2405, -0.2709, -0.2958,  0.1295, -0.1553, -0.0636, -0.1820,
        -0.0576, -0.2226, -0.2066,  0.1049, -0.0940,  0.1952, -0.1014, -0.2320,
        -0.0558, -0.1533, -0.0967, -0.3010,  0.1769, -0.2202,  0.1589,  0.1435,
         0.2259, -0.2426,  0.2274, -0.1495,  0.1173,  0.2970, -0.0446, -0.0024,
        -0.0728, -0.2640,  0.1518, -0.3139,  0.1963,  0.2366,  0.2991, -0.0746,
        -0.2598,  0.0711,  0.1747, -0.3147, -0.0718, -0.1896, -0.0277, -0.1557,
        -0.1293, -0.1004, -0.3005,  0.2595,  0.2651, -0.0496, -0.0360, -0.1291,
        -0.2856, -0.3077,  0.1175, -0.1736, -0.2033, -0.0247, -0.1053, -0.1023,
         0.0102, -0.0671, -0.1089, -0.1514, -0.2574,  0.2652, -0.1266,  0.0838,
        -0.1097,  0.0257,  0.2948,  0.1457, -0.2740,  0.1255,  0.3002,  0.0832,
         0.2120,  0.3118, -0.0485,  0.0656, -0.2198, -0.0652,  0.2342,  0.1621,
        -0.2001, -0.2536, -0.2161, -0.3121, -0.2440, -0.0782,  0.2134,  0.0529,
        -0.2405, -0.2537,  0.1573, -0.2352, -0.0389,  0.1517, -0.1464, -0.0345,
        -0.0275, -0.0748, -0.1603, -0.2819, -0.2556, -0.1693,  0.3054, -0.1527,
        -0.2124,  0.0767,  0.0872,  0.1733,  0.2404,  0.1761, -0.3135,  0.0280,
         0.1916, -0.0292, -0.1863,  0.3015, -0.1183, -0.1800, -0.2851,  0.0141,
         0.1401,  0.0700,  0.0625, -0.2398, -0.2953,  0.0056,  0.2883,  0.1824,
        -0.1841, -0.0410, -0.2331, -0.1526,  0.0573,  0.1722,  0.2620, -0.2903,
         0.2114, -0.2230,  0.1184,  0.2676,  0.0044,  0.2877, -0.2694, -0.1208,
         0.1844, -0.0689, -0.0647, -0.1318,  0.2180,  0.1551,  0.1013, -0.1777,
        -0.2567,  0.0342,  0.0937, -0.1460, -0.0885,  0.2136,  0.0252,  0.0143,
        -0.0778, -0.2864, -0.2973, -0.1512, -0.1607,  0.0985, -0.0921, -0.1237,
         0.3015,  0.1101,  0.2254, -0.1531, -0.1292,  0.1162, -0.2107, -0.2067,
        -0.0153, -0.1157, -0.2371,  0.1876,  0.2543,  0.0513, -0.0551, -0.2929,
        -0.1152,  0.0805,  0.1491, -0.0400, -0.1250,  0.1762, -0.2518,  0.1999,
        -0.1227,  0.0048, -0.0625,  0.0383, -0.0956,  0.2299, -0.0082,  0.2468,
         0.3040, -0.1541, -0.2307,  0.2537,  0.2478, -0.2415, -0.0244, -0.3118,
        -0.2589,  0.0611,  0.0841,  0.0670, -0.0861,  0.2917,  0.0452, -0.1866,
        -0.0179,  0.0759,  0.1107, -0.2236,  0.1185, -0.1616, -0.2628, -0.1727,
         0.3050,  0.2703,  0.2832,  0.1856,  0.2389, -0.0423, -0.1740,  0.1580,
        -0.1639, -0.2134, -0.1010,  0.0664,  0.1628, -0.1228, -0.1861,  0.0427,
        -0.1864, -0.2059,  0.1648, -0.0531,  0.2890,  0.3076,  0.0946,  0.1088,
         0.0728,  0.0050, -0.0230,  0.0043,  0.1181,  0.2940, -0.0820, -0.1337,
        -0.0766, -0.1528,  0.0538,  0.2360,  0.2473,  0.1452, -0.2327, -0.1697,
        -0.0695, -0.0583,  0.0260, -0.2903,  0.0984, -0.2412, -0.2001, -0.2629,
         0.2755, -0.2994,  0.2386, -0.0106, -0.0368,  0.1978, -0.0292,  0.1983,
         0.2286, -0.2746,  0.1217,  0.0597,  0.0680,  0.0462,  0.0865, -0.1521,
        -0.0405,  0.3005,  0.2125, -0.0119, -0.2974,  0.0139, -0.2153,  0.2572,
        -0.1920, -0.0228, -0.0702,  0.0563,  0.2976,  0.0300,  0.1831,  0.2455,
         0.2553, -0.1092, -0.0707,  0.1524, -0.0863,  0.1481, -0.0691, -0.2145,
         0.1287,  0.0485,  0.1410,  0.3142,  0.2159,  0.2998,  0.0169, -0.2720,
        -0.2218, -0.1964, -0.2787, -0.1585, -0.2911, -0.2918, -0.1890, -0.3117,
        -0.1941,  0.1206,  0.2638, -0.0941, -0.0920,  0.1689, -0.1560, -0.1495,
         0.1948, -0.2755,  0.0387,  0.2793,  0.0542,  0.0860, -0.1842, -0.0044,
         0.0174,  0.0776,  0.1229,  0.2748, -0.2414,  0.0095, -0.1580, -0.2502,
        -0.0253, -0.2784,  0.2207,  0.0366], device='cuda:0')
rank: local_param 0 tensor([-0.1704,  0.1653, -0.2993, -0.1223, -0.0616, -0.2687, -0.2011, -0.0516,
         0.2399,  0.3054,  0.2012, -0.1888, -0.2069,  0.2760,  0.1119,  0.0084,
         0.0428, -0.2542, -0.1056,  0.3044, -0.0780, -0.0159, -0.2626, -0.1769,
        -0.0065], device='cuda:0', requires_grad=True)
rank: flatten_data 0 tensor([-0.1704,  0.1653, -0.2993, -0.1223, -0.0616, -0.2687, -0.2011, -0.0516,
         0.2399,  0.3054,  0.2012, -0.1888, -0.2069,  0.2760,  0.1119,  0.0084,
         0.0428, -0.2542, -0.1056,  0.3044, -0.0780, -0.0159, -0.2626, -0.1769,
        -0.0065, -0.1964, -0.0392,  0.1287, -0.3093,  0.0939, -0.2091, -0.1543,
         0.1214,  0.2514, -0.0864, -0.1298, -0.2859, -0.1631, -0.2769, -0.0724,
         0.0645, -0.2963,  0.2761,  0.1984, -0.3096, -0.1510,  0.1031, -0.0650,
        -0.0345, -0.1428], device='cuda:0')
rank: local_param 0 tensor([ 0.1136, -0.0791,  0.1173,  0.0091,  0.0284,  0.1103, -0.0233, -0.0805,
        -0.0229,  0.1147, -0.1049,  0.0321, -0.1390,  0.0741,  0.0523,  0.0060,
         0.0607,  0.0002,  0.0783, -0.1120, -0.0208,  0.0627,  0.1408,  0.0720,
        -0.1028,  0.1088, -0.0315, -0.0302, -0.1285, -0.0223,  0.1000,  0.0197,
        -0.0824,  0.0435, -0.0453,  0.1291, -0.1227, -0.0447, -0.1366, -0.0557,
         0.0446,  0.1361,  0.0238,  0.1386,  0.0277,  0.0817,  0.1134,  0.1182,
        -0.0792,  0.1300,  0.0857, -0.0661, -0.0675, -0.1186,  0.0355, -0.1146,
         0.0597,  0.0447, -0.1229,  0.0385, -0.0115,  0.0646,  0.0811, -0.1406,
         0.1297,  0.1186,  0.0563, -0.1293, -0.0505, -0.0410, -0.0363,  0.0798,
         0.0514,  0.1120, -0.0530,  0.0476,  0.0503, -0.1177, -0.1372, -0.0734,
         0.0968, -0.1331, -0.1231,  0.0792,  0.0763,  0.1163, -0.1068, -0.1035,
         0.0725,  0.1230,  0.0846,  0.0222,  0.0466,  0.1342, -0.0912, -0.0642,
         0.0989, -0.0968, -0.0780,  0.1032,  0.0446,  0.0457, -0.0599, -0.0020,
         0.1294, -0.0849,  0.0011,  0.0673, -0.0976,  0.1373, -0.0707, -0.0340,
        -0.0383, -0.0922, -0.1388,  0.0797,  0.0376, -0.1325, -0.0910,  0.1398,
         0.0541,  0.0567, -0.0846, -0.0620, -0.0213], device='cuda:0',
       requires_grad=True)
rank: flatten_data 0 tensor([ 0.1136, -0.0791,  0.1173,  0.0091,  0.0284,  0.1103, -0.0233, -0.0805,
        -0.0229,  0.1147, -0.1049,  0.0321, -0.1390,  0.0741,  0.0523,  0.0060,
         0.0607,  0.0002,  0.0783, -0.1120, -0.0208,  0.0627,  0.1408,  0.0720,
        -0.1028,  0.1088, -0.0315, -0.0302, -0.1285, -0.0223,  0.1000,  0.0197,
        -0.0824,  0.0435, -0.0453,  0.1291, -0.1227, -0.0447, -0.1366, -0.0557,
         0.0446,  0.1361,  0.0238,  0.1386,  0.0277,  0.0817,  0.1134,  0.1182,
        -0.0792,  0.1300,  0.0857, -0.0661, -0.0675, -0.1186,  0.0355, -0.1146,
         0.0597,  0.0447, -0.1229,  0.0385, -0.0115,  0.0646,  0.0811, -0.1406,
         0.1297,  0.1186,  0.0563, -0.1293, -0.0505, -0.0410, -0.0363,  0.0798,
         0.0514,  0.1120, -0.0530,  0.0476,  0.0503, -0.1177, -0.1372, -0.0734,
         0.0968, -0.1331, -0.1231,  0.0792,  0.0763,  0.1163, -0.1068, -0.1035,
         0.0725,  0.1230,  0.0846,  0.0222,  0.0466,  0.1342, -0.0912, -0.0642,
         0.0989, -0.0968, -0.0780,  0.1032,  0.0446,  0.0457, -0.0599, -0.0020,
         0.1294, -0.0849,  0.0011,  0.0673, -0.0976,  0.1373, -0.0707, -0.0340,
        -0.0383, -0.0922, -0.1388,  0.0797,  0.0376, -0.1325, -0.0910,  0.1398,
         0.0541,  0.0567, -0.0846, -0.0620, -0.0213, -0.0259, -0.0969,  0.0117,
         0.0141, -0.0179,  0.0196, -0.0561,  0.0368,  0.0533, -0.0745, -0.1402,
         0.0740,  0.0337, -0.0719,  0.1363, -0.0640,  0.0956,  0.0717, -0.1186,
         0.0912, -0.1300, -0.0783, -0.0236, -0.0953,  0.1382, -0.0284,  0.0562,
        -0.1263,  0.0814, -0.0440, -0.1076,  0.0207,  0.0685,  0.1224, -0.0864,
        -0.0696,  0.0272,  0.0384,  0.0544,  0.0776, -0.0321,  0.0786,  0.1043,
        -0.0369,  0.1006,  0.0691,  0.1247, -0.0804, -0.0698, -0.0409,  0.0072,
         0.0849, -0.0807,  0.0708, -0.0507,  0.0854, -0.0067, -0.1239, -0.0778,
        -0.1024,  0.0701, -0.0948, -0.0118,  0.0305, -0.0776,  0.0408, -0.1381,
        -0.1012, -0.1281, -0.0428, -0.0515,  0.0203, -0.0262,  0.0665,  0.1297,
         0.0507, -0.0557, -0.1324,  0.0512, -0.0701,  0.0720,  0.0945,  0.0545,
         0.1327,  0.1343,  0.0299, -0.1030,  0.1264, -0.0671, -0.0668,  0.1183,
         0.1096,  0.0427,  0.0089, -0.1190, -0.0147,  0.1356,  0.0360,  0.0121,
        -0.0294, -0.0493,  0.0843,  0.0087,  0.0920, -0.0250,  0.0618,  0.0584,
         0.0226,  0.0889,  0.0886,  0.1311,  0.1087, -0.0362, -0.1197,  0.0259,
        -0.0012, -0.0369, -0.0237,  0.0067,  0.1032,  0.0441, -0.0502, -0.0582,
        -0.0350, -0.0547], device='cuda:0')

FAILED
tests/test_sharded_optimizer.py::test_sharded_optimizer[ToyModelWithTiedWeights] torch.Size([10, 10])
self.local_params[-1]: torch.Size([50])
torch.Size([50, 10])
self.local_params[-1]: torch.Size([250])
torch.Size([10, 50])
self.local_params[-1]: torch.Size([250])
torch.Size([5, 50])
self.local_params[-1]: torch.Size([125])
rank: local_param 1 tensor([-0.3130, -0.1222, -0.2426,  0.2595,  0.0911,  0.1310,  0.1000, -0.0055,
         0.2475, -0.2247,  0.0199, -0.2158,  0.0975, -0.1089,  0.0969, -0.0659,
         0.2623, -0.1874, -0.1886, -0.1886,  0.2844,  0.1054,  0.3043, -0.2610,
        -0.3137, -0.2474, -0.2127,  0.1281,  0.1132,  0.2628, -0.1633, -0.2156,
         0.1678, -0.1278,  0.1919, -0.0750,  0.1809, -0.2457, -0.1596,  0.0964,
         0.0669, -0.0806,  0.1885,  0.2150, -0.2293, -0.1688,  0.2896, -0.1067,
        -0.1121, -0.3060], device='cuda:1', requires_grad=True)
rank: flatten_data 1 tensor([ 0.2418,  0.2625, -0.0741,  0.2905, -0.0693,  0.0638, -0.1540,  0.1857,
         0.2788, -0.2320,  0.2749,  0.0592,  0.2336,  0.0428,  0.1525, -0.0446,
         0.2438,  0.0467, -0.1476,  0.0806, -0.1457, -0.0371, -0.1284,  0.2098,
        -0.2496, -0.1458, -0.0893, -0.1901,  0.0298, -0.3123,  0.2856, -0.2686,
         0.2441,  0.0526, -0.1027,  0.1954,  0.0493,  0.2555,  0.0346, -0.0997,
         0.0850, -0.0858,  0.1331,  0.2823,  0.1828, -0.1382,  0.1825,  0.0566,
         0.1606, -0.1927, -0.3130, -0.1222, -0.2426,  0.2595,  0.0911,  0.1310,
         0.1000, -0.0055,  0.2475, -0.2247,  0.0199, -0.2158,  0.0975, -0.1089,
         0.0969, -0.0659,  0.2623, -0.1874, -0.1886, -0.1886,  0.2844,  0.1054,
         0.3043, -0.2610, -0.3137, -0.2474, -0.2127,  0.1281,  0.1132,  0.2628,
        -0.1633, -0.2156,  0.1678, -0.1278,  0.1919, -0.0750,  0.1809, -0.2457,
        -0.1596,  0.0964,  0.0669, -0.0806,  0.1885,  0.2150, -0.2293, -0.1688,
         0.2896, -0.1067, -0.1121, -0.3060], device='cuda:1')
rank: local_param 1 tensor([ 0.0872,  0.1733,  0.2404,  0.1761, -0.3135,  0.0280,  0.1916, -0.0292,
        -0.1863,  0.3015, -0.1183, -0.1800, -0.2851,  0.0141,  0.1401,  0.0700,
         0.0625, -0.2398, -0.2953,  0.0056,  0.2883,  0.1824, -0.1841, -0.0410,
        -0.2331, -0.1526,  0.0573,  0.1722,  0.2620, -0.2903,  0.2114, -0.2230,
         0.1184,  0.2676,  0.0044,  0.2877, -0.2694, -0.1208,  0.1844, -0.0689,
        -0.0647, -0.1318,  0.2180,  0.1551,  0.1013, -0.1777, -0.2567,  0.0342,
         0.0937, -0.1460, -0.0885,  0.2136,  0.0252,  0.0143, -0.0778, -0.2864,
        -0.2973, -0.1512, -0.1607,  0.0985, -0.0921, -0.1237,  0.3015,  0.1101,
         0.2254, -0.1531, -0.1292,  0.1162, -0.2107, -0.2067, -0.0153, -0.1157,
        -0.2371,  0.1876,  0.2543,  0.0513, -0.0551, -0.2929, -0.1152,  0.0805,
         0.1491, -0.0400, -0.1250,  0.1762, -0.2518,  0.1999, -0.1227,  0.0048,
        -0.0625,  0.0383, -0.0956,  0.2299, -0.0082,  0.2468,  0.3040, -0.1541,
        -0.2307,  0.2537,  0.2478, -0.2415, -0.0244, -0.3118, -0.2589,  0.0611,
         0.0841,  0.0670, -0.0861,  0.2917,  0.0452, -0.1866, -0.0179,  0.0759,
         0.1107, -0.2236,  0.1185, -0.1616, -0.2628, -0.1727,  0.3050,  0.2703,
         0.2832,  0.1856,  0.2389, -0.0423, -0.1740,  0.1580, -0.1639, -0.2134,
        -0.1010,  0.0664,  0.1628, -0.1228, -0.1861,  0.0427, -0.1864, -0.2059,
         0.1648, -0.0531,  0.2890,  0.3076,  0.0946,  0.1088,  0.0728,  0.0050,
        -0.0230,  0.0043,  0.1181,  0.2940, -0.0820, -0.1337, -0.0766, -0.1528,
         0.0538,  0.2360,  0.2473,  0.1452, -0.2327, -0.1697, -0.0695, -0.0583,
         0.0260, -0.2903,  0.0984, -0.2412, -0.2001, -0.2629,  0.2755, -0.2994,
         0.2386, -0.0106, -0.0368,  0.1978, -0.0292,  0.1983,  0.2286, -0.2746,
         0.1217,  0.0597,  0.0680,  0.0462,  0.0865, -0.1521, -0.0405,  0.3005,
         0.2125, -0.0119, -0.2974,  0.0139, -0.2153,  0.2572, -0.1920, -0.0228,
        -0.0702,  0.0563,  0.2976,  0.0300,  0.1831,  0.2455,  0.2553, -0.1092,
        -0.0707,  0.1524, -0.0863,  0.1481, -0.0691, -0.2145,  0.1287,  0.0485,
         0.1410,  0.3142,  0.2159,  0.2998,  0.0169, -0.2720, -0.2218, -0.1964,
        -0.2787, -0.1585, -0.2911, -0.2918, -0.1890, -0.3117, -0.1941,  0.1206,
         0.2638, -0.0941, -0.0920,  0.1689, -0.1560, -0.1495,  0.1948, -0.2755,
         0.0387,  0.2793,  0.0542,  0.0860, -0.1842, -0.0044,  0.0174,  0.0776,
         0.1229,  0.2748, -0.2414,  0.0095, -0.1580, -0.2502, -0.0253, -0.2784,
         0.2207,  0.0366], device='cuda:1', requires_grad=True)
rank: flatten_data 1 tensor([-0.1811,  0.0790, -0.0417, -0.2295,  0.0074, -0.2160, -0.2683, -0.1741,
        -0.2768, -0.2014,  0.3161,  0.0597,  0.0974, -0.2949, -0.2077, -0.1053,
         0.0494, -0.2783, -0.1363, -0.1893,  0.0009, -0.1177, -0.0219, -0.2143,
        -0.2171, -0.1845, -0.1082, -0.2496,  0.2651, -0.0628,  0.2721,  0.0985,
        -0.2678,  0.2188, -0.0870, -0.1212, -0.2625, -0.3144,  0.0905, -0.0691,
         0.1231, -0.2595,  0.2348, -0.2321, -0.0546,  0.0661,  0.1633,  0.2553,
         0.2881, -0.2507,  0.0796, -0.1360, -0.0347, -0.2367,  0.2880, -0.2321,
         0.1690,  0.1111,  0.1028, -0.1710,  0.2874,  0.0695,  0.0407, -0.2787,
         0.1327, -0.0474, -0.1449,  0.2716,  0.0705, -0.1750, -0.1601, -0.0151,
         0.1766, -0.0808, -0.1804, -0.1083, -0.2362,  0.1128,  0.2448, -0.2977,
         0.0734,  0.1634,  0.0573, -0.1126,  0.1651,  0.1662,  0.1182, -0.0556,
        -0.0837,  0.0338, -0.0559, -0.0942,  0.2021,  0.2718, -0.0313, -0.0708,
         0.0046, -0.0189,  0.0760,  0.0886, -0.2872, -0.1167,  0.2663,  0.1232,
        -0.0157, -0.1907, -0.1935, -0.2833, -0.1031,  0.1068,  0.2016,  0.1460,
        -0.2795, -0.1902, -0.0499,  0.3059,  0.0457, -0.0819,  0.1308, -0.1204,
        -0.2047,  0.2308, -0.1438, -0.0634, -0.3146,  0.2116,  0.2396,  0.1152,
        -0.2205, -0.3121, -0.2568,  0.2358,  0.1518,  0.2661,  0.1657,  0.0800,
        -0.0031, -0.2405, -0.2709, -0.2958,  0.1295, -0.1553, -0.0636, -0.1820,
        -0.0576, -0.2226, -0.2066,  0.1049, -0.0940,  0.1952, -0.1014, -0.2320,
        -0.0558, -0.1533, -0.0967, -0.3010,  0.1769, -0.2202,  0.1589,  0.1435,
         0.2259, -0.2426,  0.2274, -0.1495,  0.1173,  0.2970, -0.0446, -0.0024,
        -0.0728, -0.2640,  0.1518, -0.3139,  0.1963,  0.2366,  0.2991, -0.0746,
        -0.2598,  0.0711,  0.1747, -0.3147, -0.0718, -0.1896, -0.0277, -0.1557,
        -0.1293, -0.1004, -0.3005,  0.2595,  0.2651, -0.0496, -0.0360, -0.1291,
        -0.2856, -0.3077,  0.1175, -0.1736, -0.2033, -0.0247, -0.1053, -0.1023,
         0.0102, -0.0671, -0.1089, -0.1514, -0.2574,  0.2652, -0.1266,  0.0838,
        -0.1097,  0.0257,  0.2948,  0.1457, -0.2740,  0.1255,  0.3002,  0.0832,
         0.2120,  0.3118, -0.0485,  0.0656, -0.2198, -0.0652,  0.2342,  0.1621,
        -0.2001, -0.2536, -0.2161, -0.3121, -0.2440, -0.0782,  0.2134,  0.0529,
        -0.2405, -0.2537,  0.1573, -0.2352, -0.0389,  0.1517, -0.1464, -0.0345,
        -0.0275, -0.0748, -0.1603, -0.2819, -0.2556, -0.1693,  0.3054, -0.1527,
        -0.2124,  0.0767,  0.0872,  0.1733,  0.2404,  0.1761, -0.3135,  0.0280,
         0.1916, -0.0292, -0.1863,  0.3015, -0.1183, -0.1800, -0.2851,  0.0141,
         0.1401,  0.0700,  0.0625, -0.2398, -0.2953,  0.0056,  0.2883,  0.1824,
        -0.1841, -0.0410, -0.2331, -0.1526,  0.0573,  0.1722,  0.2620, -0.2903,
         0.2114, -0.2230,  0.1184,  0.2676,  0.0044,  0.2877, -0.2694, -0.1208,
         0.1844, -0.0689, -0.0647, -0.1318,  0.2180,  0.1551,  0.1013, -0.1777,
        -0.2567,  0.0342,  0.0937, -0.1460, -0.0885,  0.2136,  0.0252,  0.0143,
        -0.0778, -0.2864, -0.2973, -0.1512, -0.1607,  0.0985, -0.0921, -0.1237,
         0.3015,  0.1101,  0.2254, -0.1531, -0.1292,  0.1162, -0.2107, -0.2067,
        -0.0153, -0.1157, -0.2371,  0.1876,  0.2543,  0.0513, -0.0551, -0.2929,
        -0.1152,  0.0805,  0.1491, -0.0400, -0.1250,  0.1762, -0.2518,  0.1999,
        -0.1227,  0.0048, -0.0625,  0.0383, -0.0956,  0.2299, -0.0082,  0.2468,
         0.3040, -0.1541, -0.2307,  0.2537,  0.2478, -0.2415, -0.0244, -0.3118,
        -0.2589,  0.0611,  0.0841,  0.0670, -0.0861,  0.2917,  0.0452, -0.1866,
        -0.0179,  0.0759,  0.1107, -0.2236,  0.1185, -0.1616, -0.2628, -0.1727,
         0.3050,  0.2703,  0.2832,  0.1856,  0.2389, -0.0423, -0.1740,  0.1580,
        -0.1639, -0.2134, -0.1010,  0.0664,  0.1628, -0.1228, -0.1861,  0.0427,
        -0.1864, -0.2059,  0.1648, -0.0531,  0.2890,  0.3076,  0.0946,  0.1088,
         0.0728,  0.0050, -0.0230,  0.0043,  0.1181,  0.2940, -0.0820, -0.1337,
        -0.0766, -0.1528,  0.0538,  0.2360,  0.2473,  0.1452, -0.2327, -0.1697,
        -0.0695, -0.0583,  0.0260, -0.2903,  0.0984, -0.2412, -0.2001, -0.2629,
         0.2755, -0.2994,  0.2386, -0.0106, -0.0368,  0.1978, -0.0292,  0.1983,
         0.2286, -0.2746,  0.1217,  0.0597,  0.0680,  0.0462,  0.0865, -0.1521,
        -0.0405,  0.3005,  0.2125, -0.0119, -0.2974,  0.0139, -0.2153,  0.2572,
        -0.1920, -0.0228, -0.0702,  0.0563,  0.2976,  0.0300,  0.1831,  0.2455,
         0.2553, -0.1092, -0.0707,  0.1524, -0.0863,  0.1481, -0.0691, -0.2145,
         0.1287,  0.0485,  0.1410,  0.3142,  0.2159,  0.2998,  0.0169, -0.2720,
        -0.2218, -0.1964, -0.2787, -0.1585, -0.2911, -0.2918, -0.1890, -0.3117,
        -0.1941,  0.1206,  0.2638, -0.0941, -0.0920,  0.1689, -0.1560, -0.1495,
         0.1948, -0.2755,  0.0387,  0.2793,  0.0542,  0.0860, -0.1842, -0.0044,
         0.0174,  0.0776,  0.1229,  0.2748, -0.2414,  0.0095, -0.1580, -0.2502,
        -0.0253, -0.2784,  0.2207,  0.0366], device='cuda:1')torch.Size([10, 10])
self.local_params[-1]: torch.Size([50])
torch.Size([50, 10])
self.local_params[-1]: torch.Size([250])
torch.Size([10, 50])
self.local_params[-1]: torch.Size([250])
torch.Size([5, 50])
self.local_params[-1]: torch.Size([125])
rank: local_param 0 tensor([ 0.2418,  0.2625, -0.0741,  0.2905, -0.0693,  0.0638, -0.1540,  0.1857,
         0.2788, -0.2320,  0.2749,  0.0592,  0.2336,  0.0428,  0.1525, -0.0446,
         0.2438,  0.0467, -0.1476,  0.0806, -0.1457, -0.0371, -0.1284,  0.2098,
        -0.2496, -0.1458, -0.0893, -0.1901,  0.0298, -0.3123,  0.2856, -0.2686,
         0.2441,  0.0526, -0.1027,  0.1954,  0.0493,  0.2555,  0.0346, -0.0997,
         0.0850, -0.0858,  0.1331,  0.2823,  0.1828, -0.1382,  0.1825,  0.0566,
         0.1606, -0.1927], device='cuda:0', requires_grad=True)
rank: flatten_data 0 tensor([ 0.2418,  0.2625, -0.0741,  0.2905, -0.0693,  0.0638, -0.1540,  0.1857,
         0.2788, -0.2320,  0.2749,  0.0592,  0.2336,  0.0428,  0.1525, -0.0446,
         0.2438,  0.0467, -0.1476,  0.0806, -0.1457, -0.0371, -0.1284,  0.2098,
        -0.2496, -0.1458, -0.0893, -0.1901,  0.0298, -0.3123,  0.2856, -0.2686,
         0.2441,  0.0526, -0.1027,  0.1954,  0.0493,  0.2555,  0.0346, -0.0997,
         0.0850, -0.0858,  0.1331,  0.2823,  0.1828, -0.1382,  0.1825,  0.0566,
         0.1606, -0.1927, -0.3130, -0.1222, -0.2426,  0.2595,  0.0911,  0.1310,
         0.1000, -0.0055,  0.2475, -0.2247,  0.0199, -0.2158,  0.0975, -0.1089,
         0.0969, -0.0659,  0.2623, -0.1874, -0.1886, -0.1886,  0.2844,  0.1054,
         0.3043, -0.2610, -0.3137, -0.2474, -0.2127,  0.1281,  0.1132,  0.2628,
        -0.1633, -0.2156,  0.1678, -0.1278,  0.1919, -0.0750,  0.1809, -0.2457,
        -0.1596,  0.0964,  0.0669, -0.0806,  0.1885,  0.2150, -0.2293, -0.1688,
         0.2896, -0.1067, -0.1121, -0.3060], device='cuda:0')
rank: local_param 0 tensor([-0.1811,  0.0790, -0.0417, -0.2295,  0.0074, -0.2160, -0.2683, -0.1741,
        -0.2768, -0.2014,  0.3161,  0.0597,  0.0974, -0.2949, -0.2077, -0.1053,
         0.0494, -0.2783, -0.1363, -0.1893,  0.0009, -0.1177, -0.0219, -0.2143,
        -0.2171, -0.1845, -0.1082, -0.2496,  0.2651, -0.0628,  0.2721,  0.0985,
        -0.2678,  0.2188, -0.0870, -0.1212, -0.2625, -0.3144,  0.0905, -0.0691,
         0.1231, -0.2595,  0.2348, -0.2321, -0.0546,  0.0661,  0.1633,  0.2553,
         0.2881, -0.2507,  0.0796, -0.1360, -0.0347, -0.2367,  0.2880, -0.2321,
         0.1690,  0.1111,  0.1028, -0.1710,  0.2874,  0.0695,  0.0407, -0.2787,
         0.1327, -0.0474, -0.1449,  0.2716,  0.0705, -0.1750, -0.1601, -0.0151,
         0.1766, -0.0808, -0.1804, -0.1083, -0.2362,  0.1128,  0.2448, -0.2977,
         0.0734,  0.1634,  0.0573, -0.1126,  0.1651,  0.1662,  0.1182, -0.0556,
        -0.0837,  0.0338, -0.0559, -0.0942,  0.2021,  0.2718, -0.0313, -0.0708,
         0.0046, -0.0189,  0.0760,  0.0886, -0.2872, -0.1167,  0.2663,  0.1232,
        -0.0157, -0.1907, -0.1935, -0.2833, -0.1031,  0.1068,  0.2016,  0.1460,
        -0.2795, -0.1902, -0.0499,  0.3059,  0.0457, -0.0819,  0.1308, -0.1204,
        -0.2047,  0.2308, -0.1438, -0.0634, -0.3146,  0.2116,  0.2396,  0.1152,
        -0.2205, -0.3121, -0.2568,  0.2358,  0.1518,  0.2661,  0.1657,  0.0800,
        -0.0031, -0.2405, -0.2709, -0.2958,  0.1295, -0.1553, -0.0636, -0.1820,
        -0.0576, -0.2226, -0.2066,  0.1049, -0.0940,  0.1952, -0.1014, -0.2320,
        -0.0558, -0.1533, -0.0967, -0.3010,  0.1769, -0.2202,  0.1589,  0.1435,
         0.2259, -0.2426,  0.2274, -0.1495,  0.1173,  0.2970, -0.0446, -0.0024,
        -0.0728, -0.2640,  0.1518, -0.3139,  0.1963,  0.2366,  0.2991, -0.0746,
        -0.2598,  0.0711,  0.1747, -0.3147, -0.0718, -0.1896, -0.0277, -0.1557,
        -0.1293, -0.1004, -0.3005,  0.2595,  0.2651, -0.0496, -0.0360, -0.1291,
        -0.2856, -0.3077,  0.1175, -0.1736, -0.2033, -0.0247, -0.1053, -0.1023,
         0.0102, -0.0671, -0.1089, -0.1514, -0.2574,  0.2652, -0.1266,  0.0838,
        -0.1097,  0.0257,  0.2948,  0.1457, -0.2740,  0.1255,  0.3002,  0.0832,
         0.2120,  0.3118, -0.0485,  0.0656, -0.2198, -0.0652,  0.2342,  0.1621,
        -0.2001, -0.2536, -0.2161, -0.3121, -0.2440, -0.0782,  0.2134,  0.0529,
        -0.2405, -0.2537,  0.1573, -0.2352, -0.0389,  0.1517, -0.1464, -0.0345,
        -0.0275, -0.0748, -0.1603, -0.2819, -0.2556, -0.1693,  0.3054, -0.1527,
        -0.2124,  0.0767], device='cuda:0', requires_grad=True)
rank: flatten_data 0 tensor([-0.1811,  0.0790, -0.0417, -0.2295,  0.0074, -0.2160, -0.2683, -0.1741,
        -0.2768, -0.2014,  0.3161,  0.0597,  0.0974, -0.2949, -0.2077, -0.1053,
         0.0494, -0.2783, -0.1363, -0.1893,  0.0009, -0.1177, -0.0219, -0.2143,
        -0.2171, -0.1845, -0.1082, -0.2496,  0.2651, -0.0628,  0.2721,  0.0985,
        -0.2678,  0.2188, -0.0870, -0.1212, -0.2625, -0.3144,  0.0905, -0.0691,
         0.1231, -0.2595,  0.2348, -0.2321, -0.0546,  0.0661,  0.1633,  0.2553,
         0.2881, -0.2507,  0.0796, -0.1360, -0.0347, -0.2367,  0.2880, -0.2321,
         0.1690,  0.1111,  0.1028, -0.1710,  0.2874,  0.0695,  0.0407, -0.2787,
         0.1327, -0.0474, -0.1449,  0.2716,  0.0705, -0.1750, -0.1601, -0.0151,
         0.1766, -0.0808, -0.1804, -0.1083, -0.2362,  0.1128,  0.2448, -0.2977,
         0.0734,  0.1634,  0.0573, -0.1126,  0.1651,  0.1662,  0.1182, -0.0556,
        -0.0837,  0.0338, -0.0559, -0.0942,  0.2021,  0.2718, -0.0313, -0.0708,
         0.0046, -0.0189,  0.0760,  0.0886, -0.2872, -0.1167,  0.2663,  0.1232,
        -0.0157, -0.1907, -0.1935, -0.2833, -0.1031,  0.1068,  0.2016,  0.1460,
        -0.2795, -0.1902, -0.0499,  0.3059,  0.0457, -0.0819,  0.1308, -0.1204,
        -0.2047,  0.2308, -0.1438, -0.0634, -0.3146,  0.2116,  0.2396,  0.1152,
        -0.2205, -0.3121, -0.2568,  0.2358,  0.1518,  0.2661,  0.1657,  0.0800,
        -0.0031, -0.2405, -0.2709, -0.2958,  0.1295, -0.1553, -0.0636, -0.1820,
        -0.0576, -0.2226, -0.2066,  0.1049, -0.0940,  0.1952, -0.1014, -0.2320,
        -0.0558, -0.1533, -0.0967, -0.3010,  0.1769, -0.2202,  0.1589,  0.1435,
         0.2259, -0.2426,  0.2274, -0.1495,  0.1173,  0.2970, -0.0446, -0.0024,
        -0.0728, -0.2640,  0.1518, -0.3139,  0.1963,  0.2366,  0.2991, -0.0746,
        -0.2598,  0.0711,  0.1747, -0.3147, -0.0718, -0.1896, -0.0277, -0.1557,
        -0.1293, -0.1004, -0.3005,  0.2595,  0.2651, -0.0496, -0.0360, -0.1291,
        -0.2856, -0.3077,  0.1175, -0.1736, -0.2033, -0.0247, -0.1053, -0.1023,
         0.0102, -0.0671, -0.1089, -0.1514, -0.2574,  0.2652, -0.1266,  0.0838,
        -0.1097,  0.0257,  0.2948,  0.1457, -0.2740,  0.1255,  0.3002,  0.0832,
         0.2120,  0.3118, -0.0485,  0.0656, -0.2198, -0.0652,  0.2342,  0.1621,
        -0.2001, -0.2536, -0.2161, -0.3121, -0.2440, -0.0782,  0.2134,  0.0529,
        -0.2405, -0.2537,  0.1573, -0.2352, -0.0389,  0.1517, -0.1464, -0.0345,
        -0.0275, -0.0748, -0.1603, -0.2819, -0.2556, -0.1693,  0.3054, -0.1527,
        -0.2124,  0.0767,  0.0872,  0.1733,  0.2404,  0.1761, -0.3135,  0.0280,
         0.1916, -0.0292, -0.1863,  0.3015, -0.1183, -0.1800, -0.2851,  0.0141,
         0.1401,  0.0700,  0.0625, -0.2398, -0.2953,  0.0056,  0.2883,  0.1824,
        -0.1841, -0.0410, -0.2331, -0.1526,  0.0573,  0.1722,  0.2620, -0.2903,
         0.2114, -0.2230,  0.1184,  0.2676,  0.0044,  0.2877, -0.2694, -0.1208,
         0.1844, -0.0689, -0.0647, -0.1318,  0.2180,  0.1551,  0.1013, -0.1777,
        -0.2567,  0.0342,  0.0937, -0.1460, -0.0885,  0.2136,  0.0252,  0.0143,
        -0.0778, -0.2864, -0.2973, -0.1512, -0.1607,  0.0985, -0.0921, -0.1237,
         0.3015,  0.1101,  0.2254, -0.1531, -0.1292,  0.1162, -0.2107, -0.2067,
        -0.0153, -0.1157, -0.2371,  0.1876,  0.2543,  0.0513, -0.0551, -0.2929,
        -0.1152,  0.0805,  0.1491, -0.0400, -0.1250,  0.1762, -0.2518,  0.1999,
        -0.1227,  0.0048, -0.0625,  0.0383, -0.0956,  0.2299, -0.0082,  0.2468,
         0.3040, -0.1541, -0.2307,  0.2537,  0.2478, -0.2415, -0.0244, -0.3118,
        -0.2589,  0.0611,  0.0841,  0.0670, -0.0861,  0.2917,  0.0452, -0.1866,
        -0.0179,  0.0759,  0.1107, -0.2236,  0.1185, -0.1616, -0.2628, -0.1727,
         0.3050,  0.2703,  0.2832,  0.1856,  0.2389, -0.0423, -0.1740,  0.1580,
        -0.1639, -0.2134, -0.1010,  0.0664,  0.1628, -0.1228, -0.1861,  0.0427,
        -0.1864, -0.2059,  0.1648, -0.0531,  0.2890,  0.3076,  0.0946,  0.1088,
         0.0728,  0.0050, -0.0230,  0.0043,  0.1181,  0.2940, -0.0820, -0.1337,
        -0.0766, -0.1528,  0.0538,  0.2360,  0.2473,  0.1452, -0.2327, -0.1697,
        -0.0695, -0.0583,  0.0260, -0.2903,  0.0984, -0.2412, -0.2001, -0.2629,
         0.2755, -0.2994,  0.2386, -0.0106, -0.0368,  0.1978, -0.0292,  0.1983,
         0.2286, -0.2746,  0.1217,  0.0597,  0.0680,  0.0462,  0.0865, -0.1521,
        -0.0405,  0.3005,  0.2125, -0.0119, -0.2974,  0.0139, -0.2153,  0.2572,
        -0.1920, -0.0228, -0.0702,  0.0563,  0.2976,  0.0300,  0.1831,  0.2455,
         0.2553, -0.1092, -0.0707,  0.1524, -0.0863,  0.1481, -0.0691, -0.2145,
         0.1287,  0.0485,  0.1410,  0.3142,  0.2159,  0.2998,  0.0169, -0.2720,
        -0.2218, -0.1964, -0.2787, -0.1585, -0.2911, -0.2918, -0.1890, -0.3117,
        -0.1941,  0.1206,  0.2638, -0.0941, -0.0920,  0.1689, -0.1560, -0.1495,
         0.1948, -0.2755,  0.0387,  0.2793,  0.0542,  0.0860, -0.1842, -0.0044,
         0.0174,  0.0776,  0.1229,  0.2748, -0.2414,  0.0095, -0.1580, -0.2502,
        -0.0253, -0.2784,  0.2207,  0.0366], device='cuda:0')
rank: local_param 1 tensor([ 5.0741e-02, -5.5715e-02, -1.3242e-01,  5.1223e-02, -7.0068e-02,
         7.1966e-02,  9.4538e-02,  5.4549e-02,  1.3270e-01,  1.3432e-01,
         2.9945e-02, -1.0304e-01,  1.2635e-01, -6.7104e-02, -6.6801e-02,
         1.1834e-01,  1.0957e-01,  4.2731e-02,  8.8648e-03, -1.1896e-01,
        -1.4680e-02,  1.3564e-01,  3.6014e-02,  1.2108e-02, -2.9366e-02,
        -4.9325e-02,  8.4290e-02,  8.7212e-03,  9.2005e-02, -2.5031e-02,
         6.1788e-02,  5.8374e-02,  2.2552e-02,  8.8865e-02,  8.8621e-02,
         1.3109e-01,  1.0872e-01, -3.6161e-02, -1.1973e-01,  2.5854e-02,
        -1.2344e-03, -3.6886e-02, -2.3682e-02,  6.6514e-03,  1.0319e-01,
         4.4087e-02, -5.0218e-02, -5.8156e-02, -3.5020e-02, -5.4660e-02,
         1.2717e-01,  7.4903e-02,  1.2770e-01,  4.5165e-04,  2.8521e-02,
         4.9040e-02, -1.3386e-01,  1.2628e-02, -9.4597e-03, -7.9288e-02,
        -1.0974e-01,  1.2520e-01,  1.1498e-01,  6.5544e-02,  1.3495e-01,
        -5.7390e-02, -2.4427e-02,  5.3545e-02, -2.3367e-02, -2.7752e-02,
        -1.1689e-01,  3.7994e-02, -8.5465e-02,  5.1430e-03,  1.3788e-01,
        -4.3532e-02, -4.4575e-02,  8.5321e-02, -5.1994e-02, -1.2145e-02,
         1.3205e-01, -5.7979e-02, -1.0117e-01, -7.9146e-02, -3.9208e-02,
        -6.7104e-02, -7.3388e-02,  5.7126e-02,  2.4033e-02, -4.5264e-02,
        -1.0987e-01, -4.4528e-02, -5.9685e-02, -4.6021e-02, -1.2758e-01,
         3.0466e-02, -1.0391e-01, -1.1014e-01, -1.1555e-01,  5.9027e-02,
        -8.5139e-02, -5.8372e-02,  1.1085e-01,  7.5090e-02,  8.1090e-02,
        -1.3428e-01, -1.0141e-01, -5.3388e-02,  1.1683e-01,  1.4467e-02,
        -1.0577e-01,  8.8556e-04, -1.0984e-01, -3.0985e-02, -3.8887e-02,
         1.2242e-01,  4.3803e-02, -2.4660e-02,  2.3890e-02, -4.0823e-02,
         5.5565e-02,  5.5941e-02,  3.7978e-02, -5.5123e-02,  1.2065e-01,
        -2.0417e-02, -5.5058e-02,  8.8574e-02,  1.1527e-01,  1.4074e-01,
         4.1897e-02, -4.8210e-02,  7.1827e-02,  1.2133e-01, -1.3871e-01,
        -1.7520e-02, -9.6444e-02,  2.6355e-02,  5.8490e-02, -2.9216e-02,
        -1.1831e-02,  6.3655e-02, -2.3769e-02, -1.1876e-01,  1.1316e-01,
        -7.1179e-02, -1.5536e-02,  1.3340e-02, -8.4990e-03, -1.3303e-01,
         6.4884e-02, -6.4238e-02, -7.3350e-02,  3.3788e-02, -7.3802e-02,
        -6.5359e-02, -4.7652e-02, -5.3129e-02, -5.9063e-02, -3.8139e-02,
         3.6752e-02, -1.1444e-01, -8.5600e-02,  2.0635e-03,  1.9667e-02,
         7.8106e-02, -9.9341e-02,  4.5141e-02,  8.0382e-02,  7.8526e-02,
        -1.3172e-01, -5.3967e-02, -1.2156e-01, -8.9493e-02,  7.8769e-02,
        -2.1117e-02,  6.0063e-02, -8.3015e-02,  2.1490e-02, -8.5540e-02,
         7.0695e-02, -6.1855e-02, -3.5463e-02, -1.2270e-01,  4.6719e-04,
         1.3428e-01,  6.8643e-02, -7.5454e-02,  1.9019e-03, -1.5507e-02,
        -1.1385e-01,  1.1089e-01,  2.2798e-03,  2.9783e-02, -5.7110e-02,
        -6.6174e-02,  2.3319e-02,  5.2285e-02,  3.1721e-02, -6.8157e-02,
         1.3731e-01, -2.0818e-02, -8.6609e-02, -6.6145e-02,  1.3922e-01,
         6.8109e-06, -1.9197e-02, -5.8854e-02, -3.7073e-02, -1.1911e-01,
        -1.1239e-01,  8.2772e-02,  1.2098e-01,  1.3496e-01, -1.0210e-01,
         7.6490e-02, -8.7535e-02,  8.4366e-02,  1.0204e-01,  1.0944e-01,
         1.0183e-01,  8.8469e-02,  2.7526e-03,  6.4981e-02, -5.0596e-02,
         6.1580e-02, -4.5453e-02, -2.3747e-03, -1.2309e-01, -3.6978e-02,
        -7.4370e-02, -4.7704e-02, -9.0310e-02, -1.2720e-01,  9.2089e-03,
         9.1780e-02,  1.2880e-01,  8.2527e-02, -7.3304e-02, -1.3987e-01,
         5.3643e-02,  7.9240e-02, -1.2141e-01,  5.0712e-02,  1.1957e-01,
         8.5668e-03, -8.5201e-02,  1.1595e-01,  6.0389e-02,  9.3649e-02],
       device='cuda:1', requires_grad=True)
rank: flatten_data 1 tensor([-7.6220e-02,  7.3904e-02, -1.3385e-01, -5.4702e-02, -2.7552e-02,
        -1.2017e-01, -8.9928e-02, -2.3083e-02,  1.0731e-01,  1.3656e-01,
         8.9981e-02, -8.4446e-02, -9.2521e-02,  1.2342e-01,  5.0023e-02,
         3.7572e-03,  1.9139e-02, -1.1366e-01, -4.7219e-02,  1.3613e-01,
        -3.4879e-02, -7.0943e-03, -1.1743e-01, -7.9112e-02, -2.8878e-03,
        -8.7845e-02, -1.7538e-02,  5.7553e-02, -1.3834e-01,  4.2004e-02,
        -9.3509e-02, -6.9021e-02,  5.4293e-02,  1.1245e-01, -3.8652e-02,
        -5.8063e-02, -1.2788e-01, -7.2925e-02, -1.2383e-01, -3.2367e-02,
         2.8858e-02, -1.3249e-01,  1.2348e-01,  8.8726e-02, -1.3844e-01,
        -6.7548e-02,  4.6125e-02, -2.9056e-02, -1.5412e-02, -6.3854e-02,
         1.1359e-01, -7.9054e-02,  1.1728e-01,  9.1248e-03,  2.8429e-02,
         1.1033e-01, -2.3301e-02, -8.0517e-02, -2.2873e-02,  1.1470e-01,
        -1.0493e-01,  3.2100e-02, -1.3899e-01,  7.4148e-02,  5.2251e-02,
         5.9952e-03,  6.0697e-02,  1.5906e-04,  7.8256e-02, -1.1195e-01,
        -2.0768e-02,  6.2737e-02,  1.4083e-01,  7.2039e-02, -1.0284e-01,
         1.0877e-01, -3.1537e-02, -3.0196e-02, -1.2854e-01, -2.2262e-02,
         1.0003e-01,  1.9720e-02, -8.2371e-02,  4.3531e-02, -4.5346e-02,
         1.2912e-01, -1.2275e-01, -4.4672e-02, -1.3655e-01, -5.5696e-02,
         4.4583e-02,  1.3613e-01,  2.3751e-02,  1.3864e-01,  2.7669e-02,
         8.1676e-02,  1.1337e-01,  1.1822e-01, -7.9157e-02,  1.3002e-01,
         8.5668e-02, -6.6126e-02, -6.7487e-02, -1.1862e-01,  3.5516e-02,
        -1.1463e-01,  5.9740e-02,  4.4661e-02, -1.2287e-01,  3.8537e-02,
        -1.1502e-02,  6.4604e-02,  8.1146e-02, -1.4059e-01,  1.2970e-01,
         1.1860e-01,  5.6269e-02, -1.2925e-01, -5.0519e-02, -4.0985e-02,
        -3.6345e-02,  7.9751e-02,  5.1417e-02,  1.1203e-01, -5.2966e-02,
         4.7594e-02,  5.0317e-02, -1.1775e-01, -1.3718e-01, -7.3382e-02,
         9.6810e-02, -1.3314e-01, -1.2310e-01,  7.9224e-02,  7.6301e-02,
         1.1630e-01, -1.0676e-01, -1.0351e-01,  7.2547e-02,  1.2298e-01,
         8.4618e-02,  2.2154e-02,  4.6609e-02,  1.3423e-01, -9.1246e-02,
        -6.4207e-02,  9.8920e-02, -9.6766e-02, -7.7982e-02,  1.0324e-01,
         4.4622e-02,  4.5689e-02, -5.9940e-02, -1.9517e-03,  1.2943e-01,
        -8.4884e-02,  1.1119e-03,  6.7260e-02, -9.7631e-02,  1.3735e-01,
        -7.0656e-02, -3.3960e-02, -3.8264e-02, -9.2158e-02, -1.3877e-01,
         7.9741e-02,  3.7572e-02, -1.3246e-01, -9.1023e-02,  1.3978e-01,
         5.4056e-02,  5.6745e-02, -8.4612e-02, -6.1999e-02, -2.1348e-02,
        -2.5863e-02, -9.6909e-02,  1.1651e-02,  1.4056e-02, -1.7907e-02,
         1.9606e-02, -5.6052e-02,  3.6805e-02,  5.3336e-02, -7.4492e-02,
        -1.4023e-01,  7.4025e-02,  3.3734e-02, -7.1925e-02,  1.3629e-01,
        -6.3958e-02,  9.5565e-02,  7.1747e-02, -1.1857e-01,  9.1208e-02,
        -1.3003e-01, -7.8350e-02, -2.3577e-02, -9.5325e-02,  1.3816e-01,
        -2.8366e-02,  5.6171e-02, -1.2628e-01,  8.1412e-02, -4.3951e-02,
        -1.0758e-01,  2.0679e-02,  6.8513e-02,  1.2239e-01, -8.6379e-02,
        -6.9594e-02,  2.7190e-02,  3.8362e-02,  5.4373e-02,  7.7623e-02,
        -3.2068e-02,  7.8569e-02,  1.0427e-01, -3.6942e-02,  1.0062e-01,
         6.9096e-02,  1.2474e-01, -8.0366e-02, -6.9835e-02, -4.0890e-02,
         7.1738e-03,  8.4881e-02, -8.0732e-02,  7.0803e-02, -5.0683e-02,
         8.5434e-02, -6.7143e-03, -1.2390e-01, -7.7817e-02, -1.0235e-01,
         7.0140e-02, -9.4830e-02, -1.1783e-02,  3.0512e-02, -7.7555e-02,
         4.0796e-02, -1.3809e-01, -1.0119e-01, -1.2815e-01, -4.2777e-02,
        -5.1519e-02,  2.0251e-02, -2.6151e-02,  6.6480e-02,  1.2965e-01,
         5.0741e-02, -5.5715e-02, -1.3242e-01,  5.1223e-02, -7.0068e-02,
         7.1966e-02,  9.4538e-02,  5.4549e-02,  1.3270e-01,  1.3432e-01,
         2.9945e-02, -1.0304e-01,  1.2635e-01, -6.7104e-02, -6.6801e-02,
         1.1834e-01,  1.0957e-01,  4.2731e-02,  8.8648e-03, -1.1896e-01,
        -1.4680e-02,  1.3564e-01,  3.6014e-02,  1.2108e-02, -2.9366e-02,
        -4.9325e-02,  8.4290e-02,  8.7212e-03,  9.2005e-02, -2.5031e-02,
         6.1788e-02,  5.8374e-02,  2.2552e-02,  8.8865e-02,  8.8621e-02,
         1.3109e-01,  1.0872e-01, -3.6161e-02, -1.1973e-01,  2.5854e-02,
        -1.2344e-03, -3.6886e-02, -2.3682e-02,  6.6514e-03,  1.0319e-01,
         4.4087e-02, -5.0218e-02, -5.8156e-02, -3.5020e-02, -5.4660e-02,
         1.2717e-01,  7.4903e-02,  1.2770e-01,  4.5165e-04,  2.8521e-02,
         4.9040e-02, -1.3386e-01,  1.2628e-02, -9.4597e-03, -7.9288e-02,
        -1.0974e-01,  1.2520e-01,  1.1498e-01,  6.5544e-02,  1.3495e-01,
        -5.7390e-02, -2.4427e-02,  5.3545e-02, -2.3367e-02, -2.7752e-02,
        -1.1689e-01,  3.7994e-02, -8.5465e-02,  5.1430e-03,  1.3788e-01,
        -4.3532e-02, -4.4575e-02,  8.5321e-02, -5.1994e-02, -1.2145e-02,
         1.3205e-01, -5.7979e-02, -1.0117e-01, -7.9146e-02, -3.9208e-02,
        -6.7104e-02, -7.3388e-02,  5.7126e-02,  2.4033e-02, -4.5264e-02,
        -1.0987e-01, -4.4528e-02, -5.9685e-02, -4.6021e-02, -1.2758e-01,
         3.0466e-02, -1.0391e-01, -1.1014e-01, -1.1555e-01,  5.9027e-02,
        -8.5139e-02, -5.8372e-02,  1.1085e-01,  7.5090e-02,  8.1090e-02,
        -1.3428e-01, -1.0141e-01, -5.3388e-02,  1.1683e-01,  1.4467e-02,
        -1.0577e-01,  8.8556e-04, -1.0984e-01, -3.0985e-02, -3.8887e-02,
         1.2242e-01,  4.3803e-02, -2.4660e-02,  2.3890e-02, -4.0823e-02,
         5.5565e-02,  5.5941e-02,  3.7978e-02, -5.5123e-02,  1.2065e-01,
        -2.0417e-02, -5.5058e-02,  8.8574e-02,  1.1527e-01,  1.4074e-01,
         4.1897e-02, -4.8210e-02,  7.1827e-02,  1.2133e-01, -1.3871e-01,
        -1.7520e-02, -9.6444e-02,  2.6355e-02,  5.8490e-02, -2.9216e-02,
        -1.1831e-02,  6.3655e-02, -2.3769e-02, -1.1876e-01,  1.1316e-01,
        -7.1179e-02, -1.5536e-02,  1.3340e-02, -8.4990e-03, -1.3303e-01,
         6.4884e-02, -6.4238e-02, -7.3350e-02,  3.3788e-02, -7.3802e-02,
        -6.5359e-02, -4.7652e-02, -5.3129e-02, -5.9063e-02, -3.8139e-02,
         3.6752e-02, -1.1444e-01, -8.5600e-02,  2.0635e-03,  1.9667e-02,
         7.8106e-02, -9.9341e-02,  4.5141e-02,  8.0382e-02,  7.8526e-02,
        -1.3172e-01, -5.3967e-02, -1.2156e-01, -8.9493e-02,  7.8769e-02,
        -2.1117e-02,  6.0063e-02, -8.3015e-02,  2.1490e-02, -8.5540e-02,
         7.0695e-02, -6.1855e-02, -3.5463e-02, -1.2270e-01,  4.6719e-04,
         1.3428e-01,  6.8643e-02, -7.5454e-02,  1.9019e-03, -1.5507e-02,
        -1.1385e-01,  1.1089e-01,  2.2798e-03,  2.9783e-02, -5.7110e-02,
        -6.6174e-02,  2.3319e-02,  5.2285e-02,  3.1721e-02, -6.8157e-02,
         1.3731e-01, -2.0818e-02, -8.6609e-02, -6.6145e-02,  1.3922e-01,
         6.8109e-06, -1.9197e-02, -5.8854e-02, -3.7073e-02, -1.1911e-01,
        -1.1239e-01,  8.2772e-02,  1.2098e-01,  1.3496e-01, -1.0210e-01,
         7.6490e-02, -8.7535e-02,  8.4366e-02,  1.0204e-01,  1.0944e-01,
         1.0183e-01,  8.8469e-02,  2.7526e-03,  6.4981e-02, -5.0596e-02,
         6.1580e-02, -4.5453e-02, -2.3747e-03, -1.2309e-01, -3.6978e-02,
        -7.4370e-02, -4.7704e-02, -9.0310e-02, -1.2720e-01,  9.2089e-03,
         9.1780e-02,  1.2880e-01,  8.2527e-02, -7.3304e-02, -1.3987e-01,
         5.3643e-02,  7.9240e-02, -1.2141e-01,  5.0712e-02,  1.1957e-01,
         8.5668e-03, -8.5201e-02,  1.1595e-01,  6.0389e-02,  9.3649e-02],
       device='cuda:1')
rank: local_param 0 tensor([-0.0762,  0.0739, -0.1338, -0.0547, -0.0276, -0.1202, -0.0899, -0.0231,
         0.1073,  0.1366,  0.0900, -0.0844, -0.0925,  0.1234,  0.0500,  0.0038,
         0.0191, -0.1137, -0.0472,  0.1361, -0.0349, -0.0071, -0.1174, -0.0791,
        -0.0029, -0.0878, -0.0175,  0.0576, -0.1383,  0.0420, -0.0935, -0.0690,
         0.0543,  0.1124, -0.0387, -0.0581, -0.1279, -0.0729, -0.1238, -0.0324,
         0.0289, -0.1325,  0.1235,  0.0887, -0.1384, -0.0675,  0.0461, -0.0291,
        -0.0154, -0.0639,  0.1136, -0.0791,  0.1173,  0.0091,  0.0284,  0.1103,
        -0.0233, -0.0805, -0.0229,  0.1147, -0.1049,  0.0321, -0.1390,  0.0741,
         0.0523,  0.0060,  0.0607,  0.0002,  0.0783, -0.1120, -0.0208,  0.0627,
         0.1408,  0.0720, -0.1028,  0.1088, -0.0315, -0.0302, -0.1285, -0.0223,
         0.1000,  0.0197, -0.0824,  0.0435, -0.0453,  0.1291, -0.1227, -0.0447,
        -0.1366, -0.0557,  0.0446,  0.1361,  0.0238,  0.1386,  0.0277,  0.0817,
         0.1134,  0.1182, -0.0792,  0.1300,  0.0857, -0.0661, -0.0675, -0.1186,
         0.0355, -0.1146,  0.0597,  0.0447, -0.1229,  0.0385, -0.0115,  0.0646,
         0.0811, -0.1406,  0.1297,  0.1186,  0.0563, -0.1293, -0.0505, -0.0410,
        -0.0363,  0.0798,  0.0514,  0.1120, -0.0530,  0.0476,  0.0503, -0.1177,
        -0.1372, -0.0734,  0.0968, -0.1331, -0.1231,  0.0792,  0.0763,  0.1163,
        -0.1068, -0.1035,  0.0725,  0.1230,  0.0846,  0.0222,  0.0466,  0.1342,
        -0.0912, -0.0642,  0.0989, -0.0968, -0.0780,  0.1032,  0.0446,  0.0457,
        -0.0599, -0.0020,  0.1294, -0.0849,  0.0011,  0.0673, -0.0976,  0.1373,
        -0.0707, -0.0340, -0.0383, -0.0922, -0.1388,  0.0797,  0.0376, -0.1325,
        -0.0910,  0.1398,  0.0541,  0.0567, -0.0846, -0.0620, -0.0213, -0.0259,
        -0.0969,  0.0117,  0.0141, -0.0179,  0.0196, -0.0561,  0.0368,  0.0533,
        -0.0745, -0.1402,  0.0740,  0.0337, -0.0719,  0.1363, -0.0640,  0.0956,
         0.0717, -0.1186,  0.0912, -0.1300, -0.0783, -0.0236, -0.0953,  0.1382,
        -0.0284,  0.0562, -0.1263,  0.0814, -0.0440, -0.1076,  0.0207,  0.0685,
         0.1224, -0.0864, -0.0696,  0.0272,  0.0384,  0.0544,  0.0776, -0.0321,
         0.0786,  0.1043, -0.0369,  0.1006,  0.0691,  0.1247, -0.0804, -0.0698,
        -0.0409,  0.0072,  0.0849, -0.0807,  0.0708, -0.0507,  0.0854, -0.0067,
        -0.1239, -0.0778, -0.1024,  0.0701, -0.0948, -0.0118,  0.0305, -0.0776,
         0.0408, -0.1381, -0.1012, -0.1281, -0.0428, -0.0515,  0.0203, -0.0262,
         0.0665,  0.1297], device='cuda:0', requires_grad=True)
rank: flatten_data 0 tensor([-7.6220e-02,  7.3904e-02, -1.3385e-01, -5.4702e-02, -2.7552e-02,
        -1.2017e-01, -8.9928e-02, -2.3083e-02,  1.0731e-01,  1.3656e-01,
         8.9981e-02, -8.4446e-02, -9.2521e-02,  1.2342e-01,  5.0023e-02,
         3.7572e-03,  1.9139e-02, -1.1366e-01, -4.7219e-02,  1.3613e-01,
        -3.4879e-02, -7.0943e-03, -1.1743e-01, -7.9112e-02, -2.8878e-03,
        -8.7845e-02, -1.7538e-02,  5.7553e-02, -1.3834e-01,  4.2004e-02,
        -9.3509e-02, -6.9021e-02,  5.4293e-02,  1.1245e-01, -3.8652e-02,
        -5.8063e-02, -1.2788e-01, -7.2925e-02, -1.2383e-01, -3.2367e-02,
         2.8858e-02, -1.3249e-01,  1.2348e-01,  8.8726e-02, -1.3844e-01,
        -6.7548e-02,  4.6125e-02, -2.9056e-02, -1.5412e-02, -6.3854e-02,
         1.1359e-01, -7.9054e-02,  1.1728e-01,  9.1248e-03,  2.8429e-02,
         1.1033e-01, -2.3301e-02, -8.0517e-02, -2.2873e-02,  1.1470e-01,
        -1.0493e-01,  3.2100e-02, -1.3899e-01,  7.4148e-02,  5.2251e-02,
         5.9952e-03,  6.0697e-02,  1.5906e-04,  7.8256e-02, -1.1195e-01,
        -2.0768e-02,  6.2737e-02,  1.4083e-01,  7.2039e-02, -1.0284e-01,
         1.0877e-01, -3.1537e-02, -3.0196e-02, -1.2854e-01, -2.2262e-02,
         1.0003e-01,  1.9720e-02, -8.2371e-02,  4.3531e-02, -4.5346e-02,
         1.2912e-01, -1.2275e-01, -4.4672e-02, -1.3655e-01, -5.5696e-02,
         4.4583e-02,  1.3613e-01,  2.3751e-02,  1.3864e-01,  2.7669e-02,
         8.1676e-02,  1.1337e-01,  1.1822e-01, -7.9157e-02,  1.3002e-01,
         8.5668e-02, -6.6126e-02, -6.7487e-02, -1.1862e-01,  3.5516e-02,
        -1.1463e-01,  5.9740e-02,  4.4661e-02, -1.2287e-01,  3.8537e-02,
        -1.1502e-02,  6.4604e-02,  8.1146e-02, -1.4059e-01,  1.2970e-01,
         1.1860e-01,  5.6269e-02, -1.2925e-01, -5.0519e-02, -4.0985e-02,
        -3.6345e-02,  7.9751e-02,  5.1417e-02,  1.1203e-01, -5.2966e-02,
         4.7594e-02,  5.0317e-02, -1.1775e-01, -1.3718e-01, -7.3382e-02,
         9.6810e-02, -1.3314e-01, -1.2310e-01,  7.9224e-02,  7.6301e-02,
         1.1630e-01, -1.0676e-01, -1.0351e-01,  7.2547e-02,  1.2298e-01,
         8.4618e-02,  2.2154e-02,  4.6609e-02,  1.3423e-01, -9.1246e-02,
        -6.4207e-02,  9.8920e-02, -9.6766e-02, -7.7982e-02,  1.0324e-01,
         4.4622e-02,  4.5689e-02, -5.9940e-02, -1.9517e-03,  1.2943e-01,
        -8.4884e-02,  1.1119e-03,  6.7260e-02, -9.7631e-02,  1.3735e-01,
        -7.0656e-02, -3.3960e-02, -3.8264e-02, -9.2158e-02, -1.3877e-01,
         7.9741e-02,  3.7572e-02, -1.3246e-01, -9.1023e-02,  1.3978e-01,
         5.4056e-02,  5.6745e-02, -8.4612e-02, -6.1999e-02, -2.1348e-02,
        -2.5863e-02, -9.6909e-02,  1.1651e-02,  1.4056e-02, -1.7907e-02,
         1.9606e-02, -5.6052e-02,  3.6805e-02,  5.3336e-02, -7.4492e-02,
        -1.4023e-01,  7.4025e-02,  3.3734e-02, -7.1925e-02,  1.3629e-01,
        -6.3958e-02,  9.5565e-02,  7.1747e-02, -1.1857e-01,  9.1208e-02,
        -1.3003e-01, -7.8350e-02, -2.3577e-02, -9.5325e-02,  1.3816e-01,
        -2.8366e-02,  5.6171e-02, -1.2628e-01,  8.1412e-02, -4.3951e-02,
        -1.0758e-01,  2.0679e-02,  6.8513e-02,  1.2239e-01, -8.6379e-02,
        -6.9594e-02,  2.7190e-02,  3.8362e-02,  5.4373e-02,  7.7623e-02,
        -3.2068e-02,  7.8569e-02,  1.0427e-01, -3.6942e-02,  1.0062e-01,
         6.9096e-02,  1.2474e-01, -8.0366e-02, -6.9835e-02, -4.0890e-02,
         7.1738e-03,  8.4881e-02, -8.0732e-02,  7.0803e-02, -5.0683e-02,
         8.5434e-02, -6.7143e-03, -1.2390e-01, -7.7817e-02, -1.0235e-01,
         7.0140e-02, -9.4830e-02, -1.1783e-02,  3.0512e-02, -7.7555e-02,
         4.0796e-02, -1.3809e-01, -1.0119e-01, -1.2815e-01, -4.2777e-02,
        -5.1519e-02,  2.0251e-02, -2.6151e-02,  6.6480e-02,  1.2965e-01,
         5.0741e-02, -5.5715e-02, -1.3242e-01,  5.1223e-02, -7.0068e-02,
         7.1966e-02,  9.4538e-02,  5.4549e-02,  1.3270e-01,  1.3432e-01,
         2.9945e-02, -1.0304e-01,  1.2635e-01, -6.7104e-02, -6.6801e-02,
         1.1834e-01,  1.0957e-01,  4.2731e-02,  8.8648e-03, -1.1896e-01,
        -1.4680e-02,  1.3564e-01,  3.6014e-02,  1.2108e-02, -2.9366e-02,
        -4.9325e-02,  8.4290e-02,  8.7212e-03,  9.2005e-02, -2.5031e-02,
         6.1788e-02,  5.8374e-02,  2.2552e-02,  8.8865e-02,  8.8621e-02,
         1.3109e-01,  1.0872e-01, -3.6161e-02, -1.1973e-01,  2.5854e-02,
        -1.2344e-03, -3.6886e-02, -2.3682e-02,  6.6514e-03,  1.0319e-01,
         4.4087e-02, -5.0218e-02, -5.8156e-02, -3.5020e-02, -5.4660e-02,
         1.2717e-01,  7.4903e-02,  1.2770e-01,  4.5165e-04,  2.8521e-02,
         4.9040e-02, -1.3386e-01,  1.2628e-02, -9.4597e-03, -7.9288e-02,
        -1.0974e-01,  1.2520e-01,  1.1498e-01,  6.5544e-02,  1.3495e-01,
        -5.7390e-02, -2.4427e-02,  5.3545e-02, -2.3367e-02, -2.7752e-02,
        -1.1689e-01,  3.7994e-02, -8.5465e-02,  5.1430e-03,  1.3788e-01,
        -4.3532e-02, -4.4575e-02,  8.5321e-02, -5.1994e-02, -1.2145e-02,
         1.3205e-01, -5.7979e-02, -1.0117e-01, -7.9146e-02, -3.9208e-02,
        -6.7104e-02, -7.3388e-02,  5.7126e-02,  2.4033e-02, -4.5264e-02,
        -1.0987e-01, -4.4528e-02, -5.9685e-02, -4.6021e-02, -1.2758e-01,
         3.0466e-02, -1.0391e-01, -1.1014e-01, -1.1555e-01,  5.9027e-02,
        -8.5139e-02, -5.8372e-02,  1.1085e-01,  7.5090e-02,  8.1090e-02,
        -1.3428e-01, -1.0141e-01, -5.3388e-02,  1.1683e-01,  1.4467e-02,
        -1.0577e-01,  8.8556e-04, -1.0984e-01, -3.0985e-02, -3.8887e-02,
         1.2242e-01,  4.3803e-02, -2.4660e-02,  2.3890e-02, -4.0823e-02,
         5.5565e-02,  5.5941e-02,  3.7978e-02, -5.5123e-02,  1.2065e-01,
        -2.0417e-02, -5.5058e-02,  8.8574e-02,  1.1527e-01,  1.4074e-01,
         4.1897e-02, -4.8210e-02,  7.1827e-02,  1.2133e-01, -1.3871e-01,
        -1.7520e-02, -9.6444e-02,  2.6355e-02,  5.8490e-02, -2.9216e-02,
        -1.1831e-02,  6.3655e-02, -2.3769e-02, -1.1876e-01,  1.1316e-01,
        -7.1179e-02, -1.5536e-02,  1.3340e-02, -8.4990e-03, -1.3303e-01,
         6.4884e-02, -6.4238e-02, -7.3350e-02,  3.3788e-02, -7.3802e-02,
        -6.5359e-02, -4.7652e-02, -5.3129e-02, -5.9063e-02, -3.8139e-02,
         3.6752e-02, -1.1444e-01, -8.5600e-02,  2.0635e-03,  1.9667e-02,
         7.8106e-02, -9.9341e-02,  4.5141e-02,  8.0382e-02,  7.8526e-02,
        -1.3172e-01, -5.3967e-02, -1.2156e-01, -8.9493e-02,  7.8769e-02,
        -2.1117e-02,  6.0063e-02, -8.3015e-02,  2.1490e-02, -8.5540e-02,
         7.0695e-02, -6.1855e-02, -3.5463e-02, -1.2270e-01,  4.6719e-04,
         1.3428e-01,  6.8643e-02, -7.5454e-02,  1.9019e-03, -1.5507e-02,
        -1.1385e-01,  1.1089e-01,  2.2798e-03,  2.9783e-02, -5.7110e-02,
        -6.6174e-02,  2.3319e-02,  5.2285e-02,  3.1721e-02, -6.8157e-02,
         1.3731e-01, -2.0818e-02, -8.6609e-02, -6.6145e-02,  1.3922e-01,
         6.8109e-06, -1.9197e-02, -5.8854e-02, -3.7073e-02, -1.1911e-01,
        -1.1239e-01,  8.2772e-02,  1.2098e-01,  1.3496e-01, -1.0210e-01,
         7.6490e-02, -8.7535e-02,  8.4366e-02,  1.0204e-01,  1.0944e-01,
         1.0183e-01,  8.8469e-02,  2.7526e-03,  6.4981e-02, -5.0596e-02,
         6.1580e-02, -4.5453e-02, -2.3747e-03, -1.2309e-01, -3.6978e-02,
        -7.4370e-02, -4.7704e-02, -9.0310e-02, -1.2720e-01,  9.2089e-03,
         9.1780e-02,  1.2880e-01,  8.2527e-02, -7.3304e-02, -1.3987e-01,
         5.3643e-02,  7.9240e-02, -1.2141e-01,  5.0712e-02,  1.1957e-01,
         8.5668e-03, -8.5201e-02,  1.1595e-01,  6.0389e-02,  9.3649e-02],
       device='cuda:0')
rank: local_param 1 tensor([ 0.0907,  0.0948, -0.0966,  0.0270, -0.0749, -0.0656,  0.1220,  0.0683,
        -0.0387,  0.0208,  0.0274,  0.0331, -0.0484, -0.0833,  0.0936,  0.0190,
         0.0592, -0.0536,  0.0685,  0.1029,  0.0860,  0.0385,  0.1391, -0.0003,
         0.0301,  0.1344,  0.1374, -0.0597,  0.1274,  0.0522, -0.0158,  0.1235,
        -0.0733,  0.0919,  0.1401, -0.0975, -0.0835, -0.1401, -0.0255, -0.1284,
        -0.0474,  0.0429,  0.1000,  0.0788,  0.0785,  0.0587, -0.0877, -0.1123,
         0.0059,  0.1343,  0.0080, -0.0122, -0.0960, -0.0701, -0.1090,  0.1132,
        -0.0230, -0.1249,  0.0152,  0.0103, -0.0175,  0.0506,  0.0761, -0.1330,
        -0.1083, -0.0068, -0.1311, -0.1285,  0.1249, -0.0108, -0.0699, -0.0485,
        -0.1104,  0.1104, -0.0307, -0.0795, -0.1073,  0.0827, -0.0195, -0.0149,
        -0.0369, -0.0683,  0.0252,  0.1088, -0.0820,  0.0068, -0.1076, -0.0663,
         0.1241,  0.0015,  0.1362, -0.0248, -0.0771, -0.0845,  0.1253, -0.1088,
         0.0742,  0.0352,  0.0417,  0.0798, -0.0370,  0.0875, -0.1127, -0.0498,
         0.1035,  0.0420, -0.0188, -0.0330, -0.0864,  0.0860, -0.0045, -0.0048,
         0.0334,  0.1044, -0.0722, -0.0487,  0.0958,  0.0799, -0.0696, -0.1399,
         0.0262,  0.0744,  0.0338,  0.1003, -0.1122], device='cuda:1',
       requires_grad=True)
rank: flatten_data 1 tensor([-0.1264,  0.0707, -0.1273, -0.0172,  0.0084,  0.1005, -0.0512,  0.0407,
         0.0219,  0.0832,  0.0084,  0.0530, -0.0854, -0.0983,  0.1260, -0.1030,
        -0.0241, -0.0171,  0.1383, -0.0306, -0.1077, -0.0359,  0.0729,  0.0560,
         0.1170, -0.0290,  0.0666, -0.1331,  0.0547,  0.0650,  0.0912, -0.0811,
        -0.0378,  0.0342, -0.1005, -0.1125, -0.1361,  0.0079,  0.0878,  0.0363,
         0.0086,  0.0493, -0.0889,  0.0149, -0.0351, -0.0700,  0.1220, -0.1094,
         0.0207, -0.1243, -0.0048, -0.0628,  0.0465, -0.0794,  0.0905, -0.1148,
         0.0849, -0.1062,  0.0757, -0.0595, -0.0003, -0.0258,  0.0918,  0.0463,
        -0.1246,  0.0130, -0.0976,  0.1057,  0.0232, -0.0364, -0.0721,  0.0490,
        -0.0847,  0.0671,  0.0772,  0.0868,  0.0369, -0.1238,  0.1017, -0.0439,
        -0.0418, -0.0152,  0.1034,  0.1087,  0.0218,  0.0675, -0.1318,  0.0003,
        -0.1251,  0.0481, -0.1008, -0.0504,  0.0989,  0.1352, -0.0849, -0.0785,
         0.0175,  0.0556, -0.0230, -0.0442, -0.0929,  0.0604,  0.1386, -0.0685,
         0.0667,  0.0691,  0.1137, -0.0161,  0.0045,  0.1039,  0.0894,  0.1397,
        -0.0405,  0.0560,  0.0988, -0.0960,  0.0281, -0.0316,  0.0909, -0.0635,
         0.0099,  0.0846, -0.1296, -0.1194, -0.0724,  0.0907,  0.0948, -0.0966,
         0.0270, -0.0749, -0.0656,  0.1220,  0.0683, -0.0387,  0.0208,  0.0274,
         0.0331, -0.0484, -0.0833,  0.0936,  0.0190,  0.0592, -0.0536,  0.0685,
         0.1029,  0.0860,  0.0385,  0.1391, -0.0003,  0.0301,  0.1344,  0.1374,
        -0.0597,  0.1274,  0.0522, -0.0158,  0.1235, -0.0733,  0.0919,  0.1401,
        -0.0975, -0.0835, -0.1401, -0.0255, -0.1284, -0.0474,  0.0429,  0.1000,
         0.0788,  0.0785,  0.0587, -0.0877, -0.1123,  0.0059,  0.1343,  0.0080,
        -0.0122, -0.0960, -0.0701, -0.1090,  0.1132, -0.0230, -0.1249,  0.0152,
         0.0103, -0.0175,  0.0506,  0.0761, -0.1330, -0.1083, -0.0068, -0.1311,
        -0.1285,  0.1249, -0.0108, -0.0699, -0.0485, -0.1104,  0.1104, -0.0307,
        -0.0795, -0.1073,  0.0827, -0.0195, -0.0149, -0.0369, -0.0683,  0.0252,
         0.1088, -0.0820,  0.0068, -0.1076, -0.0663,  0.1241,  0.0015,  0.1362,
        -0.0248, -0.0771, -0.0845,  0.1253, -0.1088,  0.0742,  0.0352,  0.0417,
         0.0798, -0.0370,  0.0875, -0.1127, -0.0498,  0.1035,  0.0420, -0.0188,
        -0.0330, -0.0864,  0.0860, -0.0045, -0.0048,  0.0334,  0.1044, -0.0722,
        -0.0487,  0.0958,  0.0799, -0.0696, -0.1399,  0.0262,  0.0744,  0.0338,
         0.1003, -0.1122], device='cuda:1')
rank: local_param 1 tensor([-0.3130, -0.1222, -0.2426,  0.2595,  0.0911,  0.1310,  0.1000, -0.0055,
         0.2475, -0.2247,  0.0199, -0.2158,  0.0975, -0.1089,  0.0969, -0.0659,
         0.2623, -0.1874, -0.1886, -0.1886,  0.2844,  0.1054,  0.3043, -0.2610,
        -0.3137, -0.2474, -0.2127,  0.1281,  0.1132,  0.2628, -0.1633, -0.2156,
         0.1678, -0.1278,  0.1919, -0.0750,  0.1809, -0.2457, -0.1596,  0.0964,
         0.0669, -0.0806,  0.1885,  0.2150, -0.2293, -0.1688,  0.2896, -0.1067,
        -0.1121, -0.3060], device='cuda:1', requires_grad=True)
rank: flatten_data 1 tensor([ 0.2418,  0.2625, -0.0741,  0.2905, -0.0693,  0.0638, -0.1540,  0.1857,
         0.2788, -0.2320,  0.2749,  0.0592,  0.2336,  0.0428,  0.1525, -0.0446,
         0.2438,  0.0467, -0.1476,  0.0806, -0.1457, -0.0371, -0.1284,  0.2098,
        -0.2496, -0.1458, -0.0893, -0.1901,  0.0298, -0.3123,  0.2856, -0.2686,
         0.2441,  0.0526, -0.1027,  0.1954,  0.0493,  0.2555,  0.0346, -0.0997,
         0.0850, -0.0858,  0.1331,  0.2823,  0.1828, -0.1382,  0.1825,  0.0566,
         0.1606, -0.1927, -0.3130, -0.1222, -0.2426,  0.2595,  0.0911,  0.1310,
         0.1000, -0.0055,  0.2475, -0.2247,  0.0199, -0.2158,  0.0975, -0.1089,
         0.0969, -0.0659,  0.2623, -0.1874, -0.1886, -0.1886,  0.2844,  0.1054,
         0.3043, -0.2610, -0.3137, -0.2474, -0.2127,  0.1281,  0.1132,  0.2628,
        -0.1633, -0.2156,  0.1678, -0.1278,  0.1919, -0.0750,  0.1809, -0.2457,
        -0.1596,  0.0964,  0.0669, -0.0806,  0.1885,  0.2150, -0.2293, -0.1688,
         0.2896, -0.1067, -0.1121, -0.3060], device='cuda:1')
rank: local_param 1 tensor([ 0.0872,  0.1733,  0.2404,  0.1761, -0.3135,  0.0280,  0.1916, -0.0292,
        -0.1863,  0.3015, -0.1183, -0.1800, -0.2851,  0.0141,  0.1401,  0.0700,
         0.0625, -0.2398, -0.2953,  0.0056,  0.2883,  0.1824, -0.1841, -0.0410,
        -0.2331, -0.1526,  0.0573,  0.1722,  0.2620, -0.2903,  0.2114, -0.2230,
         0.1184,  0.2676,  0.0044,  0.2877, -0.2694, -0.1208,  0.1844, -0.0689,
        -0.0647, -0.1318,  0.2180,  0.1551,  0.1013, -0.1777, -0.2567,  0.0342,
         0.0937, -0.1460, -0.0885,  0.2136,  0.0252,  0.0143, -0.0778, -0.2864,
        -0.2973, -0.1512, -0.1607,  0.0985, -0.0921, -0.1237,  0.3015,  0.1101,
         0.2254, -0.1531, -0.1292,  0.1162, -0.2107, -0.2067, -0.0153, -0.1157,
        -0.2371,  0.1876,  0.2543,  0.0513, -0.0551, -0.2929, -0.1152,  0.0805,
         0.1491, -0.0400, -0.1250,  0.1762, -0.2518,  0.1999, -0.1227,  0.0048,
        -0.0625,  0.0383, -0.0956,  0.2299, -0.0082,  0.2468,  0.3040, -0.1541,
        -0.2307,  0.2537,  0.2478, -0.2415, -0.0244, -0.3118, -0.2589,  0.0611,
         0.0841,  0.0670, -0.0861,  0.2917,  0.0452, -0.1866, -0.0179,  0.0759,
         0.1107, -0.2236,  0.1185, -0.1616, -0.2628, -0.1727,  0.3050,  0.2703,
         0.2832,  0.1856,  0.2389, -0.0423, -0.1740,  0.1580, -0.1639, -0.2134,
        -0.1010,  0.0664,  0.1628, -0.1228, -0.1861,  0.0427, -0.1864, -0.2059,
         0.1648, -0.0531,  0.2890,  0.3076,  0.0946,  0.1088,  0.0728,  0.0050,
        -0.0230,  0.0043,  0.1181,  0.2940, -0.0820, -0.1337, -0.0766, -0.1528,
         0.0538,  0.2360,  0.2473,  0.1452, -0.2327, -0.1697, -0.0695, -0.0583,
         0.0260, -0.2903,  0.0984, -0.2412, -0.2001, -0.2629,  0.2755, -0.2994,
         0.2386, -0.0106, -0.0368,  0.1978, -0.0292,  0.1983,  0.2286, -0.2746,
         0.1217,  0.0597,  0.0680,  0.0462,  0.0865, -0.1521, -0.0405,  0.3005,
         0.2125, -0.0119, -0.2974,  0.0139, -0.2153,  0.2572, -0.1920, -0.0228,
        -0.0702,  0.0563,  0.2976,  0.0300,  0.1831,  0.2455,  0.2553, -0.1092,
        -0.0707,  0.1524, -0.0863,  0.1481, -0.0691, -0.2145,  0.1287,  0.0485,
         0.1410,  0.3142,  0.2159,  0.2998,  0.0169, -0.2720, -0.2218, -0.1964,
        -0.2787, -0.1585, -0.2911, -0.2918, -0.1890, -0.3117, -0.1941,  0.1206,
         0.2638, -0.0941, -0.0920,  0.1689, -0.1560, -0.1495,  0.1948, -0.2755,
         0.0387,  0.2793,  0.0542,  0.0860, -0.1842, -0.0044,  0.0174,  0.0776,
         0.1229,  0.2748, -0.2414,  0.0095, -0.1580, -0.2502, -0.0253, -0.2784,
         0.2207,  0.0366], device='cuda:1', requires_grad=True)
rank: flatten_data 1 tensor([-0.1811,  0.0790, -0.0417, -0.2295,  0.0074, -0.2160, -0.2683, -0.1741,
        -0.2768, -0.2014,  0.3161,  0.0597,  0.0974, -0.2949, -0.2077, -0.1053,
         0.0494, -0.2783, -0.1363, -0.1893,  0.0009, -0.1177, -0.0219, -0.2143,
        -0.2171, -0.1845, -0.1082, -0.2496,  0.2651, -0.0628,  0.2721,  0.0985,
        -0.2678,  0.2188, -0.0870, -0.1212, -0.2625, -0.3144,  0.0905, -0.0691,
         0.1231, -0.2595,  0.2348, -0.2321, -0.0546,  0.0661,  0.1633,  0.2553,
         0.2881, -0.2507,  0.0796, -0.1360, -0.0347, -0.2367,  0.2880, -0.2321,
         0.1690,  0.1111,  0.1028, -0.1710,  0.2874,  0.0695,  0.0407, -0.2787,
         0.1327, -0.0474, -0.1449,  0.2716,  0.0705, -0.1750, -0.1601, -0.0151,
         0.1766, -0.0808, -0.1804, -0.1083, -0.2362,  0.1128,  0.2448, -0.2977,
         0.0734,  0.1634,  0.0573, -0.1126,  0.1651,  0.1662,  0.1182, -0.0556,
        -0.0837,  0.0338, -0.0559, -0.0942,  0.2021,  0.2718, -0.0313, -0.0708,
         0.0046, -0.0189,  0.0760,  0.0886, -0.2872, -0.1167,  0.2663,  0.1232,
        -0.0157, -0.1907, -0.1935, -0.2833, -0.1031,  0.1068,  0.2016,  0.1460,
        -0.2795, -0.1902, -0.0499,  0.3059,  0.0457, -0.0819,  0.1308, -0.1204,
        -0.2047,  0.2308, -0.1438, -0.0634, -0.3146,  0.2116,  0.2396,  0.1152,
        -0.2205, -0.3121, -0.2568,  0.2358,  0.1518,  0.2661,  0.1657,  0.0800,
        -0.0031, -0.2405, -0.2709, -0.2958,  0.1295, -0.1553, -0.0636, -0.1820,
        -0.0576, -0.2226, -0.2066,  0.1049, -0.0940,  0.1952, -0.1014, -0.2320,
        -0.0558, -0.1533, -0.0967, -0.3010,  0.1769, -0.2202,  0.1589,  0.1435,
         0.2259, -0.2426,  0.2274, -0.1495,  0.1173,  0.2970, -0.0446, -0.0024,
        -0.0728, -0.2640,  0.1518, -0.3139,  0.1963,  0.2366,  0.2991, -0.0746,
        -0.2598,  0.0711,  0.1747, -0.3147, -0.0718, -0.1896, -0.0277, -0.1557,
        -0.1293, -0.1004, -0.3005,  0.2595,  0.2651, -0.0496, -0.0360, -0.1291,
        -0.2856, -0.3077,  0.1175, -0.1736, -0.2033, -0.0247, -0.1053, -0.1023,
         0.0102, -0.0671, -0.1089, -0.1514, -0.2574,  0.2652, -0.1266,  0.0838,
        -0.1097,  0.0257,  0.2948,  0.1457, -0.2740,  0.1255,  0.3002,  0.0832,
         0.2120,  0.3118, -0.0485,  0.0656, -0.2198, -0.0652,  0.2342,  0.1621,
        -0.2001, -0.2536, -0.2161, -0.3121, -0.2440, -0.0782,  0.2134,  0.0529,
        -0.2405, -0.2537,  0.1573, -0.2352, -0.0389,  0.1517, -0.1464, -0.0345,
        -0.0275, -0.0748, -0.1603, -0.2819, -0.2556, -0.1693,  0.3054, -0.1527,
        -0.2124,  0.0767,  0.0872,  0.1733,  0.2404,  0.1761, -0.3135,  0.0280,
         0.1916, -0.0292, -0.1863,  0.3015, -0.1183, -0.1800, -0.2851,  0.0141,
         0.1401,  0.0700,  0.0625, -0.2398, -0.2953,  0.0056,  0.2883,  0.1824,
        -0.1841, -0.0410, -0.2331, -0.1526,  0.0573,  0.1722,  0.2620, -0.2903,
         0.2114, -0.2230,  0.1184,  0.2676,  0.0044,  0.2877, -0.2694, -0.1208,
         0.1844, -0.0689, -0.0647, -0.1318,  0.2180,  0.1551,  0.1013, -0.1777,
        -0.2567,  0.0342,  0.0937, -0.1460, -0.0885,  0.2136,  0.0252,  0.0143,
        -0.0778, -0.2864, -0.2973, -0.1512, -0.1607,  0.0985, -0.0921, -0.1237,
         0.3015,  0.1101,  0.2254, -0.1531, -0.1292,  0.1162, -0.2107, -0.2067,
        -0.0153, -0.1157, -0.2371,  0.1876,  0.2543,  0.0513, -0.0551, -0.2929,
        -0.1152,  0.0805,  0.1491, -0.0400, -0.1250,  0.1762, -0.2518,  0.1999,
        -0.1227,  0.0048, -0.0625,  0.0383, -0.0956,  0.2299, -0.0082,  0.2468,
         0.3040, -0.1541, -0.2307,  0.2537,  0.2478, -0.2415, -0.0244, -0.3118,
        -0.2589,  0.0611,  0.0841,  0.0670, -0.0861,  0.2917,  0.0452, -0.1866,
        -0.0179,  0.0759,  0.1107, -0.2236,  0.1185, -0.1616, -0.2628, -0.1727,
         0.3050,  0.2703,  0.2832,  0.1856,  0.2389, -0.0423, -0.1740,  0.1580,
        -0.1639, -0.2134, -0.1010,  0.0664,  0.1628, -0.1228, -0.1861,  0.0427,
        -0.1864, -0.2059,  0.1648, -0.0531,  0.2890,  0.3076,  0.0946,  0.1088,
         0.0728,  0.0050, -0.0230,  0.0043,  0.1181,  0.2940, -0.0820, -0.1337,
        -0.0766, -0.1528,  0.0538,  0.2360,  0.2473,  0.1452, -0.2327, -0.1697,
        -0.0695, -0.0583,  0.0260, -0.2903,  0.0984, -0.2412, -0.2001, -0.2629,
         0.2755, -0.2994,  0.2386, -0.0106, -0.0368,  0.1978, -0.0292,  0.1983,
         0.2286, -0.2746,  0.1217,  0.0597,  0.0680,  0.0462,  0.0865, -0.1521,
        -0.0405,  0.3005,  0.2125, -0.0119, -0.2974,  0.0139, -0.2153,  0.2572,
        -0.1920, -0.0228, -0.0702,  0.0563,  0.2976,  0.0300,  0.1831,  0.2455,
         0.2553, -0.1092, -0.0707,  0.1524, -0.0863,  0.1481, -0.0691, -0.2145,
         0.1287,  0.0485,  0.1410,  0.3142,  0.2159,  0.2998,  0.0169, -0.2720,
        -0.2218, -0.1964, -0.2787, -0.1585, -0.2911, -0.2918, -0.1890, -0.3117,
        -0.1941,  0.1206,  0.2638, -0.0941, -0.0920,  0.1689, -0.1560, -0.1495,
         0.1948, -0.2755,  0.0387,  0.2793,  0.0542,  0.0860, -0.1842, -0.0044,
         0.0174,  0.0776,  0.1229,  0.2748, -0.2414,  0.0095, -0.1580, -0.2502,
        -0.0253, -0.2784,  0.2207,  0.0366], device='cuda:1')
rank: local_param 0 tensor([-0.1264,  0.0707, -0.1273, -0.0172,  0.0084,  0.1005, -0.0512,  0.0407,
         0.0219,  0.0832,  0.0084,  0.0530, -0.0854, -0.0983,  0.1260, -0.1030,
        -0.0241, -0.0171,  0.1383, -0.0306, -0.1077, -0.0359,  0.0729,  0.0560,
         0.1170, -0.0290,  0.0666, -0.1331,  0.0547,  0.0650,  0.0912, -0.0811,
        -0.0378,  0.0342, -0.1005, -0.1125, -0.1361,  0.0079,  0.0878,  0.0363,
         0.0086,  0.0493, -0.0889,  0.0149, -0.0351, -0.0700,  0.1220, -0.1094,
         0.0207, -0.1243, -0.0048, -0.0628,  0.0465, -0.0794,  0.0905, -0.1148,
         0.0849, -0.1062,  0.0757, -0.0595, -0.0003, -0.0258,  0.0918,  0.0463,
        -0.1246,  0.0130, -0.0976,  0.1057,  0.0232, -0.0364, -0.0721,  0.0490,
        -0.0847,  0.0671,  0.0772,  0.0868,  0.0369, -0.1238,  0.1017, -0.0439,
        -0.0418, -0.0152,  0.1034,  0.1087,  0.0218,  0.0675, -0.1318,  0.0003,
        -0.1251,  0.0481, -0.1008, -0.0504,  0.0989,  0.1352, -0.0849, -0.0785,
         0.0175,  0.0556, -0.0230, -0.0442, -0.0929,  0.0604,  0.1386, -0.0685,
         0.0667,  0.0691,  0.1137, -0.0161,  0.0045,  0.1039,  0.0894,  0.1397,
        -0.0405,  0.0560,  0.0988, -0.0960,  0.0281, -0.0316,  0.0909, -0.0635,
         0.0099,  0.0846, -0.1296, -0.1194, -0.0724], device='cuda:0',
       requires_grad=True)
rank: flatten_data 0 tensor([-0.1264,  0.0707, -0.1273, -0.0172,  0.0084,  0.1005, -0.0512,  0.0407,
         0.0219,  0.0832,  0.0084,  0.0530, -0.0854, -0.0983,  0.1260, -0.1030,
        -0.0241, -0.0171,  0.1383, -0.0306, -0.1077, -0.0359,  0.0729,  0.0560,
         0.1170, -0.0290,  0.0666, -0.1331,  0.0547,  0.0650,  0.0912, -0.0811,
        -0.0378,  0.0342, -0.1005, -0.1125, -0.1361,  0.0079,  0.0878,  0.0363,
         0.0086,  0.0493, -0.0889,  0.0149, -0.0351, -0.0700,  0.1220, -0.1094,
         0.0207, -0.1243, -0.0048, -0.0628,  0.0465, -0.0794,  0.0905, -0.1148,
         0.0849, -0.1062,  0.0757, -0.0595, -0.0003, -0.0258,  0.0918,  0.0463,
        -0.1246,  0.0130, -0.0976,  0.1057,  0.0232, -0.0364, -0.0721,  0.0490,
        -0.0847,  0.0671,  0.0772,  0.0868,  0.0369, -0.1238,  0.1017, -0.0439,
        -0.0418, -0.0152,  0.1034,  0.1087,  0.0218,  0.0675, -0.1318,  0.0003,
        -0.1251,  0.0481, -0.1008, -0.0504,  0.0989,  0.1352, -0.0849, -0.0785,
         0.0175,  0.0556, -0.0230, -0.0442, -0.0929,  0.0604,  0.1386, -0.0685,
         0.0667,  0.0691,  0.1137, -0.0161,  0.0045,  0.1039,  0.0894,  0.1397,
        -0.0405,  0.0560,  0.0988, -0.0960,  0.0281, -0.0316,  0.0909, -0.0635,
         0.0099,  0.0846, -0.1296, -0.1194, -0.0724,  0.0907,  0.0948, -0.0966,
         0.0270, -0.0749, -0.0656,  0.1220,  0.0683, -0.0387,  0.0208,  0.0274,
         0.0331, -0.0484, -0.0833,  0.0936,  0.0190,  0.0592, -0.0536,  0.0685,
         0.1029,  0.0860,  0.0385,  0.1391, -0.0003,  0.0301,  0.1344,  0.1374,
        -0.0597,  0.1274,  0.0522, -0.0158,  0.1235, -0.0733,  0.0919,  0.1401,
        -0.0975, -0.0835, -0.1401, -0.0255, -0.1284, -0.0474,  0.0429,  0.1000,
         0.0788,  0.0785,  0.0587, -0.0877, -0.1123,  0.0059,  0.1343,  0.0080,
        -0.0122, -0.0960, -0.0701, -0.1090,  0.1132, -0.0230, -0.1249,  0.0152,
         0.0103, -0.0175,  0.0506,  0.0761, -0.1330, -0.1083, -0.0068, -0.1311,
        -0.1285,  0.1249, -0.0108, -0.0699, -0.0485, -0.1104,  0.1104, -0.0307,
        -0.0795, -0.1073,  0.0827, -0.0195, -0.0149, -0.0369, -0.0683,  0.0252,
         0.1088, -0.0820,  0.0068, -0.1076, -0.0663,  0.1241,  0.0015,  0.1362,
        -0.0248, -0.0771, -0.0845,  0.1253, -0.1088,  0.0742,  0.0352,  0.0417,
         0.0798, -0.0370,  0.0875, -0.1127, -0.0498,  0.1035,  0.0420, -0.0188,
        -0.0330, -0.0864,  0.0860, -0.0045, -0.0048,  0.0334,  0.1044, -0.0722,
        -0.0487,  0.0958,  0.0799, -0.0696, -0.1399,  0.0262,  0.0744,  0.0338,
         0.1003, -0.1122], device='cuda:0')
rank: local_param 0 tensor([ 0.2418,  0.2625, -0.0741,  0.2905, -0.0693,  0.0638, -0.1540,  0.1857,
         0.2788, -0.2320,  0.2749,  0.0592,  0.2336,  0.0428,  0.1525, -0.0446,
         0.2438,  0.0467, -0.1476,  0.0806, -0.1457, -0.0371, -0.1284,  0.2098,
        -0.2496, -0.1458, -0.0893, -0.1901,  0.0298, -0.3123,  0.2856, -0.2686,
         0.2441,  0.0526, -0.1027,  0.1954,  0.0493,  0.2555,  0.0346, -0.0997,
         0.0850, -0.0858,  0.1331,  0.2823,  0.1828, -0.1382,  0.1825,  0.0566,
         0.1606, -0.1927], device='cuda:0', requires_grad=True)
rank: flatten_data 0 tensor([ 0.2418,  0.2625, -0.0741,  0.2905, -0.0693,  0.0638, -0.1540,  0.1857,
         0.2788, -0.2320,  0.2749,  0.0592,  0.2336,  0.0428,  0.1525, -0.0446,
         0.2438,  0.0467, -0.1476,  0.0806, -0.1457, -0.0371, -0.1284,  0.2098,
        -0.2496, -0.1458, -0.0893, -0.1901,  0.0298, -0.3123,  0.2856, -0.2686,
         0.2441,  0.0526, -0.1027,  0.1954,  0.0493,  0.2555,  0.0346, -0.0997,
         0.0850, -0.0858,  0.1331,  0.2823,  0.1828, -0.1382,  0.1825,  0.0566,
         0.1606, -0.1927, -0.3130, -0.1222, -0.2426,  0.2595,  0.0911,  0.1310,
         0.1000, -0.0055,  0.2475, -0.2247,  0.0199, -0.2158,  0.0975, -0.1089,
         0.0969, -0.0659,  0.2623, -0.1874, -0.1886, -0.1886,  0.2844,  0.1054,
         0.3043, -0.2610, -0.3137, -0.2474, -0.2127,  0.1281,  0.1132,  0.2628,
        -0.1633, -0.2156,  0.1678, -0.1278,  0.1919, -0.0750,  0.1809, -0.2457,
        -0.1596,  0.0964,  0.0669, -0.0806,  0.1885,  0.2150, -0.2293, -0.1688,
         0.2896, -0.1067, -0.1121, -0.3060], device='cuda:0')
rank: local_param 0 tensor([-0.1811,  0.0790, -0.0417, -0.2295,  0.0074, -0.2160, -0.2683, -0.1741,
        -0.2768, -0.2014,  0.3161,  0.0597,  0.0974, -0.2949, -0.2077, -0.1053,
         0.0494, -0.2783, -0.1363, -0.1893,  0.0009, -0.1177, -0.0219, -0.2143,
        -0.2171, -0.1845, -0.1082, -0.2496,  0.2651, -0.0628,  0.2721,  0.0985,
        -0.2678,  0.2188, -0.0870, -0.1212, -0.2625, -0.3144,  0.0905, -0.0691,
         0.1231, -0.2595,  0.2348, -0.2321, -0.0546,  0.0661,  0.1633,  0.2553,
         0.2881, -0.2507,  0.0796, -0.1360, -0.0347, -0.2367,  0.2880, -0.2321,
         0.1690,  0.1111,  0.1028, -0.1710,  0.2874,  0.0695,  0.0407, -0.2787,
         0.1327, -0.0474, -0.1449,  0.2716,  0.0705, -0.1750, -0.1601, -0.0151,
         0.1766, -0.0808, -0.1804, -0.1083, -0.2362,  0.1128,  0.2448, -0.2977,
         0.0734,  0.1634,  0.0573, -0.1126,  0.1651,  0.1662,  0.1182, -0.0556,
        -0.0837,  0.0338, -0.0559, -0.0942,  0.2021,  0.2718, -0.0313, -0.0708,
         0.0046, -0.0189,  0.0760,  0.0886, -0.2872, -0.1167,  0.2663,  0.1232,
        -0.0157, -0.1907, -0.1935, -0.2833, -0.1031,  0.1068,  0.2016,  0.1460,
        -0.2795, -0.1902, -0.0499,  0.3059,  0.0457, -0.0819,  0.1308, -0.1204,
        -0.2047,  0.2308, -0.1438, -0.0634, -0.3146,  0.2116,  0.2396,  0.1152,
        -0.2205, -0.3121, -0.2568,  0.2358,  0.1518,  0.2661,  0.1657,  0.0800,
        -0.0031, -0.2405, -0.2709, -0.2958,  0.1295, -0.1553, -0.0636, -0.1820,
        -0.0576, -0.2226, -0.2066,  0.1049, -0.0940,  0.1952, -0.1014, -0.2320,
        -0.0558, -0.1533, -0.0967, -0.3010,  0.1769, -0.2202,  0.1589,  0.1435,
         0.2259, -0.2426,  0.2274, -0.1495,  0.1173,  0.2970, -0.0446, -0.0024,
        -0.0728, -0.2640,  0.1518, -0.3139,  0.1963,  0.2366,  0.2991, -0.0746,
        -0.2598,  0.0711,  0.1747, -0.3147, -0.0718, -0.1896, -0.0277, -0.1557,
        -0.1293, -0.1004, -0.3005,  0.2595,  0.2651, -0.0496, -0.0360, -0.1291,
        -0.2856, -0.3077,  0.1175, -0.1736, -0.2033, -0.0247, -0.1053, -0.1023,
         0.0102, -0.0671, -0.1089, -0.1514, -0.2574,  0.2652, -0.1266,  0.0838,
        -0.1097,  0.0257,  0.2948,  0.1457, -0.2740,  0.1255,  0.3002,  0.0832,
         0.2120,  0.3118, -0.0485,  0.0656, -0.2198, -0.0652,  0.2342,  0.1621,
        -0.2001, -0.2536, -0.2161, -0.3121, -0.2440, -0.0782,  0.2134,  0.0529,
        -0.2405, -0.2537,  0.1573, -0.2352, -0.0389,  0.1517, -0.1464, -0.0345,
        -0.0275, -0.0748, -0.1603, -0.2819, -0.2556, -0.1693,  0.3054, -0.1527,
        -0.2124,  0.0767], device='cuda:0', requires_grad=True)
rank: flatten_data 0 tensor([-0.1811,  0.0790, -0.0417, -0.2295,  0.0074, -0.2160, -0.2683, -0.1741,
        -0.2768, -0.2014,  0.3161,  0.0597,  0.0974, -0.2949, -0.2077, -0.1053,
         0.0494, -0.2783, -0.1363, -0.1893,  0.0009, -0.1177, -0.0219, -0.2143,
        -0.2171, -0.1845, -0.1082, -0.2496,  0.2651, -0.0628,  0.2721,  0.0985,
        -0.2678,  0.2188, -0.0870, -0.1212, -0.2625, -0.3144,  0.0905, -0.0691,
         0.1231, -0.2595,  0.2348, -0.2321, -0.0546,  0.0661,  0.1633,  0.2553,
         0.2881, -0.2507,  0.0796, -0.1360, -0.0347, -0.2367,  0.2880, -0.2321,
         0.1690,  0.1111,  0.1028, -0.1710,  0.2874,  0.0695,  0.0407, -0.2787,
         0.1327, -0.0474, -0.1449,  0.2716,  0.0705, -0.1750, -0.1601, -0.0151,
         0.1766, -0.0808, -0.1804, -0.1083, -0.2362,  0.1128,  0.2448, -0.2977,
         0.0734,  0.1634,  0.0573, -0.1126,  0.1651,  0.1662,  0.1182, -0.0556,
        -0.0837,  0.0338, -0.0559, -0.0942,  0.2021,  0.2718, -0.0313, -0.0708,
         0.0046, -0.0189,  0.0760,  0.0886, -0.2872, -0.1167,  0.2663,  0.1232,
        -0.0157, -0.1907, -0.1935, -0.2833, -0.1031,  0.1068,  0.2016,  0.1460,
        -0.2795, -0.1902, -0.0499,  0.3059,  0.0457, -0.0819,  0.1308, -0.1204,
        -0.2047,  0.2308, -0.1438, -0.0634, -0.3146,  0.2116,  0.2396,  0.1152,
        -0.2205, -0.3121, -0.2568,  0.2358,  0.1518,  0.2661,  0.1657,  0.0800,
        -0.0031, -0.2405, -0.2709, -0.2958,  0.1295, -0.1553, -0.0636, -0.1820,
        -0.0576, -0.2226, -0.2066,  0.1049, -0.0940,  0.1952, -0.1014, -0.2320,
        -0.0558, -0.1533, -0.0967, -0.3010,  0.1769, -0.2202,  0.1589,  0.1435,
         0.2259, -0.2426,  0.2274, -0.1495,  0.1173,  0.2970, -0.0446, -0.0024,
        -0.0728, -0.2640,  0.1518, -0.3139,  0.1963,  0.2366,  0.2991, -0.0746,
        -0.2598,  0.0711,  0.1747, -0.3147, -0.0718, -0.1896, -0.0277, -0.1557,
        -0.1293, -0.1004, -0.3005,  0.2595,  0.2651, -0.0496, -0.0360, -0.1291,
        -0.2856, -0.3077,  0.1175, -0.1736, -0.2033, -0.0247, -0.1053, -0.1023,
         0.0102, -0.0671, -0.1089, -0.1514, -0.2574,  0.2652, -0.1266,  0.0838,
        -0.1097,  0.0257,  0.2948,  0.1457, -0.2740,  0.1255,  0.3002,  0.0832,
         0.2120,  0.3118, -0.0485,  0.0656, -0.2198, -0.0652,  0.2342,  0.1621,
        -0.2001, -0.2536, -0.2161, -0.3121, -0.2440, -0.0782,  0.2134,  0.0529,
        -0.2405, -0.2537,  0.1573, -0.2352, -0.0389,  0.1517, -0.1464, -0.0345,
        -0.0275, -0.0748, -0.1603, -0.2819, -0.2556, -0.1693,  0.3054, -0.1527,
        -0.2124,  0.0767,  0.0872,  0.1733,  0.2404,  0.1761, -0.3135,  0.0280,
         0.1916, -0.0292, -0.1863,  0.3015, -0.1183, -0.1800, -0.2851,  0.0141,
         0.1401,  0.0700,  0.0625, -0.2398, -0.2953,  0.0056,  0.2883,  0.1824,
        -0.1841, -0.0410, -0.2331, -0.1526,  0.0573,  0.1722,  0.2620, -0.2903,
         0.2114, -0.2230,  0.1184,  0.2676,  0.0044,  0.2877, -0.2694, -0.1208,
         0.1844, -0.0689, -0.0647, -0.1318,  0.2180,  0.1551,  0.1013, -0.1777,
        -0.2567,  0.0342,  0.0937, -0.1460, -0.0885,  0.2136,  0.0252,  0.0143,
        -0.0778, -0.2864, -0.2973, -0.1512, -0.1607,  0.0985, -0.0921, -0.1237,
         0.3015,  0.1101,  0.2254, -0.1531, -0.1292,  0.1162, -0.2107, -0.2067,
        -0.0153, -0.1157, -0.2371,  0.1876,  0.2543,  0.0513, -0.0551, -0.2929,
        -0.1152,  0.0805,  0.1491, -0.0400, -0.1250,  0.1762, -0.2518,  0.1999,
        -0.1227,  0.0048, -0.0625,  0.0383, -0.0956,  0.2299, -0.0082,  0.2468,
         0.3040, -0.1541, -0.2307,  0.2537,  0.2478, -0.2415, -0.0244, -0.3118,
        -0.2589,  0.0611,  0.0841,  0.0670, -0.0861,  0.2917,  0.0452, -0.1866,
        -0.0179,  0.0759,  0.1107, -0.2236,  0.1185, -0.1616, -0.2628, -0.1727,
         0.3050,  0.2703,  0.2832,  0.1856,  0.2389, -0.0423, -0.1740,  0.1580,
        -0.1639, -0.2134, -0.1010,  0.0664,  0.1628, -0.1228, -0.1861,  0.0427,
        -0.1864, -0.2059,  0.1648, -0.0531,  0.2890,  0.3076,  0.0946,  0.1088,
         0.0728,  0.0050, -0.0230,  0.0043,  0.1181,  0.2940, -0.0820, -0.1337,
        -0.0766, -0.1528,  0.0538,  0.2360,  0.2473,  0.1452, -0.2327, -0.1697,
        -0.0695, -0.0583,  0.0260, -0.2903,  0.0984, -0.2412, -0.2001, -0.2629,
         0.2755, -0.2994,  0.2386, -0.0106, -0.0368,  0.1978, -0.0292,  0.1983,
         0.2286, -0.2746,  0.1217,  0.0597,  0.0680,  0.0462,  0.0865, -0.1521,
        -0.0405,  0.3005,  0.2125, -0.0119, -0.2974,  0.0139, -0.2153,  0.2572,
        -0.1920, -0.0228, -0.0702,  0.0563,  0.2976,  0.0300,  0.1831,  0.2455,
         0.2553, -0.1092, -0.0707,  0.1524, -0.0863,  0.1481, -0.0691, -0.2145,
         0.1287,  0.0485,  0.1410,  0.3142,  0.2159,  0.2998,  0.0169, -0.2720,
        -0.2218, -0.1964, -0.2787, -0.1585, -0.2911, -0.2918, -0.1890, -0.3117,
        -0.1941,  0.1206,  0.2638, -0.0941, -0.0920,  0.1689, -0.1560, -0.1495,
         0.1948, -0.2755,  0.0387,  0.2793,  0.0542,  0.0860, -0.1842, -0.0044,
         0.0174,  0.0776,  0.1229,  0.2748, -0.2414,  0.0095, -0.1580, -0.2502,
        -0.0253, -0.2784,  0.2207,  0.0366], device='cuda:0')
rank: local_param 1 tensor([ 5.0741e-02, -5.5715e-02, -1.3242e-01,  5.1223e-02, -7.0068e-02,
         7.1966e-02,  9.4538e-02,  5.4549e-02,  1.3270e-01,  1.3432e-01,
         2.9945e-02, -1.0304e-01,  1.2635e-01, -6.7104e-02, -6.6801e-02,
         1.1834e-01,  1.0957e-01,  4.2731e-02,  8.8648e-03, -1.1896e-01,
        -1.4680e-02,  1.3564e-01,  3.6014e-02,  1.2108e-02, -2.9366e-02,
        -4.9325e-02,  8.4290e-02,  8.7212e-03,  9.2005e-02, -2.5031e-02,
         6.1788e-02,  5.8374e-02,  2.2552e-02,  8.8865e-02,  8.8621e-02,
         1.3109e-01,  1.0872e-01, -3.6161e-02, -1.1973e-01,  2.5854e-02,
        -1.2344e-03, -3.6886e-02, -2.3682e-02,  6.6514e-03,  1.0319e-01,
         4.4087e-02, -5.0218e-02, -5.8156e-02, -3.5020e-02, -5.4660e-02,
         1.2717e-01,  7.4903e-02,  1.2770e-01,  4.5165e-04,  2.8521e-02,
         4.9040e-02, -1.3386e-01,  1.2628e-02, -9.4597e-03, -7.9288e-02,
        -1.0974e-01,  1.2520e-01,  1.1498e-01,  6.5544e-02,  1.3495e-01,
        -5.7390e-02, -2.4427e-02,  5.3545e-02, -2.3367e-02, -2.7752e-02,
        -1.1689e-01,  3.7994e-02, -8.5465e-02,  5.1430e-03,  1.3788e-01,
        -4.3532e-02, -4.4575e-02,  8.5321e-02, -5.1994e-02, -1.2145e-02,
         1.3205e-01, -5.7979e-02, -1.0117e-01, -7.9146e-02, -3.9208e-02,
        -6.7104e-02, -7.3388e-02,  5.7126e-02,  2.4033e-02, -4.5264e-02,
        -1.0987e-01, -4.4528e-02, -5.9685e-02, -4.6021e-02, -1.2758e-01,
         3.0466e-02, -1.0391e-01, -1.1014e-01, -1.1555e-01,  5.9027e-02,
        -8.5139e-02, -5.8372e-02,  1.1085e-01,  7.5090e-02,  8.1090e-02,
        -1.3428e-01, -1.0141e-01, -5.3388e-02,  1.1683e-01,  1.4467e-02,
        -1.0577e-01,  8.8556e-04, -1.0984e-01, -3.0985e-02, -3.8887e-02,
         1.2242e-01,  4.3803e-02, -2.4660e-02,  2.3890e-02, -4.0823e-02,
         5.5565e-02,  5.5941e-02,  3.7978e-02, -5.5123e-02,  1.2065e-01,
        -2.0417e-02, -5.5058e-02,  8.8574e-02,  1.1527e-01,  1.4074e-01,
         4.1897e-02, -4.8210e-02,  7.1827e-02,  1.2133e-01, -1.3871e-01,
        -1.7520e-02, -9.6444e-02,  2.6355e-02,  5.8490e-02, -2.9216e-02,
        -1.1831e-02,  6.3655e-02, -2.3769e-02, -1.1876e-01,  1.1316e-01,
        -7.1179e-02, -1.5536e-02,  1.3340e-02, -8.4990e-03, -1.3303e-01,
         6.4884e-02, -6.4238e-02, -7.3350e-02,  3.3788e-02, -7.3802e-02,
        -6.5359e-02, -4.7652e-02, -5.3129e-02, -5.9063e-02, -3.8139e-02,
         3.6752e-02, -1.1444e-01, -8.5600e-02,  2.0635e-03,  1.9667e-02,
         7.8106e-02, -9.9341e-02,  4.5141e-02,  8.0382e-02,  7.8526e-02,
        -1.3172e-01, -5.3967e-02, -1.2156e-01, -8.9493e-02,  7.8769e-02,
        -2.1117e-02,  6.0063e-02, -8.3015e-02,  2.1490e-02, -8.5540e-02,
         7.0695e-02, -6.1855e-02, -3.5463e-02, -1.2270e-01,  4.6719e-04,
         1.3428e-01,  6.8643e-02, -7.5454e-02,  1.9019e-03, -1.5507e-02,
        -1.1385e-01,  1.1089e-01,  2.2798e-03,  2.9783e-02, -5.7110e-02,
        -6.6174e-02,  2.3319e-02,  5.2285e-02,  3.1721e-02, -6.8157e-02,
         1.3731e-01, -2.0818e-02, -8.6609e-02, -6.6145e-02,  1.3922e-01,
         6.8109e-06, -1.9197e-02, -5.8854e-02, -3.7073e-02, -1.1911e-01,
        -1.1239e-01,  8.2772e-02,  1.2098e-01,  1.3496e-01, -1.0210e-01,
         7.6490e-02, -8.7535e-02,  8.4366e-02,  1.0204e-01,  1.0944e-01,
         1.0183e-01,  8.8469e-02,  2.7526e-03,  6.4981e-02, -5.0596e-02,
         6.1580e-02, -4.5453e-02, -2.3747e-03, -1.2309e-01, -3.6978e-02,
        -7.4370e-02, -4.7704e-02, -9.0310e-02, -1.2720e-01,  9.2089e-03,
         9.1780e-02,  1.2880e-01,  8.2527e-02, -7.3304e-02, -1.3987e-01,
         5.3643e-02,  7.9240e-02, -1.2141e-01,  5.0712e-02,  1.1957e-01,
         8.5668e-03, -8.5201e-02,  1.1595e-01,  6.0389e-02,  9.3649e-02],
       device='cuda:1', requires_grad=True)
rank: flatten_data 1 tensor([-7.6220e-02,  7.3904e-02, -1.3385e-01, -5.4702e-02, -2.7552e-02,
        -1.2017e-01, -8.9928e-02, -2.3083e-02,  1.0731e-01,  1.3656e-01,
         8.9981e-02, -8.4446e-02, -9.2521e-02,  1.2342e-01,  5.0023e-02,
         3.7572e-03,  1.9139e-02, -1.1366e-01, -4.7219e-02,  1.3613e-01,
        -3.4879e-02, -7.0943e-03, -1.1743e-01, -7.9112e-02, -2.8878e-03,
        -8.7845e-02, -1.7538e-02,  5.7553e-02, -1.3834e-01,  4.2004e-02,
        -9.3509e-02, -6.9021e-02,  5.4293e-02,  1.1245e-01, -3.8652e-02,
        -5.8063e-02, -1.2788e-01, -7.2925e-02, -1.2383e-01, -3.2367e-02,
         2.8858e-02, -1.3249e-01,  1.2348e-01,  8.8726e-02, -1.3844e-01,
        -6.7548e-02,  4.6125e-02, -2.9056e-02, -1.5412e-02, -6.3854e-02,
         1.1359e-01, -7.9054e-02,  1.1728e-01,  9.1248e-03,  2.8429e-02,
         1.1033e-01, -2.3301e-02, -8.0517e-02, -2.2873e-02,  1.1470e-01,
        -1.0493e-01,  3.2100e-02, -1.3899e-01,  7.4148e-02,  5.2251e-02,
         5.9952e-03,  6.0697e-02,  1.5906e-04,  7.8256e-02, -1.1195e-01,
        -2.0768e-02,  6.2737e-02,  1.4083e-01,  7.2039e-02, -1.0284e-01,
         1.0877e-01, -3.1537e-02, -3.0196e-02, -1.2854e-01, -2.2262e-02,
         1.0003e-01,  1.9720e-02, -8.2371e-02,  4.3531e-02, -4.5346e-02,
         1.2912e-01, -1.2275e-01, -4.4672e-02, -1.3655e-01, -5.5696e-02,
         4.4583e-02,  1.3613e-01,  2.3751e-02,  1.3864e-01,  2.7669e-02,
         8.1676e-02,  1.1337e-01,  1.1822e-01, -7.9157e-02,  1.3002e-01,
         8.5668e-02, -6.6126e-02, -6.7487e-02, -1.1862e-01,  3.5516e-02,
        -1.1463e-01,  5.9740e-02,  4.4661e-02, -1.2287e-01,  3.8537e-02,
        -1.1502e-02,  6.4604e-02,  8.1146e-02, -1.4059e-01,  1.2970e-01,
         1.1860e-01,  5.6269e-02, -1.2925e-01, -5.0519e-02, -4.0985e-02,
        -3.6345e-02,  7.9751e-02,  5.1417e-02,  1.1203e-01, -5.2966e-02,
         4.7594e-02,  5.0317e-02, -1.1775e-01, -1.3718e-01, -7.3382e-02,
         9.6810e-02, -1.3314e-01, -1.2310e-01,  7.9224e-02,  7.6301e-02,
         1.1630e-01, -1.0676e-01, -1.0351e-01,  7.2547e-02,  1.2298e-01,
         8.4618e-02,  2.2154e-02,  4.6609e-02,  1.3423e-01, -9.1246e-02,
        -6.4207e-02,  9.8920e-02, -9.6766e-02, -7.7982e-02,  1.0324e-01,
         4.4622e-02,  4.5689e-02, -5.9940e-02, -1.9517e-03,  1.2943e-01,
        -8.4884e-02,  1.1119e-03,  6.7260e-02, -9.7631e-02,  1.3735e-01,
        -7.0656e-02, -3.3960e-02, -3.8264e-02, -9.2158e-02, -1.3877e-01,
         7.9741e-02,  3.7572e-02, -1.3246e-01, -9.1023e-02,  1.3978e-01,
         5.4056e-02,  5.6745e-02, -8.4612e-02, -6.1999e-02, -2.1348e-02,
        -2.5863e-02, -9.6909e-02,  1.1651e-02,  1.4056e-02, -1.7907e-02,
         1.9606e-02, -5.6052e-02,  3.6805e-02,  5.3336e-02, -7.4492e-02,
        -1.4023e-01,  7.4025e-02,  3.3734e-02, -7.1925e-02,  1.3629e-01,
        -6.3958e-02,  9.5565e-02,  7.1747e-02, -1.1857e-01,  9.1208e-02,
        -1.3003e-01, -7.8350e-02, -2.3577e-02, -9.5325e-02,  1.3816e-01,
        -2.8366e-02,  5.6171e-02, -1.2628e-01,  8.1412e-02, -4.3951e-02,
        -1.0758e-01,  2.0679e-02,  6.8513e-02,  1.2239e-01, -8.6379e-02,
        -6.9594e-02,  2.7190e-02,  3.8362e-02,  5.4373e-02,  7.7623e-02,
        -3.2068e-02,  7.8569e-02,  1.0427e-01, -3.6942e-02,  1.0062e-01,
         6.9096e-02,  1.2474e-01, -8.0366e-02, -6.9835e-02, -4.0890e-02,
         7.1738e-03,  8.4881e-02, -8.0732e-02,  7.0803e-02, -5.0683e-02,
         8.5434e-02, -6.7143e-03, -1.2390e-01, -7.7817e-02, -1.0235e-01,
         7.0140e-02, -9.4830e-02, -1.1783e-02,  3.0512e-02, -7.7555e-02,
         4.0796e-02, -1.3809e-01, -1.0119e-01, -1.2815e-01, -4.2777e-02,
        -5.1519e-02,  2.0251e-02, -2.6151e-02,  6.6480e-02,  1.2965e-01,
         5.0741e-02, -5.5715e-02, -1.3242e-01,  5.1223e-02, -7.0068e-02,
         7.1966e-02,  9.4538e-02,  5.4549e-02,  1.3270e-01,  1.3432e-01,
         2.9945e-02, -1.0304e-01,  1.2635e-01, -6.7104e-02, -6.6801e-02,
         1.1834e-01,  1.0957e-01,  4.2731e-02,  8.8648e-03, -1.1896e-01,
        -1.4680e-02,  1.3564e-01,  3.6014e-02,  1.2108e-02, -2.9366e-02,
        -4.9325e-02,  8.4290e-02,  8.7212e-03,  9.2005e-02, -2.5031e-02,
         6.1788e-02,  5.8374e-02,  2.2552e-02,  8.8865e-02,  8.8621e-02,
         1.3109e-01,  1.0872e-01, -3.6161e-02, -1.1973e-01,  2.5854e-02,
        -1.2344e-03, -3.6886e-02, -2.3682e-02,  6.6514e-03,  1.0319e-01,
         4.4087e-02, -5.0218e-02, -5.8156e-02, -3.5020e-02, -5.4660e-02,
         1.2717e-01,  7.4903e-02,  1.2770e-01,  4.5165e-04,  2.8521e-02,
         4.9040e-02, -1.3386e-01,  1.2628e-02, -9.4597e-03, -7.9288e-02,
        -1.0974e-01,  1.2520e-01,  1.1498e-01,  6.5544e-02,  1.3495e-01,
        -5.7390e-02, -2.4427e-02,  5.3545e-02, -2.3367e-02, -2.7752e-02,
        -1.1689e-01,  3.7994e-02, -8.5465e-02,  5.1430e-03,  1.3788e-01,
        -4.3532e-02, -4.4575e-02,  8.5321e-02, -5.1994e-02, -1.2145e-02,
         1.3205e-01, -5.7979e-02, -1.0117e-01, -7.9146e-02, -3.9208e-02,
        -6.7104e-02, -7.3388e-02,  5.7126e-02,  2.4033e-02, -4.5264e-02,
        -1.0987e-01, -4.4528e-02, -5.9685e-02, -4.6021e-02, -1.2758e-01,
         3.0466e-02, -1.0391e-01, -1.1014e-01, -1.1555e-01,  5.9027e-02,
        -8.5139e-02, -5.8372e-02,  1.1085e-01,  7.5090e-02,  8.1090e-02,
        -1.3428e-01, -1.0141e-01, -5.3388e-02,  1.1683e-01,  1.4467e-02,
        -1.0577e-01,  8.8556e-04, -1.0984e-01, -3.0985e-02, -3.8887e-02,
         1.2242e-01,  4.3803e-02, -2.4660e-02,  2.3890e-02, -4.0823e-02,
         5.5565e-02,  5.5941e-02,  3.7978e-02, -5.5123e-02,  1.2065e-01,
        -2.0417e-02, -5.5058e-02,  8.8574e-02,  1.1527e-01,  1.4074e-01,
         4.1897e-02, -4.8210e-02,  7.1827e-02,  1.2133e-01, -1.3871e-01,
        -1.7520e-02, -9.6444e-02,  2.6355e-02,  5.8490e-02, -2.9216e-02,
        -1.1831e-02,  6.3655e-02, -2.3769e-02, -1.1876e-01,  1.1316e-01,
        -7.1179e-02, -1.5536e-02,  1.3340e-02, -8.4990e-03, -1.3303e-01,
         6.4884e-02, -6.4238e-02, -7.3350e-02,  3.3788e-02, -7.3802e-02,
        -6.5359e-02, -4.7652e-02, -5.3129e-02, -5.9063e-02, -3.8139e-02,
         3.6752e-02, -1.1444e-01, -8.5600e-02,  2.0635e-03,  1.9667e-02,
         7.8106e-02, -9.9341e-02,  4.5141e-02,  8.0382e-02,  7.8526e-02,
        -1.3172e-01, -5.3967e-02, -1.2156e-01, -8.9493e-02,  7.8769e-02,
        -2.1117e-02,  6.0063e-02, -8.3015e-02,  2.1490e-02, -8.5540e-02,
         7.0695e-02, -6.1855e-02, -3.5463e-02, -1.2270e-01,  4.6719e-04,
         1.3428e-01,  6.8643e-02, -7.5454e-02,  1.9019e-03, -1.5507e-02,
        -1.1385e-01,  1.1089e-01,  2.2798e-03,  2.9783e-02, -5.7110e-02,
        -6.6174e-02,  2.3319e-02,  5.2285e-02,  3.1721e-02, -6.8157e-02,
         1.3731e-01, -2.0818e-02, -8.6609e-02, -6.6145e-02,  1.3922e-01,
         6.8109e-06, -1.9197e-02, -5.8854e-02, -3.7073e-02, -1.1911e-01,
        -1.1239e-01,  8.2772e-02,  1.2098e-01,  1.3496e-01, -1.0210e-01,
         7.6490e-02, -8.7535e-02,  8.4366e-02,  1.0204e-01,  1.0944e-01,
         1.0183e-01,  8.8469e-02,  2.7526e-03,  6.4981e-02, -5.0596e-02,
         6.1580e-02, -4.5453e-02, -2.3747e-03, -1.2309e-01, -3.6978e-02,
        -7.4370e-02, -4.7704e-02, -9.0310e-02, -1.2720e-01,  9.2089e-03,
         9.1780e-02,  1.2880e-01,  8.2527e-02, -7.3304e-02, -1.3987e-01,
         5.3643e-02,  7.9240e-02, -1.2141e-01,  5.0712e-02,  1.1957e-01,
         8.5668e-03, -8.5201e-02,  1.1595e-01,  6.0389e-02,  9.3649e-02],
       device='cuda:1')
rank: local_param 0 tensor([-0.0762,  0.0739, -0.1338, -0.0547, -0.0276, -0.1202, -0.0899, -0.0231,
         0.1073,  0.1366,  0.0900, -0.0844, -0.0925,  0.1234,  0.0500,  0.0038,
         0.0191, -0.1137, -0.0472,  0.1361, -0.0349, -0.0071, -0.1174, -0.0791,
        -0.0029, -0.0878, -0.0175,  0.0576, -0.1383,  0.0420, -0.0935, -0.0690,
         0.0543,  0.1124, -0.0387, -0.0581, -0.1279, -0.0729, -0.1238, -0.0324,
         0.0289, -0.1325,  0.1235,  0.0887, -0.1384, -0.0675,  0.0461, -0.0291,
        -0.0154, -0.0639,  0.1136, -0.0791,  0.1173,  0.0091,  0.0284,  0.1103,
        -0.0233, -0.0805, -0.0229,  0.1147, -0.1049,  0.0321, -0.1390,  0.0741,
         0.0523,  0.0060,  0.0607,  0.0002,  0.0783, -0.1120, -0.0208,  0.0627,
         0.1408,  0.0720, -0.1028,  0.1088, -0.0315, -0.0302, -0.1285, -0.0223,
         0.1000,  0.0197, -0.0824,  0.0435, -0.0453,  0.1291, -0.1227, -0.0447,
        -0.1366, -0.0557,  0.0446,  0.1361,  0.0238,  0.1386,  0.0277,  0.0817,
         0.1134,  0.1182, -0.0792,  0.1300,  0.0857, -0.0661, -0.0675, -0.1186,
         0.0355, -0.1146,  0.0597,  0.0447, -0.1229,  0.0385, -0.0115,  0.0646,
         0.0811, -0.1406,  0.1297,  0.1186,  0.0563, -0.1293, -0.0505, -0.0410,
        -0.0363,  0.0798,  0.0514,  0.1120, -0.0530,  0.0476,  0.0503, -0.1177,
        -0.1372, -0.0734,  0.0968, -0.1331, -0.1231,  0.0792,  0.0763,  0.1163,
        -0.1068, -0.1035,  0.0725,  0.1230,  0.0846,  0.0222,  0.0466,  0.1342,
        -0.0912, -0.0642,  0.0989, -0.0968, -0.0780,  0.1032,  0.0446,  0.0457,
        -0.0599, -0.0020,  0.1294, -0.0849,  0.0011,  0.0673, -0.0976,  0.1373,
        -0.0707, -0.0340, -0.0383, -0.0922, -0.1388,  0.0797,  0.0376, -0.1325,
        -0.0910,  0.1398,  0.0541,  0.0567, -0.0846, -0.0620, -0.0213, -0.0259,
        -0.0969,  0.0117,  0.0141, -0.0179,  0.0196, -0.0561,  0.0368,  0.0533,
        -0.0745, -0.1402,  0.0740,  0.0337, -0.0719,  0.1363, -0.0640,  0.0956,
         0.0717, -0.1186,  0.0912, -0.1300, -0.0783, -0.0236, -0.0953,  0.1382,
        -0.0284,  0.0562, -0.1263,  0.0814, -0.0440, -0.1076,  0.0207,  0.0685,
         0.1224, -0.0864, -0.0696,  0.0272,  0.0384,  0.0544,  0.0776, -0.0321,
         0.0786,  0.1043, -0.0369,  0.1006,  0.0691,  0.1247, -0.0804, -0.0698,
        -0.0409,  0.0072,  0.0849, -0.0807,  0.0708, -0.0507,  0.0854, -0.0067,
        -0.1239, -0.0778, -0.1024,  0.0701, -0.0948, -0.0118,  0.0305, -0.0776,
         0.0408, -0.1381, -0.1012, -0.1281, -0.0428, -0.0515,  0.0203, -0.0262,
         0.0665,  0.1297], device='cuda:0', requires_grad=True)
rank: flatten_data 0 tensor([-7.6220e-02,  7.3904e-02, -1.3385e-01, -5.4702e-02, -2.7552e-02,
        -1.2017e-01, -8.9928e-02, -2.3083e-02,  1.0731e-01,  1.3656e-01,
         8.9981e-02, -8.4446e-02, -9.2521e-02,  1.2342e-01,  5.0023e-02,
         3.7572e-03,  1.9139e-02, -1.1366e-01, -4.7219e-02,  1.3613e-01,
        -3.4879e-02, -7.0943e-03, -1.1743e-01, -7.9112e-02, -2.8878e-03,
        -8.7845e-02, -1.7538e-02,  5.7553e-02, -1.3834e-01,  4.2004e-02,
        -9.3509e-02, -6.9021e-02,  5.4293e-02,  1.1245e-01, -3.8652e-02,
        -5.8063e-02, -1.2788e-01, -7.2925e-02, -1.2383e-01, -3.2367e-02,
         2.8858e-02, -1.3249e-01,  1.2348e-01,  8.8726e-02, -1.3844e-01,
        -6.7548e-02,  4.6125e-02, -2.9056e-02, -1.5412e-02, -6.3854e-02,
         1.1359e-01, -7.9054e-02,  1.1728e-01,  9.1248e-03,  2.8429e-02,
         1.1033e-01, -2.3301e-02, -8.0517e-02, -2.2873e-02,  1.1470e-01,
        -1.0493e-01,  3.2100e-02, -1.3899e-01,  7.4148e-02,  5.2251e-02,
         5.9952e-03,  6.0697e-02,  1.5906e-04,  7.8256e-02, -1.1195e-01,
        -2.0768e-02,  6.2737e-02,  1.4083e-01,  7.2039e-02, -1.0284e-01,
         1.0877e-01, -3.1537e-02, -3.0196e-02, -1.2854e-01, -2.2262e-02,
         1.0003e-01,  1.9720e-02, -8.2371e-02,  4.3531e-02, -4.5346e-02,
         1.2912e-01, -1.2275e-01, -4.4672e-02, -1.3655e-01, -5.5696e-02,
         4.4583e-02,  1.3613e-01,  2.3751e-02,  1.3864e-01,  2.7669e-02,
         8.1676e-02,  1.1337e-01,  1.1822e-01, -7.9157e-02,  1.3002e-01,
         8.5668e-02, -6.6126e-02, -6.7487e-02, -1.1862e-01,  3.5516e-02,
        -1.1463e-01,  5.9740e-02,  4.4661e-02, -1.2287e-01,  3.8537e-02,
        -1.1502e-02,  6.4604e-02,  8.1146e-02, -1.4059e-01,  1.2970e-01,
         1.1860e-01,  5.6269e-02, -1.2925e-01, -5.0519e-02, -4.0985e-02,
        -3.6345e-02,  7.9751e-02,  5.1417e-02,  1.1203e-01, -5.2966e-02,
         4.7594e-02,  5.0317e-02, -1.1775e-01, -1.3718e-01, -7.3382e-02,
         9.6810e-02, -1.3314e-01, -1.2310e-01,  7.9224e-02,  7.6301e-02,
         1.1630e-01, -1.0676e-01, -1.0351e-01,  7.2547e-02,  1.2298e-01,
         8.4618e-02,  2.2154e-02,  4.6609e-02,  1.3423e-01, -9.1246e-02,
        -6.4207e-02,  9.8920e-02, -9.6766e-02, -7.7982e-02,  1.0324e-01,
         4.4622e-02,  4.5689e-02, -5.9940e-02, -1.9517e-03,  1.2943e-01,
        -8.4884e-02,  1.1119e-03,  6.7260e-02, -9.7631e-02,  1.3735e-01,
        -7.0656e-02, -3.3960e-02, -3.8264e-02, -9.2158e-02, -1.3877e-01,
         7.9741e-02,  3.7572e-02, -1.3246e-01, -9.1023e-02,  1.3978e-01,
         5.4056e-02,  5.6745e-02, -8.4612e-02, -6.1999e-02, -2.1348e-02,
        -2.5863e-02, -9.6909e-02,  1.1651e-02,  1.4056e-02, -1.7907e-02,
         1.9606e-02, -5.6052e-02,  3.6805e-02,  5.3336e-02, -7.4492e-02,
        -1.4023e-01,  7.4025e-02,  3.3734e-02, -7.1925e-02,  1.3629e-01,
        -6.3958e-02,  9.5565e-02,  7.1747e-02, -1.1857e-01,  9.1208e-02,
        -1.3003e-01, -7.8350e-02, -2.3577e-02, -9.5325e-02,  1.3816e-01,
        -2.8366e-02,  5.6171e-02, -1.2628e-01,  8.1412e-02, -4.3951e-02,
        -1.0758e-01,  2.0679e-02,  6.8513e-02,  1.2239e-01, -8.6379e-02,
        -6.9594e-02,  2.7190e-02,  3.8362e-02,  5.4373e-02,  7.7623e-02,
        -3.2068e-02,  7.8569e-02,  1.0427e-01, -3.6942e-02,  1.0062e-01,
         6.9096e-02,  1.2474e-01, -8.0366e-02, -6.9835e-02, -4.0890e-02,
         7.1738e-03,  8.4881e-02, -8.0732e-02,  7.0803e-02, -5.0683e-02,
         8.5434e-02, -6.7143e-03, -1.2390e-01, -7.7817e-02, -1.0235e-01,
         7.0140e-02, -9.4830e-02, -1.1783e-02,  3.0512e-02, -7.7555e-02,
         4.0796e-02, -1.3809e-01, -1.0119e-01, -1.2815e-01, -4.2777e-02,
        -5.1519e-02,  2.0251e-02, -2.6151e-02,  6.6480e-02,  1.2965e-01,
         5.0741e-02, -5.5715e-02, -1.3242e-01,  5.1223e-02, -7.0068e-02,
         7.1966e-02,  9.4538e-02,  5.4549e-02,  1.3270e-01,  1.3432e-01,
         2.9945e-02, -1.0304e-01,  1.2635e-01, -6.7104e-02, -6.6801e-02,
         1.1834e-01,  1.0957e-01,  4.2731e-02,  8.8648e-03, -1.1896e-01,
        -1.4680e-02,  1.3564e-01,  3.6014e-02,  1.2108e-02, -2.9366e-02,
        -4.9325e-02,  8.4290e-02,  8.7212e-03,  9.2005e-02, -2.5031e-02,
         6.1788e-02,  5.8374e-02,  2.2552e-02,  8.8865e-02,  8.8621e-02,
         1.3109e-01,  1.0872e-01, -3.6161e-02, -1.1973e-01,  2.5854e-02,
        -1.2344e-03, -3.6886e-02, -2.3682e-02,  6.6514e-03,  1.0319e-01,
         4.4087e-02, -5.0218e-02, -5.8156e-02, -3.5020e-02, -5.4660e-02,
         1.2717e-01,  7.4903e-02,  1.2770e-01,  4.5165e-04,  2.8521e-02,
         4.9040e-02, -1.3386e-01,  1.2628e-02, -9.4597e-03, -7.9288e-02,
        -1.0974e-01,  1.2520e-01,  1.1498e-01,  6.5544e-02,  1.3495e-01,
        -5.7390e-02, -2.4427e-02,  5.3545e-02, -2.3367e-02, -2.7752e-02,
        -1.1689e-01,  3.7994e-02, -8.5465e-02,  5.1430e-03,  1.3788e-01,
        -4.3532e-02, -4.4575e-02,  8.5321e-02, -5.1994e-02, -1.2145e-02,
         1.3205e-01, -5.7979e-02, -1.0117e-01, -7.9146e-02, -3.9208e-02,
        -6.7104e-02, -7.3388e-02,  5.7126e-02,  2.4033e-02, -4.5264e-02,
        -1.0987e-01, -4.4528e-02, -5.9685e-02, -4.6021e-02, -1.2758e-01,
         3.0466e-02, -1.0391e-01, -1.1014e-01, -1.1555e-01,  5.9027e-02,
        -8.5139e-02, -5.8372e-02,  1.1085e-01,  7.5090e-02,  8.1090e-02,
        -1.3428e-01, -1.0141e-01, -5.3388e-02,  1.1683e-01,  1.4467e-02,
        -1.0577e-01,  8.8556e-04, -1.0984e-01, -3.0985e-02, -3.8887e-02,
         1.2242e-01,  4.3803e-02, -2.4660e-02,  2.3890e-02, -4.0823e-02,
         5.5565e-02,  5.5941e-02,  3.7978e-02, -5.5123e-02,  1.2065e-01,
        -2.0417e-02, -5.5058e-02,  8.8574e-02,  1.1527e-01,  1.4074e-01,
         4.1897e-02, -4.8210e-02,  7.1827e-02,  1.2133e-01, -1.3871e-01,
        -1.7520e-02, -9.6444e-02,  2.6355e-02,  5.8490e-02, -2.9216e-02,
        -1.1831e-02,  6.3655e-02, -2.3769e-02, -1.1876e-01,  1.1316e-01,
        -7.1179e-02, -1.5536e-02,  1.3340e-02, -8.4990e-03, -1.3303e-01,
         6.4884e-02, -6.4238e-02, -7.3350e-02,  3.3788e-02, -7.3802e-02,
        -6.5359e-02, -4.7652e-02, -5.3129e-02, -5.9063e-02, -3.8139e-02,
         3.6752e-02, -1.1444e-01, -8.5600e-02,  2.0635e-03,  1.9667e-02,
         7.8106e-02, -9.9341e-02,  4.5141e-02,  8.0382e-02,  7.8526e-02,
        -1.3172e-01, -5.3967e-02, -1.2156e-01, -8.9493e-02,  7.8769e-02,
        -2.1117e-02,  6.0063e-02, -8.3015e-02,  2.1490e-02, -8.5540e-02,
         7.0695e-02, -6.1855e-02, -3.5463e-02, -1.2270e-01,  4.6719e-04,
         1.3428e-01,  6.8643e-02, -7.5454e-02,  1.9019e-03, -1.5507e-02,
        -1.1385e-01,  1.1089e-01,  2.2798e-03,  2.9783e-02, -5.7110e-02,
        -6.6174e-02,  2.3319e-02,  5.2285e-02,  3.1721e-02, -6.8157e-02,
         1.3731e-01, -2.0818e-02, -8.6609e-02, -6.6145e-02,  1.3922e-01,
         6.8109e-06, -1.9197e-02, -5.8854e-02, -3.7073e-02, -1.1911e-01,
        -1.1239e-01,  8.2772e-02,  1.2098e-01,  1.3496e-01, -1.0210e-01,
         7.6490e-02, -8.7535e-02,  8.4366e-02,  1.0204e-01,  1.0944e-01,
         1.0183e-01,  8.8469e-02,  2.7526e-03,  6.4981e-02, -5.0596e-02,
         6.1580e-02, -4.5453e-02, -2.3747e-03, -1.2309e-01, -3.6978e-02,
        -7.4370e-02, -4.7704e-02, -9.0310e-02, -1.2720e-01,  9.2089e-03,
         9.1780e-02,  1.2880e-01,  8.2527e-02, -7.3304e-02, -1.3987e-01,
         5.3643e-02,  7.9240e-02, -1.2141e-01,  5.0712e-02,  1.1957e-01,
         8.5668e-03, -8.5201e-02,  1.1595e-01,  6.0389e-02,  9.3649e-02],
       device='cuda:0')
rank: local_param 1 tensor([ 0.0907,  0.0948, -0.0966,  0.0270, -0.0749, -0.0656,  0.1220,  0.0683,
        -0.0387,  0.0208,  0.0274,  0.0331, -0.0484, -0.0833,  0.0936,  0.0190,
         0.0592, -0.0536,  0.0685,  0.1029,  0.0860,  0.0385,  0.1391, -0.0003,
         0.0301,  0.1344,  0.1374, -0.0597,  0.1274,  0.0522, -0.0158,  0.1235,
        -0.0733,  0.0919,  0.1401, -0.0975, -0.0835, -0.1401, -0.0255, -0.1284,
        -0.0474,  0.0429,  0.1000,  0.0788,  0.0785,  0.0587, -0.0877, -0.1123,
         0.0059,  0.1343,  0.0080, -0.0122, -0.0960, -0.0701, -0.1090,  0.1132,
        -0.0230, -0.1249,  0.0152,  0.0103, -0.0175,  0.0506,  0.0761, -0.1330,
        -0.1083, -0.0068, -0.1311, -0.1285,  0.1249, -0.0108, -0.0699, -0.0485,
        -0.1104,  0.1104, -0.0307, -0.0795, -0.1073,  0.0827, -0.0195, -0.0149,
        -0.0369, -0.0683,  0.0252,  0.1088, -0.0820,  0.0068, -0.1076, -0.0663,
         0.1241,  0.0015,  0.1362, -0.0248, -0.0771, -0.0845,  0.1253, -0.1088,
         0.0742,  0.0352,  0.0417,  0.0798, -0.0370,  0.0875, -0.1127, -0.0498,
         0.1035,  0.0420, -0.0188, -0.0330, -0.0864,  0.0860, -0.0045, -0.0048,
         0.0334,  0.1044, -0.0722, -0.0487,  0.0958,  0.0799, -0.0696, -0.1399,
         0.0262,  0.0744,  0.0338,  0.1003, -0.1122], device='cuda:1',
       requires_grad=True)
rank: flatten_data 1 tensor([-0.1264,  0.0707, -0.1273, -0.0172,  0.0084,  0.1005, -0.0512,  0.0407,
         0.0219,  0.0832,  0.0084,  0.0530, -0.0854, -0.0983,  0.1260, -0.1030,
        -0.0241, -0.0171,  0.1383, -0.0306, -0.1077, -0.0359,  0.0729,  0.0560,
         0.1170, -0.0290,  0.0666, -0.1331,  0.0547,  0.0650,  0.0912, -0.0811,
        -0.0378,  0.0342, -0.1005, -0.1125, -0.1361,  0.0079,  0.0878,  0.0363,
         0.0086,  0.0493, -0.0889,  0.0149, -0.0351, -0.0700,  0.1220, -0.1094,
         0.0207, -0.1243, -0.0048, -0.0628,  0.0465, -0.0794,  0.0905, -0.1148,
         0.0849, -0.1062,  0.0757, -0.0595, -0.0003, -0.0258,  0.0918,  0.0463,
        -0.1246,  0.0130, -0.0976,  0.1057,  0.0232, -0.0364, -0.0721,  0.0490,
        -0.0847,  0.0671,  0.0772,  0.0868,  0.0369, -0.1238,  0.1017, -0.0439,
        -0.0418, -0.0152,  0.1034,  0.1087,  0.0218,  0.0675, -0.1318,  0.0003,
        -0.1251,  0.0481, -0.1008, -0.0504,  0.0989,  0.1352, -0.0849, -0.0785,
         0.0175,  0.0556, -0.0230, -0.0442, -0.0929,  0.0604,  0.1386, -0.0685,
         0.0667,  0.0691,  0.1137, -0.0161,  0.0045,  0.1039,  0.0894,  0.1397,
        -0.0405,  0.0560,  0.0988, -0.0960,  0.0281, -0.0316,  0.0909, -0.0635,
         0.0099,  0.0846, -0.1296, -0.1194, -0.0724,  0.0907,  0.0948, -0.0966,
         0.0270, -0.0749, -0.0656,  0.1220,  0.0683, -0.0387,  0.0208,  0.0274,
         0.0331, -0.0484, -0.0833,  0.0936,  0.0190,  0.0592, -0.0536,  0.0685,
         0.1029,  0.0860,  0.0385,  0.1391, -0.0003,  0.0301,  0.1344,  0.1374,
        -0.0597,  0.1274,  0.0522, -0.0158,  0.1235, -0.0733,  0.0919,  0.1401,
        -0.0975, -0.0835, -0.1401, -0.0255, -0.1284, -0.0474,  0.0429,  0.1000,
         0.0788,  0.0785,  0.0587, -0.0877, -0.1123,  0.0059,  0.1343,  0.0080,
        -0.0122, -0.0960, -0.0701, -0.1090,  0.1132, -0.0230, -0.1249,  0.0152,
         0.0103, -0.0175,  0.0506,  0.0761, -0.1330, -0.1083, -0.0068, -0.1311,
        -0.1285,  0.1249, -0.0108, -0.0699, -0.0485, -0.1104,  0.1104, -0.0307,
        -0.0795, -0.1073,  0.0827, -0.0195, -0.0149, -0.0369, -0.0683,  0.0252,
         0.1088, -0.0820,  0.0068, -0.1076, -0.0663,  0.1241,  0.0015,  0.1362,
        -0.0248, -0.0771, -0.0845,  0.1253, -0.1088,  0.0742,  0.0352,  0.0417,
         0.0798, -0.0370,  0.0875, -0.1127, -0.0498,  0.1035,  0.0420, -0.0188,
        -0.0330, -0.0864,  0.0860, -0.0045, -0.0048,  0.0334,  0.1044, -0.0722,
        -0.0487,  0.0958,  0.0799, -0.0696, -0.1399,  0.0262,  0.0744,  0.0338,
         0.1003, -0.1122], device='cuda:1')
rank: local_param 1 tensor([-0.3130, -0.1222, -0.2426,  0.2595,  0.0911,  0.1310,  0.1000, -0.0055,
         0.2475, -0.2247,  0.0199, -0.2158,  0.0975, -0.1089,  0.0969, -0.0659,
         0.2623, -0.1874, -0.1886, -0.1886,  0.2844,  0.1054,  0.3043, -0.2610,
        -0.3137, -0.2474, -0.2127,  0.1281,  0.1132,  0.2628, -0.1633, -0.2156,
         0.1678, -0.1278,  0.1919, -0.0750,  0.1809, -0.2457, -0.1596,  0.0964,
         0.0669, -0.0806,  0.1885,  0.2150, -0.2293, -0.1688,  0.2896, -0.1067,
        -0.1121, -0.3060], device='cuda:1', requires_grad=True)
rank: flatten_data 1 tensor([ 0.2418,  0.2625, -0.0741,  0.2905, -0.0693,  0.0638, -0.1540,  0.1857,
         0.2788, -0.2320,  0.2749,  0.0592,  0.2336,  0.0428,  0.1525, -0.0446,
         0.2438,  0.0467, -0.1476,  0.0806, -0.1457, -0.0371, -0.1284,  0.2098,
        -0.2496, -0.1458, -0.0893, -0.1901,  0.0298, -0.3123,  0.2856, -0.2686,
         0.2441,  0.0526, -0.1027,  0.1954,  0.0493,  0.2555,  0.0346, -0.0997,
         0.0850, -0.0858,  0.1331,  0.2823,  0.1828, -0.1382,  0.1825,  0.0566,
         0.1606, -0.1927, -0.3130, -0.1222, -0.2426,  0.2595,  0.0911,  0.1310,
         0.1000, -0.0055,  0.2475, -0.2247,  0.0199, -0.2158,  0.0975, -0.1089,
         0.0969, -0.0659,  0.2623, -0.1874, -0.1886, -0.1886,  0.2844,  0.1054,
         0.3043, -0.2610, -0.3137, -0.2474, -0.2127,  0.1281,  0.1132,  0.2628,
        -0.1633, -0.2156,  0.1678, -0.1278,  0.1919, -0.0750,  0.1809, -0.2457,
        -0.1596,  0.0964,  0.0669, -0.0806,  0.1885,  0.2150, -0.2293, -0.1688,
         0.2896, -0.1067, -0.1121, -0.3060], device='cuda:1')
rank: local_param 1 tensor([ 0.0872,  0.1733,  0.2404,  0.1761, -0.3135,  0.0280,  0.1916, -0.0292,
        -0.1863,  0.3015, -0.1183, -0.1800, -0.2851,  0.0141,  0.1401,  0.0700,
         0.0625, -0.2398, -0.2953,  0.0056,  0.2883,  0.1824, -0.1841, -0.0410,
        -0.2331, -0.1526,  0.0573,  0.1722,  0.2620, -0.2903,  0.2114, -0.2230,
         0.1184,  0.2676,  0.0044,  0.2877, -0.2694, -0.1208,  0.1844, -0.0689,
        -0.0647, -0.1318,  0.2180,  0.1551,  0.1013, -0.1777, -0.2567,  0.0342,
         0.0937, -0.1460, -0.0885,  0.2136,  0.0252,  0.0143, -0.0778, -0.2864,
        -0.2973, -0.1512, -0.1607,  0.0985, -0.0921, -0.1237,  0.3015,  0.1101,
         0.2254, -0.1531, -0.1292,  0.1162, -0.2107, -0.2067, -0.0153, -0.1157,
        -0.2371,  0.1876,  0.2543,  0.0513, -0.0551, -0.2929, -0.1152,  0.0805,
         0.1491, -0.0400, -0.1250,  0.1762, -0.2518,  0.1999, -0.1227,  0.0048,
        -0.0625,  0.0383, -0.0956,  0.2299, -0.0082,  0.2468,  0.3040, -0.1541,
        -0.2307,  0.2537,  0.2478, -0.2415, -0.0244, -0.3118, -0.2589,  0.0611,
         0.0841,  0.0670, -0.0861,  0.2917,  0.0452, -0.1866, -0.0179,  0.0759,
         0.1107, -0.2236,  0.1185, -0.1616, -0.2628, -0.1727,  0.3050,  0.2703,
         0.2832,  0.1856,  0.2389, -0.0423, -0.1740,  0.1580, -0.1639, -0.2134,
        -0.1010,  0.0664,  0.1628, -0.1228, -0.1861,  0.0427, -0.1864, -0.2059,
         0.1648, -0.0531,  0.2890,  0.3076,  0.0946,  0.1088,  0.0728,  0.0050,
        -0.0230,  0.0043,  0.1181,  0.2940, -0.0820, -0.1337, -0.0766, -0.1528,
         0.0538,  0.2360,  0.2473,  0.1452, -0.2327, -0.1697, -0.0695, -0.0583,
         0.0260, -0.2903,  0.0984, -0.2412, -0.2001, -0.2629,  0.2755, -0.2994,
         0.2386, -0.0106, -0.0368,  0.1978, -0.0292,  0.1983,  0.2286, -0.2746,
         0.1217,  0.0597,  0.0680,  0.0462,  0.0865, -0.1521, -0.0405,  0.3005,
         0.2125, -0.0119, -0.2974,  0.0139, -0.2153,  0.2572, -0.1920, -0.0228,
        -0.0702,  0.0563,  0.2976,  0.0300,  0.1831,  0.2455,  0.2553, -0.1092,
        -0.0707,  0.1524, -0.0863,  0.1481, -0.0691, -0.2145,  0.1287,  0.0485,
         0.1410,  0.3142,  0.2159,  0.2998,  0.0169, -0.2720, -0.2218, -0.1964,
        -0.2787, -0.1585, -0.2911, -0.2918, -0.1890, -0.3117, -0.1941,  0.1206,
         0.2638, -0.0941, -0.0920,  0.1689, -0.1560, -0.1495,  0.1948, -0.2755,
         0.0387,  0.2793,  0.0542,  0.0860, -0.1842, -0.0044,  0.0174,  0.0776,
         0.1229,  0.2748, -0.2414,  0.0095, -0.1580, -0.2502, -0.0253, -0.2784,
         0.2207,  0.0366], device='cuda:1', requires_grad=True)
rank: flatten_data 1 tensor([-0.1811,  0.0790, -0.0417, -0.2295,  0.0074, -0.2160, -0.2683, -0.1741,
        -0.2768, -0.2014,  0.3161,  0.0597,  0.0974, -0.2949, -0.2077, -0.1053,
         0.0494, -0.2783, -0.1363, -0.1893,  0.0009, -0.1177, -0.0219, -0.2143,
        -0.2171, -0.1845, -0.1082, -0.2496,  0.2651, -0.0628,  0.2721,  0.0985,
        -0.2678,  0.2188, -0.0870, -0.1212, -0.2625, -0.3144,  0.0905, -0.0691,
         0.1231, -0.2595,  0.2348, -0.2321, -0.0546,  0.0661,  0.1633,  0.2553,
         0.2881, -0.2507,  0.0796, -0.1360, -0.0347, -0.2367,  0.2880, -0.2321,
         0.1690,  0.1111,  0.1028, -0.1710,  0.2874,  0.0695,  0.0407, -0.2787,
         0.1327, -0.0474, -0.1449,  0.2716,  0.0705, -0.1750, -0.1601, -0.0151,
         0.1766, -0.0808, -0.1804, -0.1083, -0.2362,  0.1128,  0.2448, -0.2977,
         0.0734,  0.1634,  0.0573, -0.1126,  0.1651,  0.1662,  0.1182, -0.0556,
        -0.0837,  0.0338, -0.0559, -0.0942,  0.2021,  0.2718, -0.0313, -0.0708,
         0.0046, -0.0189,  0.0760,  0.0886, -0.2872, -0.1167,  0.2663,  0.1232,
        -0.0157, -0.1907, -0.1935, -0.2833, -0.1031,  0.1068,  0.2016,  0.1460,
        -0.2795, -0.1902, -0.0499,  0.3059,  0.0457, -0.0819,  0.1308, -0.1204,
        -0.2047,  0.2308, -0.1438, -0.0634, -0.3146,  0.2116,  0.2396,  0.1152,
        -0.2205, -0.3121, -0.2568,  0.2358,  0.1518,  0.2661,  0.1657,  0.0800,
        -0.0031, -0.2405, -0.2709, -0.2958,  0.1295, -0.1553, -0.0636, -0.1820,
        -0.0576, -0.2226, -0.2066,  0.1049, -0.0940,  0.1952, -0.1014, -0.2320,
        -0.0558, -0.1533, -0.0967, -0.3010,  0.1769, -0.2202,  0.1589,  0.1435,
         0.2259, -0.2426,  0.2274, -0.1495,  0.1173,  0.2970, -0.0446, -0.0024,
        -0.0728, -0.2640,  0.1518, -0.3139,  0.1963,  0.2366,  0.2991, -0.0746,
        -0.2598,  0.0711,  0.1747, -0.3147, -0.0718, -0.1896, -0.0277, -0.1557,
        -0.1293, -0.1004, -0.3005,  0.2595,  0.2651, -0.0496, -0.0360, -0.1291,
        -0.2856, -0.3077,  0.1175, -0.1736, -0.2033, -0.0247, -0.1053, -0.1023,
         0.0102, -0.0671, -0.1089, -0.1514, -0.2574,  0.2652, -0.1266,  0.0838,
        -0.1097,  0.0257,  0.2948,  0.1457, -0.2740,  0.1255,  0.3002,  0.0832,
         0.2120,  0.3118, -0.0485,  0.0656, -0.2198, -0.0652,  0.2342,  0.1621,
        -0.2001, -0.2536, -0.2161, -0.3121, -0.2440, -0.0782,  0.2134,  0.0529,
        -0.2405, -0.2537,  0.1573, -0.2352, -0.0389,  0.1517, -0.1464, -0.0345,
        -0.0275, -0.0748, -0.1603, -0.2819, -0.2556, -0.1693,  0.3054, -0.1527,
        -0.2124,  0.0767,  0.0872,  0.1733,  0.2404,  0.1761, -0.3135,  0.0280,
         0.1916, -0.0292, -0.1863,  0.3015, -0.1183, -0.1800, -0.2851,  0.0141,
         0.1401,  0.0700,  0.0625, -0.2398, -0.2953,  0.0056,  0.2883,  0.1824,
        -0.1841, -0.0410, -0.2331, -0.1526,  0.0573,  0.1722,  0.2620, -0.2903,
         0.2114, -0.2230,  0.1184,  0.2676,  0.0044,  0.2877, -0.2694, -0.1208,
         0.1844, -0.0689, -0.0647, -0.1318,  0.2180,  0.1551,  0.1013, -0.1777,
        -0.2567,  0.0342,  0.0937, -0.1460, -0.0885,  0.2136,  0.0252,  0.0143,
        -0.0778, -0.2864, -0.2973, -0.1512, -0.1607,  0.0985, -0.0921, -0.1237,
         0.3015,  0.1101,  0.2254, -0.1531, -0.1292,  0.1162, -0.2107, -0.2067,
        -0.0153, -0.1157, -0.2371,  0.1876,  0.2543,  0.0513, -0.0551, -0.2929,
        -0.1152,  0.0805,  0.1491, -0.0400, -0.1250,  0.1762, -0.2518,  0.1999,
        -0.1227,  0.0048, -0.0625,  0.0383, -0.0956,  0.2299, -0.0082,  0.2468,
         0.3040, -0.1541, -0.2307,  0.2537,  0.2478, -0.2415, -0.0244, -0.3118,
        -0.2589,  0.0611,  0.0841,  0.0670, -0.0861,  0.2917,  0.0452, -0.1866,
        -0.0179,  0.0759,  0.1107, -0.2236,  0.1185, -0.1616, -0.2628, -0.1727,
         0.3050,  0.2703,  0.2832,  0.1856,  0.2389, -0.0423, -0.1740,  0.1580,
        -0.1639, -0.2134, -0.1010,  0.0664,  0.1628, -0.1228, -0.1861,  0.0427,
        -0.1864, -0.2059,  0.1648, -0.0531,  0.2890,  0.3076,  0.0946,  0.1088,
         0.0728,  0.0050, -0.0230,  0.0043,  0.1181,  0.2940, -0.0820, -0.1337,
        -0.0766, -0.1528,  0.0538,  0.2360,  0.2473,  0.1452, -0.2327, -0.1697,
        -0.0695, -0.0583,  0.0260, -0.2903,  0.0984, -0.2412, -0.2001, -0.2629,
         0.2755, -0.2994,  0.2386, -0.0106, -0.0368,  0.1978, -0.0292,  0.1983,
         0.2286, -0.2746,  0.1217,  0.0597,  0.0680,  0.0462,  0.0865, -0.1521,
        -0.0405,  0.3005,  0.2125, -0.0119, -0.2974,  0.0139, -0.2153,  0.2572,
        -0.1920, -0.0228, -0.0702,  0.0563,  0.2976,  0.0300,  0.1831,  0.2455,
         0.2553, -0.1092, -0.0707,  0.1524, -0.0863,  0.1481, -0.0691, -0.2145,
         0.1287,  0.0485,  0.1410,  0.3142,  0.2159,  0.2998,  0.0169, -0.2720,
        -0.2218, -0.1964, -0.2787, -0.1585, -0.2911, -0.2918, -0.1890, -0.3117,
        -0.1941,  0.1206,  0.2638, -0.0941, -0.0920,  0.1689, -0.1560, -0.1495,
         0.1948, -0.2755,  0.0387,  0.2793,  0.0542,  0.0860, -0.1842, -0.0044,
         0.0174,  0.0776,  0.1229,  0.2748, -0.2414,  0.0095, -0.1580, -0.2502,
        -0.0253, -0.2784,  0.2207,  0.0366], device='cuda:1')
rank: local_param 0 tensor([-0.1264,  0.0707, -0.1273, -0.0172,  0.0084,  0.1005, -0.0512,  0.0407,
         0.0219,  0.0832,  0.0084,  0.0530, -0.0854, -0.0983,  0.1260, -0.1030,
        -0.0241, -0.0171,  0.1383, -0.0306, -0.1077, -0.0359,  0.0729,  0.0560,
         0.1170, -0.0290,  0.0666, -0.1331,  0.0547,  0.0650,  0.0912, -0.0811,
        -0.0378,  0.0342, -0.1005, -0.1125, -0.1361,  0.0079,  0.0878,  0.0363,
         0.0086,  0.0493, -0.0889,  0.0149, -0.0351, -0.0700,  0.1220, -0.1094,
         0.0207, -0.1243, -0.0048, -0.0628,  0.0465, -0.0794,  0.0905, -0.1148,
         0.0849, -0.1062,  0.0757, -0.0595, -0.0003, -0.0258,  0.0918,  0.0463,
        -0.1246,  0.0130, -0.0976,  0.1057,  0.0232, -0.0364, -0.0721,  0.0490,
        -0.0847,  0.0671,  0.0772,  0.0868,  0.0369, -0.1238,  0.1017, -0.0439,
        -0.0418, -0.0152,  0.1034,  0.1087,  0.0218,  0.0675, -0.1318,  0.0003,
        -0.1251,  0.0481, -0.1008, -0.0504,  0.0989,  0.1352, -0.0849, -0.0785,
         0.0175,  0.0556, -0.0230, -0.0442, -0.0929,  0.0604,  0.1386, -0.0685,
         0.0667,  0.0691,  0.1137, -0.0161,  0.0045,  0.1039,  0.0894,  0.1397,
        -0.0405,  0.0560,  0.0988, -0.0960,  0.0281, -0.0316,  0.0909, -0.0635,
         0.0099,  0.0846, -0.1296, -0.1194, -0.0724], device='cuda:0',
       requires_grad=True)
rank: flatten_data 0 tensor([-0.1264,  0.0707, -0.1273, -0.0172,  0.0084,  0.1005, -0.0512,  0.0407,
         0.0219,  0.0832,  0.0084,  0.0530, -0.0854, -0.0983,  0.1260, -0.1030,
        -0.0241, -0.0171,  0.1383, -0.0306, -0.1077, -0.0359,  0.0729,  0.0560,
         0.1170, -0.0290,  0.0666, -0.1331,  0.0547,  0.0650,  0.0912, -0.0811,
        -0.0378,  0.0342, -0.1005, -0.1125, -0.1361,  0.0079,  0.0878,  0.0363,
         0.0086,  0.0493, -0.0889,  0.0149, -0.0351, -0.0700,  0.1220, -0.1094,
         0.0207, -0.1243, -0.0048, -0.0628,  0.0465, -0.0794,  0.0905, -0.1148,
         0.0849, -0.1062,  0.0757, -0.0595, -0.0003, -0.0258,  0.0918,  0.0463,
        -0.1246,  0.0130, -0.0976,  0.1057,  0.0232, -0.0364, -0.0721,  0.0490,
        -0.0847,  0.0671,  0.0772,  0.0868,  0.0369, -0.1238,  0.1017, -0.0439,
        -0.0418, -0.0152,  0.1034,  0.1087,  0.0218,  0.0675, -0.1318,  0.0003,
        -0.1251,  0.0481, -0.1008, -0.0504,  0.0989,  0.1352, -0.0849, -0.0785,
         0.0175,  0.0556, -0.0230, -0.0442, -0.0929,  0.0604,  0.1386, -0.0685,
         0.0667,  0.0691,  0.1137, -0.0161,  0.0045,  0.1039,  0.0894,  0.1397,
        -0.0405,  0.0560,  0.0988, -0.0960,  0.0281, -0.0316,  0.0909, -0.0635,
         0.0099,  0.0846, -0.1296, -0.1194, -0.0724,  0.0907,  0.0948, -0.0966,
         0.0270, -0.0749, -0.0656,  0.1220,  0.0683, -0.0387,  0.0208,  0.0274,
         0.0331, -0.0484, -0.0833,  0.0936,  0.0190,  0.0592, -0.0536,  0.0685,
         0.1029,  0.0860,  0.0385,  0.1391, -0.0003,  0.0301,  0.1344,  0.1374,
        -0.0597,  0.1274,  0.0522, -0.0158,  0.1235, -0.0733,  0.0919,  0.1401,
        -0.0975, -0.0835, -0.1401, -0.0255, -0.1284, -0.0474,  0.0429,  0.1000,
         0.0788,  0.0785,  0.0587, -0.0877, -0.1123,  0.0059,  0.1343,  0.0080,
        -0.0122, -0.0960, -0.0701, -0.1090,  0.1132, -0.0230, -0.1249,  0.0152,
         0.0103, -0.0175,  0.0506,  0.0761, -0.1330, -0.1083, -0.0068, -0.1311,
        -0.1285,  0.1249, -0.0108, -0.0699, -0.0485, -0.1104,  0.1104, -0.0307,
        -0.0795, -0.1073,  0.0827, -0.0195, -0.0149, -0.0369, -0.0683,  0.0252,
         0.1088, -0.0820,  0.0068, -0.1076, -0.0663,  0.1241,  0.0015,  0.1362,
        -0.0248, -0.0771, -0.0845,  0.1253, -0.1088,  0.0742,  0.0352,  0.0417,
         0.0798, -0.0370,  0.0875, -0.1127, -0.0498,  0.1035,  0.0420, -0.0188,
        -0.0330, -0.0864,  0.0860, -0.0045, -0.0048,  0.0334,  0.1044, -0.0722,
        -0.0487,  0.0958,  0.0799, -0.0696, -0.1399,  0.0262,  0.0744,  0.0338,
         0.1003, -0.1122], device='cuda:0')
rank: local_param 0 tensor([ 0.2418,  0.2625, -0.0741,  0.2905, -0.0693,  0.0638, -0.1540,  0.1857,
         0.2788, -0.2320,  0.2749,  0.0592,  0.2336,  0.0428,  0.1525, -0.0446,
         0.2438,  0.0467, -0.1476,  0.0806, -0.1457, -0.0371, -0.1284,  0.2098,
        -0.2496, -0.1458, -0.0893, -0.1901,  0.0298, -0.3123,  0.2856, -0.2686,
         0.2441,  0.0526, -0.1027,  0.1954,  0.0493,  0.2555,  0.0346, -0.0997,
         0.0850, -0.0858,  0.1331,  0.2823,  0.1828, -0.1382,  0.1825,  0.0566,
         0.1606, -0.1927], device='cuda:0', requires_grad=True)
rank: flatten_data 0 tensor([ 0.2418,  0.2625, -0.0741,  0.2905, -0.0693,  0.0638, -0.1540,  0.1857,
         0.2788, -0.2320,  0.2749,  0.0592,  0.2336,  0.0428,  0.1525, -0.0446,
         0.2438,  0.0467, -0.1476,  0.0806, -0.1457, -0.0371, -0.1284,  0.2098,
        -0.2496, -0.1458, -0.0893, -0.1901,  0.0298, -0.3123,  0.2856, -0.2686,
         0.2441,  0.0526, -0.1027,  0.1954,  0.0493,  0.2555,  0.0346, -0.0997,
         0.0850, -0.0858,  0.1331,  0.2823,  0.1828, -0.1382,  0.1825,  0.0566,
         0.1606, -0.1927, -0.3130, -0.1222, -0.2426,  0.2595,  0.0911,  0.1310,
         0.1000, -0.0055,  0.2475, -0.2247,  0.0199, -0.2158,  0.0975, -0.1089,
         0.0969, -0.0659,  0.2623, -0.1874, -0.1886, -0.1886,  0.2844,  0.1054,
         0.3043, -0.2610, -0.3137, -0.2474, -0.2127,  0.1281,  0.1132,  0.2628,
        -0.1633, -0.2156,  0.1678, -0.1278,  0.1919, -0.0750,  0.1809, -0.2457,
        -0.1596,  0.0964,  0.0669, -0.0806,  0.1885,  0.2150, -0.2293, -0.1688,
         0.2896, -0.1067, -0.1121, -0.3060], device='cuda:0')
rank: local_param 0 tensor([-0.1811,  0.0790, -0.0417, -0.2295,  0.0074, -0.2160, -0.2683, -0.1741,
        -0.2768, -0.2014,  0.3161,  0.0597,  0.0974, -0.2949, -0.2077, -0.1053,
         0.0494, -0.2783, -0.1363, -0.1893,  0.0009, -0.1177, -0.0219, -0.2143,
        -0.2171, -0.1845, -0.1082, -0.2496,  0.2651, -0.0628,  0.2721,  0.0985,
        -0.2678,  0.2188, -0.0870, -0.1212, -0.2625, -0.3144,  0.0905, -0.0691,
         0.1231, -0.2595,  0.2348, -0.2321, -0.0546,  0.0661,  0.1633,  0.2553,
         0.2881, -0.2507,  0.0796, -0.1360, -0.0347, -0.2367,  0.2880, -0.2321,
         0.1690,  0.1111,  0.1028, -0.1710,  0.2874,  0.0695,  0.0407, -0.2787,
         0.1327, -0.0474, -0.1449,  0.2716,  0.0705, -0.1750, -0.1601, -0.0151,
         0.1766, -0.0808, -0.1804, -0.1083, -0.2362,  0.1128,  0.2448, -0.2977,
         0.0734,  0.1634,  0.0573, -0.1126,  0.1651,  0.1662,  0.1182, -0.0556,
        -0.0837,  0.0338, -0.0559, -0.0942,  0.2021,  0.2718, -0.0313, -0.0708,
         0.0046, -0.0189,  0.0760,  0.0886, -0.2872, -0.1167,  0.2663,  0.1232,
        -0.0157, -0.1907, -0.1935, -0.2833, -0.1031,  0.1068,  0.2016,  0.1460,
        -0.2795, -0.1902, -0.0499,  0.3059,  0.0457, -0.0819,  0.1308, -0.1204,
        -0.2047,  0.2308, -0.1438, -0.0634, -0.3146,  0.2116,  0.2396,  0.1152,
        -0.2205, -0.3121, -0.2568,  0.2358,  0.1518,  0.2661,  0.1657,  0.0800,
        -0.0031, -0.2405, -0.2709, -0.2958,  0.1295, -0.1553, -0.0636, -0.1820,
        -0.0576, -0.2226, -0.2066,  0.1049, -0.0940,  0.1952, -0.1014, -0.2320,
        -0.0558, -0.1533, -0.0967, -0.3010,  0.1769, -0.2202,  0.1589,  0.1435,
         0.2259, -0.2426,  0.2274, -0.1495,  0.1173,  0.2970, -0.0446, -0.0024,
        -0.0728, -0.2640,  0.1518, -0.3139,  0.1963,  0.2366,  0.2991, -0.0746,
        -0.2598,  0.0711,  0.1747, -0.3147, -0.0718, -0.1896, -0.0277, -0.1557,
        -0.1293, -0.1004, -0.3005,  0.2595,  0.2651, -0.0496, -0.0360, -0.1291,
        -0.2856, -0.3077,  0.1175, -0.1736, -0.2033, -0.0247, -0.1053, -0.1023,
         0.0102, -0.0671, -0.1089, -0.1514, -0.2574,  0.2652, -0.1266,  0.0838,
        -0.1097,  0.0257,  0.2948,  0.1457, -0.2740,  0.1255,  0.3002,  0.0832,
         0.2120,  0.3118, -0.0485,  0.0656, -0.2198, -0.0652,  0.2342,  0.1621,
        -0.2001, -0.2536, -0.2161, -0.3121, -0.2440, -0.0782,  0.2134,  0.0529,
        -0.2405, -0.2537,  0.1573, -0.2352, -0.0389,  0.1517, -0.1464, -0.0345,
        -0.0275, -0.0748, -0.1603, -0.2819, -0.2556, -0.1693,  0.3054, -0.1527,
        -0.2124,  0.0767], device='cuda:0', requires_grad=True)
rank: flatten_data 0 tensor([-0.1811,  0.0790, -0.0417, -0.2295,  0.0074, -0.2160, -0.2683, -0.1741,
        -0.2768, -0.2014,  0.3161,  0.0597,  0.0974, -0.2949, -0.2077, -0.1053,
         0.0494, -0.2783, -0.1363, -0.1893,  0.0009, -0.1177, -0.0219, -0.2143,
        -0.2171, -0.1845, -0.1082, -0.2496,  0.2651, -0.0628,  0.2721,  0.0985,
        -0.2678,  0.2188, -0.0870, -0.1212, -0.2625, -0.3144,  0.0905, -0.0691,
         0.1231, -0.2595,  0.2348, -0.2321, -0.0546,  0.0661,  0.1633,  0.2553,
         0.2881, -0.2507,  0.0796, -0.1360, -0.0347, -0.2367,  0.2880, -0.2321,
         0.1690,  0.1111,  0.1028, -0.1710,  0.2874,  0.0695,  0.0407, -0.2787,
         0.1327, -0.0474, -0.1449,  0.2716,  0.0705, -0.1750, -0.1601, -0.0151,
         0.1766, -0.0808, -0.1804, -0.1083, -0.2362,  0.1128,  0.2448, -0.2977,
         0.0734,  0.1634,  0.0573, -0.1126,  0.1651,  0.1662,  0.1182, -0.0556,
        -0.0837,  0.0338, -0.0559, -0.0942,  0.2021,  0.2718, -0.0313, -0.0708,
         0.0046, -0.0189,  0.0760,  0.0886, -0.2872, -0.1167,  0.2663,  0.1232,
        -0.0157, -0.1907, -0.1935, -0.2833, -0.1031,  0.1068,  0.2016,  0.1460,
        -0.2795, -0.1902, -0.0499,  0.3059,  0.0457, -0.0819,  0.1308, -0.1204,
        -0.2047,  0.2308, -0.1438, -0.0634, -0.3146,  0.2116,  0.2396,  0.1152,
        -0.2205, -0.3121, -0.2568,  0.2358,  0.1518,  0.2661,  0.1657,  0.0800,
        -0.0031, -0.2405, -0.2709, -0.2958,  0.1295, -0.1553, -0.0636, -0.1820,
        -0.0576, -0.2226, -0.2066,  0.1049, -0.0940,  0.1952, -0.1014, -0.2320,
        -0.0558, -0.1533, -0.0967, -0.3010,  0.1769, -0.2202,  0.1589,  0.1435,
         0.2259, -0.2426,  0.2274, -0.1495,  0.1173,  0.2970, -0.0446, -0.0024,
        -0.0728, -0.2640,  0.1518, -0.3139,  0.1963,  0.2366,  0.2991, -0.0746,
        -0.2598,  0.0711,  0.1747, -0.3147, -0.0718, -0.1896, -0.0277, -0.1557,
        -0.1293, -0.1004, -0.3005,  0.2595,  0.2651, -0.0496, -0.0360, -0.1291,
        -0.2856, -0.3077,  0.1175, -0.1736, -0.2033, -0.0247, -0.1053, -0.1023,
         0.0102, -0.0671, -0.1089, -0.1514, -0.2574,  0.2652, -0.1266,  0.0838,
        -0.1097,  0.0257,  0.2948,  0.1457, -0.2740,  0.1255,  0.3002,  0.0832,
         0.2120,  0.3118, -0.0485,  0.0656, -0.2198, -0.0652,  0.2342,  0.1621,
        -0.2001, -0.2536, -0.2161, -0.3121, -0.2440, -0.0782,  0.2134,  0.0529,
        -0.2405, -0.2537,  0.1573, -0.2352, -0.0389,  0.1517, -0.1464, -0.0345,
        -0.0275, -0.0748, -0.1603, -0.2819, -0.2556, -0.1693,  0.3054, -0.1527,
        -0.2124,  0.0767,  0.0872,  0.1733,  0.2404,  0.1761, -0.3135,  0.0280,
         0.1916, -0.0292, -0.1863,  0.3015, -0.1183, -0.1800, -0.2851,  0.0141,
         0.1401,  0.0700,  0.0625, -0.2398, -0.2953,  0.0056,  0.2883,  0.1824,
        -0.1841, -0.0410, -0.2331, -0.1526,  0.0573,  0.1722,  0.2620, -0.2903,
         0.2114, -0.2230,  0.1184,  0.2676,  0.0044,  0.2877, -0.2694, -0.1208,
         0.1844, -0.0689, -0.0647, -0.1318,  0.2180,  0.1551,  0.1013, -0.1777,
        -0.2567,  0.0342,  0.0937, -0.1460, -0.0885,  0.2136,  0.0252,  0.0143,
        -0.0778, -0.2864, -0.2973, -0.1512, -0.1607,  0.0985, -0.0921, -0.1237,
         0.3015,  0.1101,  0.2254, -0.1531, -0.1292,  0.1162, -0.2107, -0.2067,
        -0.0153, -0.1157, -0.2371,  0.1876,  0.2543,  0.0513, -0.0551, -0.2929,
        -0.1152,  0.0805,  0.1491, -0.0400, -0.1250,  0.1762, -0.2518,  0.1999,
        -0.1227,  0.0048, -0.0625,  0.0383, -0.0956,  0.2299, -0.0082,  0.2468,
         0.3040, -0.1541, -0.2307,  0.2537,  0.2478, -0.2415, -0.0244, -0.3118,
        -0.2589,  0.0611,  0.0841,  0.0670, -0.0861,  0.2917,  0.0452, -0.1866,
        -0.0179,  0.0759,  0.1107, -0.2236,  0.1185, -0.1616, -0.2628, -0.1727,
         0.3050,  0.2703,  0.2832,  0.1856,  0.2389, -0.0423, -0.1740,  0.1580,
        -0.1639, -0.2134, -0.1010,  0.0664,  0.1628, -0.1228, -0.1861,  0.0427,
        -0.1864, -0.2059,  0.1648, -0.0531,  0.2890,  0.3076,  0.0946,  0.1088,
         0.0728,  0.0050, -0.0230,  0.0043,  0.1181,  0.2940, -0.0820, -0.1337,
        -0.0766, -0.1528,  0.0538,  0.2360,  0.2473,  0.1452, -0.2327, -0.1697,
        -0.0695, -0.0583,  0.0260, -0.2903,  0.0984, -0.2412, -0.2001, -0.2629,
         0.2755, -0.2994,  0.2386, -0.0106, -0.0368,  0.1978, -0.0292,  0.1983,
         0.2286, -0.2746,  0.1217,  0.0597,  0.0680,  0.0462,  0.0865, -0.1521,
        -0.0405,  0.3005,  0.2125, -0.0119, -0.2974,  0.0139, -0.2153,  0.2572,
        -0.1920, -0.0228, -0.0702,  0.0563,  0.2976,  0.0300,  0.1831,  0.2455,
         0.2553, -0.1092, -0.0707,  0.1524, -0.0863,  0.1481, -0.0691, -0.2145,
         0.1287,  0.0485,  0.1410,  0.3142,  0.2159,  0.2998,  0.0169, -0.2720,
        -0.2218, -0.1964, -0.2787, -0.1585, -0.2911, -0.2918, -0.1890, -0.3117,
        -0.1941,  0.1206,  0.2638, -0.0941, -0.0920,  0.1689, -0.1560, -0.1495,
         0.1948, -0.2755,  0.0387,  0.2793,  0.0542,  0.0860, -0.1842, -0.0044,
         0.0174,  0.0776,  0.1229,  0.2748, -0.2414,  0.0095, -0.1580, -0.2502,
        -0.0253, -0.2784,  0.2207,  0.0366], device='cuda:0')
rank: local_param 1 tensor([ 5.0741e-02, -5.5715e-02, -1.3242e-01,  5.1223e-02, -7.0068e-02,
         7.1966e-02,  9.4538e-02,  5.4549e-02,  1.3270e-01,  1.3432e-01,
         2.9945e-02, -1.0304e-01,  1.2635e-01, -6.7104e-02, -6.6801e-02,
         1.1834e-01,  1.0957e-01,  4.2731e-02,  8.8648e-03, -1.1896e-01,
        -1.4680e-02,  1.3564e-01,  3.6014e-02,  1.2108e-02, -2.9366e-02,
        -4.9325e-02,  8.4290e-02,  8.7212e-03,  9.2005e-02, -2.5031e-02,
         6.1788e-02,  5.8374e-02,  2.2552e-02,  8.8865e-02,  8.8621e-02,
         1.3109e-01,  1.0872e-01, -3.6161e-02, -1.1973e-01,  2.5854e-02,
        -1.2344e-03, -3.6886e-02, -2.3682e-02,  6.6514e-03,  1.0319e-01,
         4.4087e-02, -5.0218e-02, -5.8156e-02, -3.5020e-02, -5.4660e-02,
         1.2717e-01,  7.4903e-02,  1.2770e-01,  4.5165e-04,  2.8521e-02,
         4.9040e-02, -1.3386e-01,  1.2628e-02, -9.4597e-03, -7.9288e-02,
        -1.0974e-01,  1.2520e-01,  1.1498e-01,  6.5544e-02,  1.3495e-01,
        -5.7390e-02, -2.4427e-02,  5.3545e-02, -2.3367e-02, -2.7752e-02,
        -1.1689e-01,  3.7994e-02, -8.5465e-02,  5.1430e-03,  1.3788e-01,
        -4.3532e-02, -4.4575e-02,  8.5321e-02, -5.1994e-02, -1.2145e-02,
         1.3205e-01, -5.7979e-02, -1.0117e-01, -7.9146e-02, -3.9208e-02,
        -6.7104e-02, -7.3388e-02,  5.7126e-02,  2.4033e-02, -4.5264e-02,
        -1.0987e-01, -4.4528e-02, -5.9685e-02, -4.6021e-02, -1.2758e-01,
         3.0466e-02, -1.0391e-01, -1.1014e-01, -1.1555e-01,  5.9027e-02,
        -8.5139e-02, -5.8372e-02,  1.1085e-01,  7.5090e-02,  8.1090e-02,
        -1.3428e-01, -1.0141e-01, -5.3388e-02,  1.1683e-01,  1.4467e-02,
        -1.0577e-01,  8.8556e-04, -1.0984e-01, -3.0985e-02, -3.8887e-02,
         1.2242e-01,  4.3803e-02, -2.4660e-02,  2.3890e-02, -4.0823e-02,
         5.5565e-02,  5.5941e-02,  3.7978e-02, -5.5123e-02,  1.2065e-01,
        -2.0417e-02, -5.5058e-02,  8.8574e-02,  1.1527e-01,  1.4074e-01,
         4.1897e-02, -4.8210e-02,  7.1827e-02,  1.2133e-01, -1.3871e-01,
        -1.7520e-02, -9.6444e-02,  2.6355e-02,  5.8490e-02, -2.9216e-02,
        -1.1831e-02,  6.3655e-02, -2.3769e-02, -1.1876e-01,  1.1316e-01,
        -7.1179e-02, -1.5536e-02,  1.3340e-02, -8.4990e-03, -1.3303e-01,
         6.4884e-02, -6.4238e-02, -7.3350e-02,  3.3788e-02, -7.3802e-02,
        -6.5359e-02, -4.7652e-02, -5.3129e-02, -5.9063e-02, -3.8139e-02,
         3.6752e-02, -1.1444e-01, -8.5600e-02,  2.0635e-03,  1.9667e-02,
         7.8106e-02, -9.9341e-02,  4.5141e-02,  8.0382e-02,  7.8526e-02,
        -1.3172e-01, -5.3967e-02, -1.2156e-01, -8.9493e-02,  7.8769e-02,
        -2.1117e-02,  6.0063e-02, -8.3015e-02,  2.1490e-02, -8.5540e-02,
         7.0695e-02, -6.1855e-02, -3.5463e-02, -1.2270e-01,  4.6719e-04,
         1.3428e-01,  6.8643e-02, -7.5454e-02,  1.9019e-03, -1.5507e-02,
        -1.1385e-01,  1.1089e-01,  2.2798e-03,  2.9783e-02, -5.7110e-02,
        -6.6174e-02,  2.3319e-02,  5.2285e-02,  3.1721e-02, -6.8157e-02,
         1.3731e-01, -2.0818e-02, -8.6609e-02, -6.6145e-02,  1.3922e-01,
         6.8109e-06, -1.9197e-02, -5.8854e-02, -3.7073e-02, -1.1911e-01,
        -1.1239e-01,  8.2772e-02,  1.2098e-01,  1.3496e-01, -1.0210e-01,
         7.6490e-02, -8.7535e-02,  8.4366e-02,  1.0204e-01,  1.0944e-01,
         1.0183e-01,  8.8469e-02,  2.7526e-03,  6.4981e-02, -5.0596e-02,
         6.1580e-02, -4.5453e-02, -2.3747e-03, -1.2309e-01, -3.6978e-02,
        -7.4370e-02, -4.7704e-02, -9.0310e-02, -1.2720e-01,  9.2089e-03,
         9.1780e-02,  1.2880e-01,  8.2527e-02, -7.3304e-02, -1.3987e-01,
         5.3643e-02,  7.9240e-02, -1.2141e-01,  5.0712e-02,  1.1957e-01,
         8.5668e-03, -8.5201e-02,  1.1595e-01,  6.0389e-02,  9.3649e-02],
       device='cuda:1', requires_grad=True)
rank: flatten_data 1 tensor([-7.6220e-02,  7.3904e-02, -1.3385e-01, -5.4702e-02, -2.7552e-02,
        -1.2017e-01, -8.9928e-02, -2.3083e-02,  1.0731e-01,  1.3656e-01,
         8.9981e-02, -8.4446e-02, -9.2521e-02,  1.2342e-01,  5.0023e-02,
         3.7572e-03,  1.9139e-02, -1.1366e-01, -4.7219e-02,  1.3613e-01,
        -3.4879e-02, -7.0943e-03, -1.1743e-01, -7.9112e-02, -2.8878e-03,
        -8.7845e-02, -1.7538e-02,  5.7553e-02, -1.3834e-01,  4.2004e-02,
        -9.3509e-02, -6.9021e-02,  5.4293e-02,  1.1245e-01, -3.8652e-02,
        -5.8063e-02, -1.2788e-01, -7.2925e-02, -1.2383e-01, -3.2367e-02,
         2.8858e-02, -1.3249e-01,  1.2348e-01,  8.8726e-02, -1.3844e-01,
        -6.7548e-02,  4.6125e-02, -2.9056e-02, -1.5412e-02, -6.3854e-02,
         1.1359e-01, -7.9054e-02,  1.1728e-01,  9.1248e-03,  2.8429e-02,
         1.1033e-01, -2.3301e-02, -8.0517e-02, -2.2873e-02,  1.1470e-01,
        -1.0493e-01,  3.2100e-02, -1.3899e-01,  7.4148e-02,  5.2251e-02,
         5.9952e-03,  6.0697e-02,  1.5906e-04,  7.8256e-02, -1.1195e-01,
        -2.0768e-02,  6.2737e-02,  1.4083e-01,  7.2039e-02, -1.0284e-01,
         1.0877e-01, -3.1537e-02, -3.0196e-02, -1.2854e-01, -2.2262e-02,
         1.0003e-01,  1.9720e-02, -8.2371e-02,  4.3531e-02, -4.5346e-02,
         1.2912e-01, -1.2275e-01, -4.4672e-02, -1.3655e-01, -5.5696e-02,
         4.4583e-02,  1.3613e-01,  2.3751e-02,  1.3864e-01,  2.7669e-02,
         8.1676e-02,  1.1337e-01,  1.1822e-01, -7.9157e-02,  1.3002e-01,
         8.5668e-02, -6.6126e-02, -6.7487e-02, -1.1862e-01,  3.5516e-02,
        -1.1463e-01,  5.9740e-02,  4.4661e-02, -1.2287e-01,  3.8537e-02,
        -1.1502e-02,  6.4604e-02,  8.1146e-02, -1.4059e-01,  1.2970e-01,
         1.1860e-01,  5.6269e-02, -1.2925e-01, -5.0519e-02, -4.0985e-02,
        -3.6345e-02,  7.9751e-02,  5.1417e-02,  1.1203e-01, -5.2966e-02,
         4.7594e-02,  5.0317e-02, -1.1775e-01, -1.3718e-01, -7.3382e-02,
         9.6810e-02, -1.3314e-01, -1.2310e-01,  7.9224e-02,  7.6301e-02,
         1.1630e-01, -1.0676e-01, -1.0351e-01,  7.2547e-02,  1.2298e-01,
         8.4618e-02,  2.2154e-02,  4.6609e-02,  1.3423e-01, -9.1246e-02,
        -6.4207e-02,  9.8920e-02, -9.6766e-02, -7.7982e-02,  1.0324e-01,
         4.4622e-02,  4.5689e-02, -5.9940e-02, -1.9517e-03,  1.2943e-01,
        -8.4884e-02,  1.1119e-03,  6.7260e-02, -9.7631e-02,  1.3735e-01,
        -7.0656e-02, -3.3960e-02, -3.8264e-02, -9.2158e-02, -1.3877e-01,
         7.9741e-02,  3.7572e-02, -1.3246e-01, -9.1023e-02,  1.3978e-01,
         5.4056e-02,  5.6745e-02, -8.4612e-02, -6.1999e-02, -2.1348e-02,
        -2.5863e-02, -9.6909e-02,  1.1651e-02,  1.4056e-02, -1.7907e-02,
         1.9606e-02, -5.6052e-02,  3.6805e-02,  5.3336e-02, -7.4492e-02,
        -1.4023e-01,  7.4025e-02,  3.3734e-02, -7.1925e-02,  1.3629e-01,
        -6.3958e-02,  9.5565e-02,  7.1747e-02, -1.1857e-01,  9.1208e-02,
        -1.3003e-01, -7.8350e-02, -2.3577e-02, -9.5325e-02,  1.3816e-01,
        -2.8366e-02,  5.6171e-02, -1.2628e-01,  8.1412e-02, -4.3951e-02,
        -1.0758e-01,  2.0679e-02,  6.8513e-02,  1.2239e-01, -8.6379e-02,
        -6.9594e-02,  2.7190e-02,  3.8362e-02,  5.4373e-02,  7.7623e-02,
        -3.2068e-02,  7.8569e-02,  1.0427e-01, -3.6942e-02,  1.0062e-01,
         6.9096e-02,  1.2474e-01, -8.0366e-02, -6.9835e-02, -4.0890e-02,
         7.1738e-03,  8.4881e-02, -8.0732e-02,  7.0803e-02, -5.0683e-02,
         8.5434e-02, -6.7143e-03, -1.2390e-01, -7.7817e-02, -1.0235e-01,
         7.0140e-02, -9.4830e-02, -1.1783e-02,  3.0512e-02, -7.7555e-02,
         4.0796e-02, -1.3809e-01, -1.0119e-01, -1.2815e-01, -4.2777e-02,
        -5.1519e-02,  2.0251e-02, -2.6151e-02,  6.6480e-02,  1.2965e-01,
         5.0741e-02, -5.5715e-02, -1.3242e-01,  5.1223e-02, -7.0068e-02,
         7.1966e-02,  9.4538e-02,  5.4549e-02,  1.3270e-01,  1.3432e-01,
         2.9945e-02, -1.0304e-01,  1.2635e-01, -6.7104e-02, -6.6801e-02,
         1.1834e-01,  1.0957e-01,  4.2731e-02,  8.8648e-03, -1.1896e-01,
        -1.4680e-02,  1.3564e-01,  3.6014e-02,  1.2108e-02, -2.9366e-02,
        -4.9325e-02,  8.4290e-02,  8.7212e-03,  9.2005e-02, -2.5031e-02,
         6.1788e-02,  5.8374e-02,  2.2552e-02,  8.8865e-02,  8.8621e-02,
         1.3109e-01,  1.0872e-01, -3.6161e-02, -1.1973e-01,  2.5854e-02,
        -1.2344e-03, -3.6886e-02, -2.3682e-02,  6.6514e-03,  1.0319e-01,
         4.4087e-02, -5.0218e-02, -5.8156e-02, -3.5020e-02, -5.4660e-02,
         1.2717e-01,  7.4903e-02,  1.2770e-01,  4.5165e-04,  2.8521e-02,
         4.9040e-02, -1.3386e-01,  1.2628e-02, -9.4597e-03, -7.9288e-02,
        -1.0974e-01,  1.2520e-01,  1.1498e-01,  6.5544e-02,  1.3495e-01,
        -5.7390e-02, -2.4427e-02,  5.3545e-02, -2.3367e-02, -2.7752e-02,
        -1.1689e-01,  3.7994e-02, -8.5465e-02,  5.1430e-03,  1.3788e-01,
        -4.3532e-02, -4.4575e-02,  8.5321e-02, -5.1994e-02, -1.2145e-02,
         1.3205e-01, -5.7979e-02, -1.0117e-01, -7.9146e-02, -3.9208e-02,
        -6.7104e-02, -7.3388e-02,  5.7126e-02,  2.4033e-02, -4.5264e-02,
        -1.0987e-01, -4.4528e-02, -5.9685e-02, -4.6021e-02, -1.2758e-01,
         3.0466e-02, -1.0391e-01, -1.1014e-01, -1.1555e-01,  5.9027e-02,
        -8.5139e-02, -5.8372e-02,  1.1085e-01,  7.5090e-02,  8.1090e-02,
        -1.3428e-01, -1.0141e-01, -5.3388e-02,  1.1683e-01,  1.4467e-02,
        -1.0577e-01,  8.8556e-04, -1.0984e-01, -3.0985e-02, -3.8887e-02,
         1.2242e-01,  4.3803e-02, -2.4660e-02,  2.3890e-02, -4.0823e-02,
         5.5565e-02,  5.5941e-02,  3.7978e-02, -5.5123e-02,  1.2065e-01,
        -2.0417e-02, -5.5058e-02,  8.8574e-02,  1.1527e-01,  1.4074e-01,
         4.1897e-02, -4.8210e-02,  7.1827e-02,  1.2133e-01, -1.3871e-01,
        -1.7520e-02, -9.6444e-02,  2.6355e-02,  5.8490e-02, -2.9216e-02,
        -1.1831e-02,  6.3655e-02, -2.3769e-02, -1.1876e-01,  1.1316e-01,
        -7.1179e-02, -1.5536e-02,  1.3340e-02, -8.4990e-03, -1.3303e-01,
         6.4884e-02, -6.4238e-02, -7.3350e-02,  3.3788e-02, -7.3802e-02,
        -6.5359e-02, -4.7652e-02, -5.3129e-02, -5.9063e-02, -3.8139e-02,
         3.6752e-02, -1.1444e-01, -8.5600e-02,  2.0635e-03,  1.9667e-02,
         7.8106e-02, -9.9341e-02,  4.5141e-02,  8.0382e-02,  7.8526e-02,
        -1.3172e-01, -5.3967e-02, -1.2156e-01, -8.9493e-02,  7.8769e-02,
        -2.1117e-02,  6.0063e-02, -8.3015e-02,  2.1490e-02, -8.5540e-02,
         7.0695e-02, -6.1855e-02, -3.5463e-02, -1.2270e-01,  4.6719e-04,
         1.3428e-01,  6.8643e-02, -7.5454e-02,  1.9019e-03, -1.5507e-02,
        -1.1385e-01,  1.1089e-01,  2.2798e-03,  2.9783e-02, -5.7110e-02,
        -6.6174e-02,  2.3319e-02,  5.2285e-02,  3.1721e-02, -6.8157e-02,
         1.3731e-01, -2.0818e-02, -8.6609e-02, -6.6145e-02,  1.3922e-01,
         6.8109e-06, -1.9197e-02, -5.8854e-02, -3.7073e-02, -1.1911e-01,
        -1.1239e-01,  8.2772e-02,  1.2098e-01,  1.3496e-01, -1.0210e-01,
         7.6490e-02, -8.7535e-02,  8.4366e-02,  1.0204e-01,  1.0944e-01,
         1.0183e-01,  8.8469e-02,  2.7526e-03,  6.4981e-02, -5.0596e-02,
         6.1580e-02, -4.5453e-02, -2.3747e-03, -1.2309e-01, -3.6978e-02,
        -7.4370e-02, -4.7704e-02, -9.0310e-02, -1.2720e-01,  9.2089e-03,
         9.1780e-02,  1.2880e-01,  8.2527e-02, -7.3304e-02, -1.3987e-01,
         5.3643e-02,  7.9240e-02, -1.2141e-01,  5.0712e-02,  1.1957e-01,
         8.5668e-03, -8.5201e-02,  1.1595e-01,  6.0389e-02,  9.3649e-02],
       device='cuda:1')
rank: local_param 0 tensor([-0.0762,  0.0739, -0.1338, -0.0547, -0.0276, -0.1202, -0.0899, -0.0231,
         0.1073,  0.1366,  0.0900, -0.0844, -0.0925,  0.1234,  0.0500,  0.0038,
         0.0191, -0.1137, -0.0472,  0.1361, -0.0349, -0.0071, -0.1174, -0.0791,
        -0.0029, -0.0878, -0.0175,  0.0576, -0.1383,  0.0420, -0.0935, -0.0690,
         0.0543,  0.1124, -0.0387, -0.0581, -0.1279, -0.0729, -0.1238, -0.0324,
         0.0289, -0.1325,  0.1235,  0.0887, -0.1384, -0.0675,  0.0461, -0.0291,
        -0.0154, -0.0639,  0.1136, -0.0791,  0.1173,  0.0091,  0.0284,  0.1103,
        -0.0233, -0.0805, -0.0229,  0.1147, -0.1049,  0.0321, -0.1390,  0.0741,
         0.0523,  0.0060,  0.0607,  0.0002,  0.0783, -0.1120, -0.0208,  0.0627,
         0.1408,  0.0720, -0.1028,  0.1088, -0.0315, -0.0302, -0.1285, -0.0223,
         0.1000,  0.0197, -0.0824,  0.0435, -0.0453,  0.1291, -0.1227, -0.0447,
        -0.1366, -0.0557,  0.0446,  0.1361,  0.0238,  0.1386,  0.0277,  0.0817,
         0.1134,  0.1182, -0.0792,  0.1300,  0.0857, -0.0661, -0.0675, -0.1186,
         0.0355, -0.1146,  0.0597,  0.0447, -0.1229,  0.0385, -0.0115,  0.0646,
         0.0811, -0.1406,  0.1297,  0.1186,  0.0563, -0.1293, -0.0505, -0.0410,
        -0.0363,  0.0798,  0.0514,  0.1120, -0.0530,  0.0476,  0.0503, -0.1177,
        -0.1372, -0.0734,  0.0968, -0.1331, -0.1231,  0.0792,  0.0763,  0.1163,
        -0.1068, -0.1035,  0.0725,  0.1230,  0.0846,  0.0222,  0.0466,  0.1342,
        -0.0912, -0.0642,  0.0989, -0.0968, -0.0780,  0.1032,  0.0446,  0.0457,
        -0.0599, -0.0020,  0.1294, -0.0849,  0.0011,  0.0673, -0.0976,  0.1373,
        -0.0707, -0.0340, -0.0383, -0.0922, -0.1388,  0.0797,  0.0376, -0.1325,
        -0.0910,  0.1398,  0.0541,  0.0567, -0.0846, -0.0620, -0.0213, -0.0259,
        -0.0969,  0.0117,  0.0141, -0.0179,  0.0196, -0.0561,  0.0368,  0.0533,
        -0.0745, -0.1402,  0.0740,  0.0337, -0.0719,  0.1363, -0.0640,  0.0956,
         0.0717, -0.1186,  0.0912, -0.1300, -0.0783, -0.0236, -0.0953,  0.1382,
        -0.0284,  0.0562, -0.1263,  0.0814, -0.0440, -0.1076,  0.0207,  0.0685,
         0.1224, -0.0864, -0.0696,  0.0272,  0.0384,  0.0544,  0.0776, -0.0321,
         0.0786,  0.1043, -0.0369,  0.1006,  0.0691,  0.1247, -0.0804, -0.0698,
        -0.0409,  0.0072,  0.0849, -0.0807,  0.0708, -0.0507,  0.0854, -0.0067,
        -0.1239, -0.0778, -0.1024,  0.0701, -0.0948, -0.0118,  0.0305, -0.0776,
         0.0408, -0.1381, -0.1012, -0.1281, -0.0428, -0.0515,  0.0203, -0.0262,
         0.0665,  0.1297], device='cuda:0', requires_grad=True)
rank: flatten_data 0 tensor([-7.6220e-02,  7.3904e-02, -1.3385e-01, -5.4702e-02, -2.7552e-02,
        -1.2017e-01, -8.9928e-02, -2.3083e-02,  1.0731e-01,  1.3656e-01,
         8.9981e-02, -8.4446e-02, -9.2521e-02,  1.2342e-01,  5.0023e-02,
         3.7572e-03,  1.9139e-02, -1.1366e-01, -4.7219e-02,  1.3613e-01,
        -3.4879e-02, -7.0943e-03, -1.1743e-01, -7.9112e-02, -2.8878e-03,
        -8.7845e-02, -1.7538e-02,  5.7553e-02, -1.3834e-01,  4.2004e-02,
        -9.3509e-02, -6.9021e-02,  5.4293e-02,  1.1245e-01, -3.8652e-02,
        -5.8063e-02, -1.2788e-01, -7.2925e-02, -1.2383e-01, -3.2367e-02,
         2.8858e-02, -1.3249e-01,  1.2348e-01,  8.8726e-02, -1.3844e-01,
        -6.7548e-02,  4.6125e-02, -2.9056e-02, -1.5412e-02, -6.3854e-02,
         1.1359e-01, -7.9054e-02,  1.1728e-01,  9.1248e-03,  2.8429e-02,
         1.1033e-01, -2.3301e-02, -8.0517e-02, -2.2873e-02,  1.1470e-01,
        -1.0493e-01,  3.2100e-02, -1.3899e-01,  7.4148e-02,  5.2251e-02,
         5.9952e-03,  6.0697e-02,  1.5906e-04,  7.8256e-02, -1.1195e-01,
        -2.0768e-02,  6.2737e-02,  1.4083e-01,  7.2039e-02, -1.0284e-01,
         1.0877e-01, -3.1537e-02, -3.0196e-02, -1.2854e-01, -2.2262e-02,
         1.0003e-01,  1.9720e-02, -8.2371e-02,  4.3531e-02, -4.5346e-02,
         1.2912e-01, -1.2275e-01, -4.4672e-02, -1.3655e-01, -5.5696e-02,
         4.4583e-02,  1.3613e-01,  2.3751e-02,  1.3864e-01,  2.7669e-02,
         8.1676e-02,  1.1337e-01,  1.1822e-01, -7.9157e-02,  1.3002e-01,
         8.5668e-02, -6.6126e-02, -6.7487e-02, -1.1862e-01,  3.5516e-02,
        -1.1463e-01,  5.9740e-02,  4.4661e-02, -1.2287e-01,  3.8537e-02,
        -1.1502e-02,  6.4604e-02,  8.1146e-02, -1.4059e-01,  1.2970e-01,
         1.1860e-01,  5.6269e-02, -1.2925e-01, -5.0519e-02, -4.0985e-02,
        -3.6345e-02,  7.9751e-02,  5.1417e-02,  1.1203e-01, -5.2966e-02,
         4.7594e-02,  5.0317e-02, -1.1775e-01, -1.3718e-01, -7.3382e-02,
         9.6810e-02, -1.3314e-01, -1.2310e-01,  7.9224e-02,  7.6301e-02,
         1.1630e-01, -1.0676e-01, -1.0351e-01,  7.2547e-02,  1.2298e-01,
         8.4618e-02,  2.2154e-02,  4.6609e-02,  1.3423e-01, -9.1246e-02,
        -6.4207e-02,  9.8920e-02, -9.6766e-02, -7.7982e-02,  1.0324e-01,
         4.4622e-02,  4.5689e-02, -5.9940e-02, -1.9517e-03,  1.2943e-01,
        -8.4884e-02,  1.1119e-03,  6.7260e-02, -9.7631e-02,  1.3735e-01,
        -7.0656e-02, -3.3960e-02, -3.8264e-02, -9.2158e-02, -1.3877e-01,
         7.9741e-02,  3.7572e-02, -1.3246e-01, -9.1023e-02,  1.3978e-01,
         5.4056e-02,  5.6745e-02, -8.4612e-02, -6.1999e-02, -2.1348e-02,
        -2.5863e-02, -9.6909e-02,  1.1651e-02,  1.4056e-02, -1.7907e-02,
         1.9606e-02, -5.6052e-02,  3.6805e-02,  5.3336e-02, -7.4492e-02,
        -1.4023e-01,  7.4025e-02,  3.3734e-02, -7.1925e-02,  1.3629e-01,
        -6.3958e-02,  9.5565e-02,  7.1747e-02, -1.1857e-01,  9.1208e-02,
        -1.3003e-01, -7.8350e-02, -2.3577e-02, -9.5325e-02,  1.3816e-01,
        -2.8366e-02,  5.6171e-02, -1.2628e-01,  8.1412e-02, -4.3951e-02,
        -1.0758e-01,  2.0679e-02,  6.8513e-02,  1.2239e-01, -8.6379e-02,
        -6.9594e-02,  2.7190e-02,  3.8362e-02,  5.4373e-02,  7.7623e-02,
        -3.2068e-02,  7.8569e-02,  1.0427e-01, -3.6942e-02,  1.0062e-01,
         6.9096e-02,  1.2474e-01, -8.0366e-02, -6.9835e-02, -4.0890e-02,
         7.1738e-03,  8.4881e-02, -8.0732e-02,  7.0803e-02, -5.0683e-02,
         8.5434e-02, -6.7143e-03, -1.2390e-01, -7.7817e-02, -1.0235e-01,
         7.0140e-02, -9.4830e-02, -1.1783e-02,  3.0512e-02, -7.7555e-02,
         4.0796e-02, -1.3809e-01, -1.0119e-01, -1.2815e-01, -4.2777e-02,
        -5.1519e-02,  2.0251e-02, -2.6151e-02,  6.6480e-02,  1.2965e-01,
         5.0741e-02, -5.5715e-02, -1.3242e-01,  5.1223e-02, -7.0068e-02,
         7.1966e-02,  9.4538e-02,  5.4549e-02,  1.3270e-01,  1.3432e-01,
         2.9945e-02, -1.0304e-01,  1.2635e-01, -6.7104e-02, -6.6801e-02,
         1.1834e-01,  1.0957e-01,  4.2731e-02,  8.8648e-03, -1.1896e-01,
        -1.4680e-02,  1.3564e-01,  3.6014e-02,  1.2108e-02, -2.9366e-02,
        -4.9325e-02,  8.4290e-02,  8.7212e-03,  9.2005e-02, -2.5031e-02,
         6.1788e-02,  5.8374e-02,  2.2552e-02,  8.8865e-02,  8.8621e-02,
         1.3109e-01,  1.0872e-01, -3.6161e-02, -1.1973e-01,  2.5854e-02,
        -1.2344e-03, -3.6886e-02, -2.3682e-02,  6.6514e-03,  1.0319e-01,
         4.4087e-02, -5.0218e-02, -5.8156e-02, -3.5020e-02, -5.4660e-02,
         1.2717e-01,  7.4903e-02,  1.2770e-01,  4.5165e-04,  2.8521e-02,
         4.9040e-02, -1.3386e-01,  1.2628e-02, -9.4597e-03, -7.9288e-02,
        -1.0974e-01,  1.2520e-01,  1.1498e-01,  6.5544e-02,  1.3495e-01,
        -5.7390e-02, -2.4427e-02,  5.3545e-02, -2.3367e-02, -2.7752e-02,
        -1.1689e-01,  3.7994e-02, -8.5465e-02,  5.1430e-03,  1.3788e-01,
        -4.3532e-02, -4.4575e-02,  8.5321e-02, -5.1994e-02, -1.2145e-02,
         1.3205e-01, -5.7979e-02, -1.0117e-01, -7.9146e-02, -3.9208e-02,
        -6.7104e-02, -7.3388e-02,  5.7126e-02,  2.4033e-02, -4.5264e-02,
        -1.0987e-01, -4.4528e-02, -5.9685e-02, -4.6021e-02, -1.2758e-01,
         3.0466e-02, -1.0391e-01, -1.1014e-01, -1.1555e-01,  5.9027e-02,
        -8.5139e-02, -5.8372e-02,  1.1085e-01,  7.5090e-02,  8.1090e-02,
        -1.3428e-01, -1.0141e-01, -5.3388e-02,  1.1683e-01,  1.4467e-02,
        -1.0577e-01,  8.8556e-04, -1.0984e-01, -3.0985e-02, -3.8887e-02,
         1.2242e-01,  4.3803e-02, -2.4660e-02,  2.3890e-02, -4.0823e-02,
         5.5565e-02,  5.5941e-02,  3.7978e-02, -5.5123e-02,  1.2065e-01,
        -2.0417e-02, -5.5058e-02,  8.8574e-02,  1.1527e-01,  1.4074e-01,
         4.1897e-02, -4.8210e-02,  7.1827e-02,  1.2133e-01, -1.3871e-01,
        -1.7520e-02, -9.6444e-02,  2.6355e-02,  5.8490e-02, -2.9216e-02,
        -1.1831e-02,  6.3655e-02, -2.3769e-02, -1.1876e-01,  1.1316e-01,
        -7.1179e-02, -1.5536e-02,  1.3340e-02, -8.4990e-03, -1.3303e-01,
         6.4884e-02, -6.4238e-02, -7.3350e-02,  3.3788e-02, -7.3802e-02,
        -6.5359e-02, -4.7652e-02, -5.3129e-02, -5.9063e-02, -3.8139e-02,
         3.6752e-02, -1.1444e-01, -8.5600e-02,  2.0635e-03,  1.9667e-02,
         7.8106e-02, -9.9341e-02,  4.5141e-02,  8.0382e-02,  7.8526e-02,
        -1.3172e-01, -5.3967e-02, -1.2156e-01, -8.9493e-02,  7.8769e-02,
        -2.1117e-02,  6.0063e-02, -8.3015e-02,  2.1490e-02, -8.5540e-02,
         7.0695e-02, -6.1855e-02, -3.5463e-02, -1.2270e-01,  4.6719e-04,
         1.3428e-01,  6.8643e-02, -7.5454e-02,  1.9019e-03, -1.5507e-02,
        -1.1385e-01,  1.1089e-01,  2.2798e-03,  2.9783e-02, -5.7110e-02,
        -6.6174e-02,  2.3319e-02,  5.2285e-02,  3.1721e-02, -6.8157e-02,
         1.3731e-01, -2.0818e-02, -8.6609e-02, -6.6145e-02,  1.3922e-01,
         6.8109e-06, -1.9197e-02, -5.8854e-02, -3.7073e-02, -1.1911e-01,
        -1.1239e-01,  8.2772e-02,  1.2098e-01,  1.3496e-01, -1.0210e-01,
         7.6490e-02, -8.7535e-02,  8.4366e-02,  1.0204e-01,  1.0944e-01,
         1.0183e-01,  8.8469e-02,  2.7526e-03,  6.4981e-02, -5.0596e-02,
         6.1580e-02, -4.5453e-02, -2.3747e-03, -1.2309e-01, -3.6978e-02,
        -7.4370e-02, -4.7704e-02, -9.0310e-02, -1.2720e-01,  9.2089e-03,
         9.1780e-02,  1.2880e-01,  8.2527e-02, -7.3304e-02, -1.3987e-01,
         5.3643e-02,  7.9240e-02, -1.2141e-01,  5.0712e-02,  1.1957e-01,
         8.5668e-03, -8.5201e-02,  1.1595e-01,  6.0389e-02,  9.3649e-02],
       device='cuda:0')
rank: local_param 0 tensor([-0.1264,  0.0707, -0.1273, -0.0172,  0.0084,  0.1005, -0.0512,  0.0407,
         0.0219,  0.0832,  0.0084,  0.0530, -0.0854, -0.0983,  0.1260, -0.1030,
        -0.0241, -0.0171,  0.1383, -0.0306, -0.1077, -0.0359,  0.0729,  0.0560,
         0.1170, -0.0290,  0.0666, -0.1331,  0.0547,  0.0650,  0.0912, -0.0811,
        -0.0378,  0.0342, -0.1005, -0.1125, -0.1361,  0.0079,  0.0878,  0.0363,
         0.0086,  0.0493, -0.0889,  0.0149, -0.0351, -0.0700,  0.1220, -0.1094,
         0.0207, -0.1243, -0.0048, -0.0628,  0.0465, -0.0794,  0.0905, -0.1148,
         0.0849, -0.1062,  0.0757, -0.0595, -0.0003, -0.0258,  0.0918,  0.0463,
        -0.1246,  0.0130, -0.0976,  0.1057,  0.0232, -0.0364, -0.0721,  0.0490,
        -0.0847,  0.0671,  0.0772,  0.0868,  0.0369, -0.1238,  0.1017, -0.0439,
        -0.0418, -0.0152,  0.1034,  0.1087,  0.0218,  0.0675, -0.1318,  0.0003,
        -0.1251,  0.0481, -0.1008, -0.0504,  0.0989,  0.1352, -0.0849, -0.0785,
         0.0175,  0.0556, -0.0230, -0.0442, -0.0929,  0.0604,  0.1386, -0.0685,
         0.0667,  0.0691,  0.1137, -0.0161,  0.0045,  0.1039,  0.0894,  0.1397,
        -0.0405,  0.0560,  0.0988, -0.0960,  0.0281, -0.0316,  0.0909, -0.0635,
         0.0099,  0.0846, -0.1296, -0.1194, -0.0724], device='cuda:0',
       requires_grad=True)
rank: flatten_data 0 tensor([-0.1264,  0.0707, -0.1273, -0.0172,  0.0084,  0.1005, -0.0512,  0.0407,
         0.0219,  0.0832,  0.0084,  0.0530, -0.0854, -0.0983,  0.1260, -0.1030,
        -0.0241, -0.0171,  0.1383, -0.0306, -0.1077, -0.0359,  0.0729,  0.0560,
         0.1170, -0.0290,  0.0666, -0.1331,  0.0547,  0.0650,  0.0912, -0.0811,
        -0.0378,  0.0342, -0.1005, -0.1125, -0.1361,  0.0079,  0.0878,  0.0363,
         0.0086,  0.0493, -0.0889,  0.0149, -0.0351, -0.0700,  0.1220, -0.1094,
         0.0207, -0.1243, -0.0048, -0.0628,  0.0465, -0.0794,  0.0905, -0.1148,
         0.0849, -0.1062,  0.0757, -0.0595, -0.0003, -0.0258,  0.0918,  0.0463,
        -0.1246,  0.0130, -0.0976,  0.1057,  0.0232, -0.0364, -0.0721,  0.0490,
        -0.0847,  0.0671,  0.0772,  0.0868,  0.0369, -0.1238,  0.1017, -0.0439,
        -0.0418, -0.0152,  0.1034,  0.1087,  0.0218,  0.0675, -0.1318,  0.0003,
        -0.1251,  0.0481, -0.1008, -0.0504,  0.0989,  0.1352, -0.0849, -0.0785,
         0.0175,  0.0556, -0.0230, -0.0442, -0.0929,  0.0604,  0.1386, -0.0685,
         0.0667,  0.0691,  0.1137, -0.0161,  0.0045,  0.1039,  0.0894,  0.1397,
        -0.0405,  0.0560,  0.0988, -0.0960,  0.0281, -0.0316,  0.0909, -0.0635,
         0.0099,  0.0846, -0.1296, -0.1194, -0.0724,  0.0907,  0.0948, -0.0966,
         0.0270, -0.0749, -0.0656,  0.1220,  0.0683, -0.0387,  0.0208,  0.0274,
         0.0331, -0.0484, -0.0833,  0.0936,  0.0190,  0.0592, -0.0536,  0.0685,
         0.1029,  0.0860,  0.0385,  0.1391, -0.0003,  0.0301,  0.1344,  0.1374,
        -0.0597,  0.1274,  0.0522, -0.0158,  0.1235, -0.0733,  0.0919,  0.1401,
        -0.0975, -0.0835, -0.1401, -0.0255, -0.1284, -0.0474,  0.0429,  0.1000,
         0.0788,  0.0785,  0.0587, -0.0877, -0.1123,  0.0059,  0.1343,  0.0080,
        -0.0122, -0.0960, -0.0701, -0.1090,  0.1132, -0.0230, -0.1249,  0.0152,
         0.0103, -0.0175,  0.0506,  0.0761, -0.1330, -0.1083, -0.0068, -0.1311,
        -0.1285,  0.1249, -0.0108, -0.0699, -0.0485, -0.1104,  0.1104, -0.0307,
        -0.0795, -0.1073,  0.0827, -0.0195, -0.0149, -0.0369, -0.0683,  0.0252,
         0.1088, -0.0820,  0.0068, -0.1076, -0.0663,  0.1241,  0.0015,  0.1362,
        -0.0248, -0.0771, -0.0845,  0.1253, -0.1088,  0.0742,  0.0352,  0.0417,
         0.0798, -0.0370,  0.0875, -0.1127, -0.0498,  0.1035,  0.0420, -0.0188,
        -0.0330, -0.0864,  0.0860, -0.0045, -0.0048,  0.0334,  0.1044, -0.0722,
        -0.0487,  0.0958,  0.0799, -0.0696, -0.1399,  0.0262,  0.0744,  0.0338,
         0.1003, -0.1122], device='cuda:0')
rank: local_param 0 tensor([ 0.2418,  0.2625, -0.0741,  0.2905, -0.0693,  0.0638, -0.1540,  0.1857,
         0.2788, -0.2320,  0.2749,  0.0592,  0.2336,  0.0428,  0.1525, -0.0446,
         0.2438,  0.0467, -0.1476,  0.0806, -0.1457, -0.0371, -0.1284,  0.2098,
        -0.2496, -0.1458, -0.0893, -0.1901,  0.0298, -0.3123,  0.2856, -0.2686,
         0.2441,  0.0526, -0.1027,  0.1954,  0.0493,  0.2555,  0.0346, -0.0997,
         0.0850, -0.0858,  0.1331,  0.2823,  0.1828, -0.1382,  0.1825,  0.0566,
         0.1606, -0.1927], device='cuda:0', requires_grad=True)
rank: flatten_data 0 tensor([ 0.2418,  0.2625, -0.0741,  0.2905, -0.0693,  0.0638, -0.1540,  0.1857,
         0.2788, -0.2320,  0.2749,  0.0592,  0.2336,  0.0428,  0.1525, -0.0446,
         0.2438,  0.0467, -0.1476,  0.0806, -0.1457, -0.0371, -0.1284,  0.2098,
        -0.2496, -0.1458, -0.0893, -0.1901,  0.0298, -0.3123,  0.2856, -0.2686,
         0.2441,  0.0526, -0.1027,  0.1954,  0.0493,  0.2555,  0.0346, -0.0997,
         0.0850, -0.0858,  0.1331,  0.2823,  0.1828, -0.1382,  0.1825,  0.0566,
         0.1606, -0.1927, -0.3130, -0.1222, -0.2426,  0.2595,  0.0911,  0.1310,
         0.1000, -0.0055,  0.2475, -0.2247,  0.0199, -0.2158,  0.0975, -0.1089,
         0.0969, -0.0659,  0.2623, -0.1874, -0.1886, -0.1886,  0.2844,  0.1054,
         0.3043, -0.2610, -0.3137, -0.2474, -0.2127,  0.1281,  0.1132,  0.2628,
        -0.1633, -0.2156,  0.1678, -0.1278,  0.1919, -0.0750,  0.1809, -0.2457,
        -0.1596,  0.0964,  0.0669, -0.0806,  0.1885,  0.2150, -0.2293, -0.1688,
         0.2896, -0.1067, -0.1121, -0.3060], device='cuda:0')
rank: local_param 0 tensor([-0.1811,  0.0790, -0.0417, -0.2295,  0.0074, -0.2160, -0.2683, -0.1741,
        -0.2768, -0.2014,  0.3161,  0.0597,  0.0974, -0.2949, -0.2077, -0.1053,
         0.0494, -0.2783, -0.1363, -0.1893,  0.0009, -0.1177, -0.0219, -0.2143,
        -0.2171, -0.1845, -0.1082, -0.2496,  0.2651, -0.0628,  0.2721,  0.0985,
        -0.2678,  0.2188, -0.0870, -0.1212, -0.2625, -0.3144,  0.0905, -0.0691,
         0.1231, -0.2595,  0.2348, -0.2321, -0.0546,  0.0661,  0.1633,  0.2553,
         0.2881, -0.2507,  0.0796, -0.1360, -0.0347, -0.2367,  0.2880, -0.2321,
         0.1690,  0.1111,  0.1028, -0.1710,  0.2874,  0.0695,  0.0407, -0.2787,
         0.1327, -0.0474, -0.1449,  0.2716,  0.0705, -0.1750, -0.1601, -0.0151,
         0.1766, -0.0808, -0.1804, -0.1083, -0.2362,  0.1128,  0.2448, -0.2977,
         0.0734,  0.1634,  0.0573, -0.1126,  0.1651,  0.1662,  0.1182, -0.0556,
        -0.0837,  0.0338, -0.0559, -0.0942,  0.2021,  0.2718, -0.0313, -0.0708,
         0.0046, -0.0189,  0.0760,  0.0886, -0.2872, -0.1167,  0.2663,  0.1232,
        -0.0157, -0.1907, -0.1935, -0.2833, -0.1031,  0.1068,  0.2016,  0.1460,
        -0.2795, -0.1902, -0.0499,  0.3059,  0.0457, -0.0819,  0.1308, -0.1204,
        -0.2047,  0.2308, -0.1438, -0.0634, -0.3146,  0.2116,  0.2396,  0.1152,
        -0.2205, -0.3121, -0.2568,  0.2358,  0.1518,  0.2661,  0.1657,  0.0800,
        -0.0031, -0.2405, -0.2709, -0.2958,  0.1295, -0.1553, -0.0636, -0.1820,
        -0.0576, -0.2226, -0.2066,  0.1049, -0.0940,  0.1952, -0.1014, -0.2320,
        -0.0558, -0.1533, -0.0967, -0.3010,  0.1769, -0.2202,  0.1589,  0.1435,
         0.2259, -0.2426,  0.2274, -0.1495,  0.1173,  0.2970, -0.0446, -0.0024,
        -0.0728, -0.2640,  0.1518, -0.3139,  0.1963,  0.2366,  0.2991, -0.0746,
        -0.2598,  0.0711,  0.1747, -0.3147, -0.0718, -0.1896, -0.0277, -0.1557,
        -0.1293, -0.1004, -0.3005,  0.2595,  0.2651, -0.0496, -0.0360, -0.1291,
        -0.2856, -0.3077,  0.1175, -0.1736, -0.2033, -0.0247, -0.1053, -0.1023,
         0.0102, -0.0671, -0.1089, -0.1514, -0.2574,  0.2652, -0.1266,  0.0838,
        -0.1097,  0.0257,  0.2948,  0.1457, -0.2740,  0.1255,  0.3002,  0.0832,
         0.2120,  0.3118, -0.0485,  0.0656, -0.2198, -0.0652,  0.2342,  0.1621,
        -0.2001, -0.2536, -0.2161, -0.3121, -0.2440, -0.0782,  0.2134,  0.0529,
        -0.2405, -0.2537,  0.1573, -0.2352, -0.0389,  0.1517, -0.1464, -0.0345,
        -0.0275, -0.0748, -0.1603, -0.2819, -0.2556, -0.1693,  0.3054, -0.1527,
        -0.2124,  0.0767], device='cuda:0', requires_grad=True)
rank: flatten_data 0 tensor([-0.1811,  0.0790, -0.0417, -0.2295,  0.0074, -0.2160, -0.2683, -0.1741,
        -0.2768, -0.2014,  0.3161,  0.0597,  0.0974, -0.2949, -0.2077, -0.1053,
         0.0494, -0.2783, -0.1363, -0.1893,  0.0009, -0.1177, -0.0219, -0.2143,
        -0.2171, -0.1845, -0.1082, -0.2496,  0.2651, -0.0628,  0.2721,  0.0985,
        -0.2678,  0.2188, -0.0870, -0.1212, -0.2625, -0.3144,  0.0905, -0.0691,
         0.1231, -0.2595,  0.2348, -0.2321, -0.0546,  0.0661,  0.1633,  0.2553,
         0.2881, -0.2507,  0.0796, -0.1360, -0.0347, -0.2367,  0.2880, -0.2321,
         0.1690,  0.1111,  0.1028, -0.1710,  0.2874,  0.0695,  0.0407, -0.2787,
         0.1327, -0.0474, -0.1449,  0.2716,  0.0705, -0.1750, -0.1601, -0.0151,
         0.1766, -0.0808, -0.1804, -0.1083, -0.2362,  0.1128,  0.2448, -0.2977,
         0.0734,  0.1634,  0.0573, -0.1126,  0.1651,  0.1662,  0.1182, -0.0556,
        -0.0837,  0.0338, -0.0559, -0.0942,  0.2021,  0.2718, -0.0313, -0.0708,
         0.0046, -0.0189,  0.0760,  0.0886, -0.2872, -0.1167,  0.2663,  0.1232,
        -0.0157, -0.1907, -0.1935, -0.2833, -0.1031,  0.1068,  0.2016,  0.1460,
        -0.2795, -0.1902, -0.0499,  0.3059,  0.0457, -0.0819,  0.1308, -0.1204,
        -0.2047,  0.2308, -0.1438, -0.0634, -0.3146,  0.2116,  0.2396,  0.1152,
        -0.2205, -0.3121, -0.2568,  0.2358,  0.1518,  0.2661,  0.1657,  0.0800,
        -0.0031, -0.2405, -0.2709, -0.2958,  0.1295, -0.1553, -0.0636, -0.1820,
        -0.0576, -0.2226, -0.2066,  0.1049, -0.0940,  0.1952, -0.1014, -0.2320,
        -0.0558, -0.1533, -0.0967, -0.3010,  0.1769, -0.2202,  0.1589,  0.1435,
         0.2259, -0.2426,  0.2274, -0.1495,  0.1173,  0.2970, -0.0446, -0.0024,
        -0.0728, -0.2640,  0.1518, -0.3139,  0.1963,  0.2366,  0.2991, -0.0746,
        -0.2598,  0.0711,  0.1747, -0.3147, -0.0718, -0.1896, -0.0277, -0.1557,
        -0.1293, -0.1004, -0.3005,  0.2595,  0.2651, -0.0496, -0.0360, -0.1291,
        -0.2856, -0.3077,  0.1175, -0.1736, -0.2033, -0.0247, -0.1053, -0.1023,
         0.0102, -0.0671, -0.1089, -0.1514, -0.2574,  0.2652, -0.1266,  0.0838,
        -0.1097,  0.0257,  0.2948,  0.1457, -0.2740,  0.1255,  0.3002,  0.0832,
         0.2120,  0.3118, -0.0485,  0.0656, -0.2198, -0.0652,  0.2342,  0.1621,
        -0.2001, -0.2536, -0.2161, -0.3121, -0.2440, -0.0782,  0.2134,  0.0529,
        -0.2405, -0.2537,  0.1573, -0.2352, -0.0389,  0.1517, -0.1464, -0.0345,
        -0.0275, -0.0748, -0.1603, -0.2819, -0.2556, -0.1693,  0.3054, -0.1527,
        -0.2124,  0.0767,  0.0872,  0.1733,  0.2404,  0.1761, -0.3135,  0.0280,
         0.1916, -0.0292, -0.1863,  0.3015, -0.1183, -0.1800, -0.2851,  0.0141,
         0.1401,  0.0700,  0.0625, -0.2398, -0.2953,  0.0056,  0.2883,  0.1824,
        -0.1841, -0.0410, -0.2331, -0.1526,  0.0573,  0.1722,  0.2620, -0.2903,
         0.2114, -0.2230,  0.1184,  0.2676,  0.0044,  0.2877, -0.2694, -0.1208,
         0.1844, -0.0689, -0.0647, -0.1318,  0.2180,  0.1551,  0.1013, -0.1777,
        -0.2567,  0.0342,  0.0937, -0.1460, -0.0885,  0.2136,  0.0252,  0.0143,
        -0.0778, -0.2864, -0.2973, -0.1512, -0.1607,  0.0985, -0.0921, -0.1237,
         0.3015,  0.1101,  0.2254, -0.1531, -0.1292,  0.1162, -0.2107, -0.2067,
        -0.0153, -0.1157, -0.2371,  0.1876,  0.2543,  0.0513, -0.0551, -0.2929,
        -0.1152,  0.0805,  0.1491, -0.0400, -0.1250,  0.1762, -0.2518,  0.1999,
        -0.1227,  0.0048, -0.0625,  0.0383, -0.0956,  0.2299, -0.0082,  0.2468,
         0.3040, -0.1541, -0.2307,  0.2537,  0.2478, -0.2415, -0.0244, -0.3118,
        -0.2589,  0.0611,  0.0841,  0.0670, -0.0861,  0.2917,  0.0452, -0.1866,
        -0.0179,  0.0759,  0.1107, -0.2236,  0.1185, -0.1616, -0.2628, -0.1727,
         0.3050,  0.2703,  0.2832,  0.1856,  0.2389, -0.0423, -0.1740,  0.1580,
        -0.1639, -0.2134, -0.1010,  0.0664,  0.1628, -0.1228, -0.1861,  0.0427,
        -0.1864, -0.2059,  0.1648, -0.0531,  0.2890,  0.3076,  0.0946,  0.1088,
         0.0728,  0.0050, -0.0230,  0.0043,  0.1181,  0.2940, -0.0820, -0.1337,
        -0.0766, -0.1528,  0.0538,  0.2360,  0.2473,  0.1452, -0.2327, -0.1697,
        -0.0695, -0.0583,  0.0260, -0.2903,  0.0984, -0.2412, -0.2001, -0.2629,
         0.2755, -0.2994,  0.2386, -0.0106, -0.0368,  0.1978, -0.0292,  0.1983,
         0.2286, -0.2746,  0.1217,  0.0597,  0.0680,  0.0462,  0.0865, -0.1521,
        -0.0405,  0.3005,  0.2125, -0.0119, -0.2974,  0.0139, -0.2153,  0.2572,
        -0.1920, -0.0228, -0.0702,  0.0563,  0.2976,  0.0300,  0.1831,  0.2455,
         0.2553, -0.1092, -0.0707,  0.1524, -0.0863,  0.1481, -0.0691, -0.2145,
         0.1287,  0.0485,  0.1410,  0.3142,  0.2159,  0.2998,  0.0169, -0.2720,
        -0.2218, -0.1964, -0.2787, -0.1585, -0.2911, -0.2918, -0.1890, -0.3117,
        -0.1941,  0.1206,  0.2638, -0.0941, -0.0920,  0.1689, -0.1560, -0.1495,
         0.1948, -0.2755,  0.0387,  0.2793,  0.0542,  0.0860, -0.1842, -0.0044,
         0.0174,  0.0776,  0.1229,  0.2748, -0.2414,  0.0095, -0.1580, -0.2502,
        -0.0253, -0.2784,  0.2207,  0.0366], device='cuda:0')
rank: local_param 1 tensor([ 0.0907,  0.0948, -0.0966,  0.0270, -0.0749, -0.0656,  0.1220,  0.0683,
        -0.0387,  0.0208,  0.0274,  0.0331, -0.0484, -0.0833,  0.0936,  0.0190,
         0.0592, -0.0536,  0.0685,  0.1029,  0.0860,  0.0385,  0.1391, -0.0003,
         0.0301,  0.1344,  0.1374, -0.0597,  0.1274,  0.0522, -0.0158,  0.1235,
        -0.0733,  0.0919,  0.1401, -0.0975, -0.0835, -0.1401, -0.0255, -0.1284,
        -0.0474,  0.0429,  0.1000,  0.0788,  0.0785,  0.0587, -0.0877, -0.1123,
         0.0059,  0.1343,  0.0080, -0.0122, -0.0960, -0.0701, -0.1090,  0.1132,
        -0.0230, -0.1249,  0.0152,  0.0103, -0.0175,  0.0506,  0.0761, -0.1330,
        -0.1083, -0.0068, -0.1311, -0.1285,  0.1249, -0.0108, -0.0699, -0.0485,
        -0.1104,  0.1104, -0.0307, -0.0795, -0.1073,  0.0827, -0.0195, -0.0149,
        -0.0369, -0.0683,  0.0252,  0.1088, -0.0820,  0.0068, -0.1076, -0.0663,
         0.1241,  0.0015,  0.1362, -0.0248, -0.0771, -0.0845,  0.1253, -0.1088,
         0.0742,  0.0352,  0.0417,  0.0798, -0.0370,  0.0875, -0.1127, -0.0498,
         0.1035,  0.0420, -0.0188, -0.0330, -0.0864,  0.0860, -0.0045, -0.0048,
         0.0334,  0.1044, -0.0722, -0.0487,  0.0958,  0.0799, -0.0696, -0.1399,
         0.0262,  0.0744,  0.0338,  0.1003, -0.1122], device='cuda:1',
       requires_grad=True)
rank: flatten_data 1 tensor([-0.1264,  0.0707, -0.1273, -0.0172,  0.0084,  0.1005, -0.0512,  0.0407,
         0.0219,  0.0832,  0.0084,  0.0530, -0.0854, -0.0983,  0.1260, -0.1030,
        -0.0241, -0.0171,  0.1383, -0.0306, -0.1077, -0.0359,  0.0729,  0.0560,
         0.1170, -0.0290,  0.0666, -0.1331,  0.0547,  0.0650,  0.0912, -0.0811,
        -0.0378,  0.0342, -0.1005, -0.1125, -0.1361,  0.0079,  0.0878,  0.0363,
         0.0086,  0.0493, -0.0889,  0.0149, -0.0351, -0.0700,  0.1220, -0.1094,
         0.0207, -0.1243, -0.0048, -0.0628,  0.0465, -0.0794,  0.0905, -0.1148,
         0.0849, -0.1062,  0.0757, -0.0595, -0.0003, -0.0258,  0.0918,  0.0463,
        -0.1246,  0.0130, -0.0976,  0.1057,  0.0232, -0.0364, -0.0721,  0.0490,
        -0.0847,  0.0671,  0.0772,  0.0868,  0.0369, -0.1238,  0.1017, -0.0439,
        -0.0418, -0.0152,  0.1034,  0.1087,  0.0218,  0.0675, -0.1318,  0.0003,
        -0.1251,  0.0481, -0.1008, -0.0504,  0.0989,  0.1352, -0.0849, -0.0785,
         0.0175,  0.0556, -0.0230, -0.0442, -0.0929,  0.0604,  0.1386, -0.0685,
         0.0667,  0.0691,  0.1137, -0.0161,  0.0045,  0.1039,  0.0894,  0.1397,
        -0.0405,  0.0560,  0.0988, -0.0960,  0.0281, -0.0316,  0.0909, -0.0635,
         0.0099,  0.0846, -0.1296, -0.1194, -0.0724,  0.0907,  0.0948, -0.0966,
         0.0270, -0.0749, -0.0656,  0.1220,  0.0683, -0.0387,  0.0208,  0.0274,
         0.0331, -0.0484, -0.0833,  0.0936,  0.0190,  0.0592, -0.0536,  0.0685,
         0.1029,  0.0860,  0.0385,  0.1391, -0.0003,  0.0301,  0.1344,  0.1374,
        -0.0597,  0.1274,  0.0522, -0.0158,  0.1235, -0.0733,  0.0919,  0.1401,
        -0.0975, -0.0835, -0.1401, -0.0255, -0.1284, -0.0474,  0.0429,  0.1000,
         0.0788,  0.0785,  0.0587, -0.0877, -0.1123,  0.0059,  0.1343,  0.0080,
        -0.0122, -0.0960, -0.0701, -0.1090,  0.1132, -0.0230, -0.1249,  0.0152,
         0.0103, -0.0175,  0.0506,  0.0761, -0.1330, -0.1083, -0.0068, -0.1311,
        -0.1285,  0.1249, -0.0108, -0.0699, -0.0485, -0.1104,  0.1104, -0.0307,
        -0.0795, -0.1073,  0.0827, -0.0195, -0.0149, -0.0369, -0.0683,  0.0252,
         0.1088, -0.0820,  0.0068, -0.1076, -0.0663,  0.1241,  0.0015,  0.1362,
        -0.0248, -0.0771, -0.0845,  0.1253, -0.1088,  0.0742,  0.0352,  0.0417,
         0.0798, -0.0370,  0.0875, -0.1127, -0.0498,  0.1035,  0.0420, -0.0188,
        -0.0330, -0.0864,  0.0860, -0.0045, -0.0048,  0.0334,  0.1044, -0.0722,
        -0.0487,  0.0958,  0.0799, -0.0696, -0.1399,  0.0262,  0.0744,  0.0338,
         0.1003, -0.1122], device='cuda:1')
rank: local_param 1 tensor([-0.3130, -0.1222, -0.2426,  0.2595,  0.0911,  0.1310,  0.1000, -0.0055,
         0.2475, -0.2247,  0.0199, -0.2158,  0.0975, -0.1089,  0.0969, -0.0659,
         0.2623, -0.1874, -0.1886, -0.1886,  0.2844,  0.1054,  0.3043, -0.2610,
        -0.3137, -0.2474, -0.2127,  0.1281,  0.1132,  0.2628, -0.1633, -0.2156,
         0.1678, -0.1278,  0.1919, -0.0750,  0.1809, -0.2457, -0.1596,  0.0964,
         0.0669, -0.0806,  0.1885,  0.2150, -0.2293, -0.1688,  0.2896, -0.1067,
        -0.1121, -0.3060], device='cuda:1', requires_grad=True)
rank: flatten_data 1 tensor([ 0.2418,  0.2625, -0.0741,  0.2905, -0.0693,  0.0638, -0.1540,  0.1857,
         0.2788, -0.2320,  0.2749,  0.0592,  0.2336,  0.0428,  0.1525, -0.0446,
         0.2438,  0.0467, -0.1476,  0.0806, -0.1457, -0.0371, -0.1284,  0.2098,
        -0.2496, -0.1458, -0.0893, -0.1901,  0.0298, -0.3123,  0.2856, -0.2686,
         0.2441,  0.0526, -0.1027,  0.1954,  0.0493,  0.2555,  0.0346, -0.0997,
         0.0850, -0.0858,  0.1331,  0.2823,  0.1828, -0.1382,  0.1825,  0.0566,
         0.1606, -0.1927, -0.3130, -0.1222, -0.2426,  0.2595,  0.0911,  0.1310,
         0.1000, -0.0055,  0.2475, -0.2247,  0.0199, -0.2158,  0.0975, -0.1089,
         0.0969, -0.0659,  0.2623, -0.1874, -0.1886, -0.1886,  0.2844,  0.1054,
         0.3043, -0.2610, -0.3137, -0.2474, -0.2127,  0.1281,  0.1132,  0.2628,
        -0.1633, -0.2156,  0.1678, -0.1278,  0.1919, -0.0750,  0.1809, -0.2457,
        -0.1596,  0.0964,  0.0669, -0.0806,  0.1885,  0.2150, -0.2293, -0.1688,
         0.2896, -0.1067, -0.1121, -0.3060], device='cuda:1')
rank: local_param 1 tensor([ 0.0872,  0.1733,  0.2404,  0.1761, -0.3135,  0.0280,  0.1916, -0.0292,
        -0.1863,  0.3015, -0.1183, -0.1800, -0.2851,  0.0141,  0.1401,  0.0700,
         0.0625, -0.2398, -0.2953,  0.0056,  0.2883,  0.1824, -0.1841, -0.0410,
        -0.2331, -0.1526,  0.0573,  0.1722,  0.2620, -0.2903,  0.2114, -0.2230,
         0.1184,  0.2676,  0.0044,  0.2877, -0.2694, -0.1208,  0.1844, -0.0689,
        -0.0647, -0.1318,  0.2180,  0.1551,  0.1013, -0.1777, -0.2567,  0.0342,
         0.0937, -0.1460, -0.0885,  0.2136,  0.0252,  0.0143, -0.0778, -0.2864,
        -0.2973, -0.1512, -0.1607,  0.0985, -0.0921, -0.1237,  0.3015,  0.1101,
         0.2254, -0.1531, -0.1292,  0.1162, -0.2107, -0.2067, -0.0153, -0.1157,
        -0.2371,  0.1876,  0.2543,  0.0513, -0.0551, -0.2929, -0.1152,  0.0805,
         0.1491, -0.0400, -0.1250,  0.1762, -0.2518,  0.1999, -0.1227,  0.0048,
        -0.0625,  0.0383, -0.0956,  0.2299, -0.0082,  0.2468,  0.3040, -0.1541,
        -0.2307,  0.2537,  0.2478, -0.2415, -0.0244, -0.3118, -0.2589,  0.0611,
         0.0841,  0.0670, -0.0861,  0.2917,  0.0452, -0.1866, -0.0179,  0.0759,
         0.1107, -0.2236,  0.1185, -0.1616, -0.2628, -0.1727,  0.3050,  0.2703,
         0.2832,  0.1856,  0.2389, -0.0423, -0.1740,  0.1580, -0.1639, -0.2134,
        -0.1010,  0.0664,  0.1628, -0.1228, -0.1861,  0.0427, -0.1864, -0.2059,
         0.1648, -0.0531,  0.2890,  0.3076,  0.0946,  0.1088,  0.0728,  0.0050,
        -0.0230,  0.0043,  0.1181,  0.2940, -0.0820, -0.1337, -0.0766, -0.1528,
         0.0538,  0.2360,  0.2473,  0.1452, -0.2327, -0.1697, -0.0695, -0.0583,
         0.0260, -0.2903,  0.0984, -0.2412, -0.2001, -0.2629,  0.2755, -0.2994,
         0.2386, -0.0106, -0.0368,  0.1978, -0.0292,  0.1983,  0.2286, -0.2746,
         0.1217,  0.0597,  0.0680,  0.0462,  0.0865, -0.1521, -0.0405,  0.3005,
         0.2125, -0.0119, -0.2974,  0.0139, -0.2153,  0.2572, -0.1920, -0.0228,
        -0.0702,  0.0563,  0.2976,  0.0300,  0.1831,  0.2455,  0.2553, -0.1092,
        -0.0707,  0.1524, -0.0863,  0.1481, -0.0691, -0.2145,  0.1287,  0.0485,
         0.1410,  0.3142,  0.2159,  0.2998,  0.0169, -0.2720, -0.2218, -0.1964,
        -0.2787, -0.1585, -0.2911, -0.2918, -0.1890, -0.3117, -0.1941,  0.1206,
         0.2638, -0.0941, -0.0920,  0.1689, -0.1560, -0.1495,  0.1948, -0.2755,
         0.0387,  0.2793,  0.0542,  0.0860, -0.1842, -0.0044,  0.0174,  0.0776,
         0.1229,  0.2748, -0.2414,  0.0095, -0.1580, -0.2502, -0.0253, -0.2784,
         0.2207,  0.0366], device='cuda:1', requires_grad=True)
rank: flatten_data 1 tensor([-0.1811,  0.0790, -0.0417, -0.2295,  0.0074, -0.2160, -0.2683, -0.1741,
        -0.2768, -0.2014,  0.3161,  0.0597,  0.0974, -0.2949, -0.2077, -0.1053,
         0.0494, -0.2783, -0.1363, -0.1893,  0.0009, -0.1177, -0.0219, -0.2143,
        -0.2171, -0.1845, -0.1082, -0.2496,  0.2651, -0.0628,  0.2721,  0.0985,
        -0.2678,  0.2188, -0.0870, -0.1212, -0.2625, -0.3144,  0.0905, -0.0691,
         0.1231, -0.2595,  0.2348, -0.2321, -0.0546,  0.0661,  0.1633,  0.2553,
         0.2881, -0.2507,  0.0796, -0.1360, -0.0347, -0.2367,  0.2880, -0.2321,
         0.1690,  0.1111,  0.1028, -0.1710,  0.2874,  0.0695,  0.0407, -0.2787,
         0.1327, -0.0474, -0.1449,  0.2716,  0.0705, -0.1750, -0.1601, -0.0151,
         0.1766, -0.0808, -0.1804, -0.1083, -0.2362,  0.1128,  0.2448, -0.2977,
         0.0734,  0.1634,  0.0573, -0.1126,  0.1651,  0.1662,  0.1182, -0.0556,
        -0.0837,  0.0338, -0.0559, -0.0942,  0.2021,  0.2718, -0.0313, -0.0708,
         0.0046, -0.0189,  0.0760,  0.0886, -0.2872, -0.1167,  0.2663,  0.1232,
        -0.0157, -0.1907, -0.1935, -0.2833, -0.1031,  0.1068,  0.2016,  0.1460,
        -0.2795, -0.1902, -0.0499,  0.3059,  0.0457, -0.0819,  0.1308, -0.1204,
        -0.2047,  0.2308, -0.1438, -0.0634, -0.3146,  0.2116,  0.2396,  0.1152,
        -0.2205, -0.3121, -0.2568,  0.2358,  0.1518,  0.2661,  0.1657,  0.0800,
        -0.0031, -0.2405, -0.2709, -0.2958,  0.1295, -0.1553, -0.0636, -0.1820,
        -0.0576, -0.2226, -0.2066,  0.1049, -0.0940,  0.1952, -0.1014, -0.2320,
        -0.0558, -0.1533, -0.0967, -0.3010,  0.1769, -0.2202,  0.1589,  0.1435,
         0.2259, -0.2426,  0.2274, -0.1495,  0.1173,  0.2970, -0.0446, -0.0024,
        -0.0728, -0.2640,  0.1518, -0.3139,  0.1963,  0.2366,  0.2991, -0.0746,
        -0.2598,  0.0711,  0.1747, -0.3147, -0.0718, -0.1896, -0.0277, -0.1557,
        -0.1293, -0.1004, -0.3005,  0.2595,  0.2651, -0.0496, -0.0360, -0.1291,
        -0.2856, -0.3077,  0.1175, -0.1736, -0.2033, -0.0247, -0.1053, -0.1023,
         0.0102, -0.0671, -0.1089, -0.1514, -0.2574,  0.2652, -0.1266,  0.0838,
        -0.1097,  0.0257,  0.2948,  0.1457, -0.2740,  0.1255,  0.3002,  0.0832,
         0.2120,  0.3118, -0.0485,  0.0656, -0.2198, -0.0652,  0.2342,  0.1621,
        -0.2001, -0.2536, -0.2161, -0.3121, -0.2440, -0.0782,  0.2134,  0.0529,
        -0.2405, -0.2537,  0.1573, -0.2352, -0.0389,  0.1517, -0.1464, -0.0345,
        -0.0275, -0.0748, -0.1603, -0.2819, -0.2556, -0.1693,  0.3054, -0.1527,
        -0.2124,  0.0767,  0.0872,  0.1733,  0.2404,  0.1761, -0.3135,  0.0280,
         0.1916, -0.0292, -0.1863,  0.3015, -0.1183, -0.1800, -0.2851,  0.0141,
         0.1401,  0.0700,  0.0625, -0.2398, -0.2953,  0.0056,  0.2883,  0.1824,
        -0.1841, -0.0410, -0.2331, -0.1526,  0.0573,  0.1722,  0.2620, -0.2903,
         0.2114, -0.2230,  0.1184,  0.2676,  0.0044,  0.2877, -0.2694, -0.1208,
         0.1844, -0.0689, -0.0647, -0.1318,  0.2180,  0.1551,  0.1013, -0.1777,
        -0.2567,  0.0342,  0.0937, -0.1460, -0.0885,  0.2136,  0.0252,  0.0143,
        -0.0778, -0.2864, -0.2973, -0.1512, -0.1607,  0.0985, -0.0921, -0.1237,
         0.3015,  0.1101,  0.2254, -0.1531, -0.1292,  0.1162, -0.2107, -0.2067,
        -0.0153, -0.1157, -0.2371,  0.1876,  0.2543,  0.0513, -0.0551, -0.2929,
        -0.1152,  0.0805,  0.1491, -0.0400, -0.1250,  0.1762, -0.2518,  0.1999,
        -0.1227,  0.0048, -0.0625,  0.0383, -0.0956,  0.2299, -0.0082,  0.2468,
         0.3040, -0.1541, -0.2307,  0.2537,  0.2478, -0.2415, -0.0244, -0.3118,
        -0.2589,  0.0611,  0.0841,  0.0670, -0.0861,  0.2917,  0.0452, -0.1866,
        -0.0179,  0.0759,  0.1107, -0.2236,  0.1185, -0.1616, -0.2628, -0.1727,
         0.3050,  0.2703,  0.2832,  0.1856,  0.2389, -0.0423, -0.1740,  0.1580,
        -0.1639, -0.2134, -0.1010,  0.0664,  0.1628, -0.1228, -0.1861,  0.0427,
        -0.1864, -0.2059,  0.1648, -0.0531,  0.2890,  0.3076,  0.0946,  0.1088,
         0.0728,  0.0050, -0.0230,  0.0043,  0.1181,  0.2940, -0.0820, -0.1337,
        -0.0766, -0.1528,  0.0538,  0.2360,  0.2473,  0.1452, -0.2327, -0.1697,
        -0.0695, -0.0583,  0.0260, -0.2903,  0.0984, -0.2412, -0.2001, -0.2629,
         0.2755, -0.2994,  0.2386, -0.0106, -0.0368,  0.1978, -0.0292,  0.1983,
         0.2286, -0.2746,  0.1217,  0.0597,  0.0680,  0.0462,  0.0865, -0.1521,
        -0.0405,  0.3005,  0.2125, -0.0119, -0.2974,  0.0139, -0.2153,  0.2572,
        -0.1920, -0.0228, -0.0702,  0.0563,  0.2976,  0.0300,  0.1831,  0.2455,
         0.2553, -0.1092, -0.0707,  0.1524, -0.0863,  0.1481, -0.0691, -0.2145,
         0.1287,  0.0485,  0.1410,  0.3142,  0.2159,  0.2998,  0.0169, -0.2720,
        -0.2218, -0.1964, -0.2787, -0.1585, -0.2911, -0.2918, -0.1890, -0.3117,
        -0.1941,  0.1206,  0.2638, -0.0941, -0.0920,  0.1689, -0.1560, -0.1495,
         0.1948, -0.2755,  0.0387,  0.2793,  0.0542,  0.0860, -0.1842, -0.0044,
         0.0174,  0.0776,  0.1229,  0.2748, -0.2414,  0.0095, -0.1580, -0.2502,
        -0.0253, -0.2784,  0.2207,  0.0366], device='cuda:1')
rank: local_param 1 tensor([ 5.0741e-02, -5.5715e-02, -1.3242e-01,  5.1223e-02, -7.0068e-02,
         7.1966e-02,  9.4538e-02,  5.4549e-02,  1.3270e-01,  1.3432e-01,
         2.9945e-02, -1.0304e-01,  1.2635e-01, -6.7104e-02, -6.6801e-02,
         1.1834e-01,  1.0957e-01,  4.2731e-02,  8.8648e-03, -1.1896e-01,
        -1.4680e-02,  1.3564e-01,  3.6014e-02,  1.2108e-02, -2.9366e-02,
        -4.9325e-02,  8.4290e-02,  8.7212e-03,  9.2005e-02, -2.5031e-02,
         6.1788e-02,  5.8374e-02,  2.2552e-02,  8.8865e-02,  8.8621e-02,
         1.3109e-01,  1.0872e-01, -3.6161e-02, -1.1973e-01,  2.5854e-02,
        -1.2344e-03, -3.6886e-02, -2.3682e-02,  6.6514e-03,  1.0319e-01,
         4.4087e-02, -5.0218e-02, -5.8156e-02, -3.5020e-02, -5.4660e-02,
         1.2717e-01,  7.4903e-02,  1.2770e-01,  4.5165e-04,  2.8521e-02,
         4.9040e-02, -1.3386e-01,  1.2628e-02, -9.4597e-03, -7.9288e-02,
        -1.0974e-01,  1.2520e-01,  1.1498e-01,  6.5544e-02,  1.3495e-01,
        -5.7390e-02, -2.4427e-02,  5.3545e-02, -2.3367e-02, -2.7752e-02,
        -1.1689e-01,  3.7994e-02, -8.5465e-02,  5.1430e-03,  1.3788e-01,
        -4.3532e-02, -4.4575e-02,  8.5321e-02, -5.1994e-02, -1.2145e-02,
         1.3205e-01, -5.7979e-02, -1.0117e-01, -7.9146e-02, -3.9208e-02,
        -6.7104e-02, -7.3388e-02,  5.7126e-02,  2.4033e-02, -4.5264e-02,
        -1.0987e-01, -4.4528e-02, -5.9685e-02, -4.6021e-02, -1.2758e-01,
         3.0466e-02, -1.0391e-01, -1.1014e-01, -1.1555e-01,  5.9027e-02,
        -8.5139e-02, -5.8372e-02,  1.1085e-01,  7.5090e-02,  8.1090e-02,
        -1.3428e-01, -1.0141e-01, -5.3388e-02,  1.1683e-01,  1.4467e-02,
        -1.0577e-01,  8.8556e-04, -1.0984e-01, -3.0985e-02, -3.8887e-02,
         1.2242e-01,  4.3803e-02, -2.4660e-02,  2.3890e-02, -4.0823e-02,
         5.5565e-02,  5.5941e-02,  3.7978e-02, -5.5123e-02,  1.2065e-01,
        -2.0417e-02, -5.5058e-02,  8.8574e-02,  1.1527e-01,  1.4074e-01,
         4.1897e-02, -4.8210e-02,  7.1827e-02,  1.2133e-01, -1.3871e-01,
        -1.7520e-02, -9.6444e-02,  2.6355e-02,  5.8490e-02, -2.9216e-02,
        -1.1831e-02,  6.3655e-02, -2.3769e-02, -1.1876e-01,  1.1316e-01,
        -7.1179e-02, -1.5536e-02,  1.3340e-02, -8.4990e-03, -1.3303e-01,
         6.4884e-02, -6.4238e-02, -7.3350e-02,  3.3788e-02, -7.3802e-02,
        -6.5359e-02, -4.7652e-02, -5.3129e-02, -5.9063e-02, -3.8139e-02,
         3.6752e-02, -1.1444e-01, -8.5600e-02,  2.0635e-03,  1.9667e-02,
         7.8106e-02, -9.9341e-02,  4.5141e-02,  8.0382e-02,  7.8526e-02,
        -1.3172e-01, -5.3967e-02, -1.2156e-01, -8.9493e-02,  7.8769e-02,
        -2.1117e-02,  6.0063e-02, -8.3015e-02,  2.1490e-02, -8.5540e-02,
         7.0695e-02, -6.1855e-02, -3.5463e-02, -1.2270e-01,  4.6719e-04,
         1.3428e-01,  6.8643e-02, -7.5454e-02,  1.9019e-03, -1.5507e-02,
        -1.1385e-01,  1.1089e-01,  2.2798e-03,  2.9783e-02, -5.7110e-02,
        -6.6174e-02,  2.3319e-02,  5.2285e-02,  3.1721e-02, -6.8157e-02,
         1.3731e-01, -2.0818e-02, -8.6609e-02, -6.6145e-02,  1.3922e-01,
         6.8109e-06, -1.9197e-02, -5.8854e-02, -3.7073e-02, -1.1911e-01,
        -1.1239e-01,  8.2772e-02,  1.2098e-01,  1.3496e-01, -1.0210e-01,
         7.6490e-02, -8.7535e-02,  8.4366e-02,  1.0204e-01,  1.0944e-01,
         1.0183e-01,  8.8469e-02,  2.7526e-03,  6.4981e-02, -5.0596e-02,
         6.1580e-02, -4.5453e-02, -2.3747e-03, -1.2309e-01, -3.6978e-02,
        -7.4370e-02, -4.7704e-02, -9.0310e-02, -1.2720e-01,  9.2089e-03,
         9.1780e-02,  1.2880e-01,  8.2527e-02, -7.3304e-02, -1.3987e-01,
         5.3643e-02,  7.9240e-02, -1.2141e-01,  5.0712e-02,  1.1957e-01,
         8.5668e-03, -8.5201e-02,  1.1595e-01,  6.0389e-02,  9.3649e-02],
       device='cuda:1', requires_grad=True)
rank: flatten_data 1 tensor([-7.6220e-02,  7.3904e-02, -1.3385e-01, -5.4702e-02, -2.7552e-02,
        -1.2017e-01, -8.9928e-02, -2.3083e-02,  1.0731e-01,  1.3656e-01,
         8.9981e-02, -8.4446e-02, -9.2521e-02,  1.2342e-01,  5.0023e-02,
         3.7572e-03,  1.9139e-02, -1.1366e-01, -4.7219e-02,  1.3613e-01,
        -3.4879e-02, -7.0943e-03, -1.1743e-01, -7.9112e-02, -2.8878e-03,
        -8.7845e-02, -1.7538e-02,  5.7553e-02, -1.3834e-01,  4.2004e-02,
        -9.3509e-02, -6.9021e-02,  5.4293e-02,  1.1245e-01, -3.8652e-02,
        -5.8063e-02, -1.2788e-01, -7.2925e-02, -1.2383e-01, -3.2367e-02,
         2.8858e-02, -1.3249e-01,  1.2348e-01,  8.8726e-02, -1.3844e-01,
        -6.7548e-02,  4.6125e-02, -2.9056e-02, -1.5412e-02, -6.3854e-02,
         1.1359e-01, -7.9054e-02,  1.1728e-01,  9.1248e-03,  2.8429e-02,
         1.1033e-01, -2.3301e-02, -8.0517e-02, -2.2873e-02,  1.1470e-01,
        -1.0493e-01,  3.2100e-02, -1.3899e-01,  7.4148e-02,  5.2251e-02,
         5.9952e-03,  6.0697e-02,  1.5906e-04,  7.8256e-02, -1.1195e-01,
        -2.0768e-02,  6.2737e-02,  1.4083e-01,  7.2039e-02, -1.0284e-01,
         1.0877e-01, -3.1537e-02, -3.0196e-02, -1.2854e-01, -2.2262e-02,
         1.0003e-01,  1.9720e-02, -8.2371e-02,  4.3531e-02, -4.5346e-02,
         1.2912e-01, -1.2275e-01, -4.4672e-02, -1.3655e-01, -5.5696e-02,
         4.4583e-02,  1.3613e-01,  2.3751e-02,  1.3864e-01,  2.7669e-02,
         8.1676e-02,  1.1337e-01,  1.1822e-01, -7.9157e-02,  1.3002e-01,
         8.5668e-02, -6.6126e-02, -6.7487e-02, -1.1862e-01,  3.5516e-02,
        -1.1463e-01,  5.9740e-02,  4.4661e-02, -1.2287e-01,  3.8537e-02,
        -1.1502e-02,  6.4604e-02,  8.1146e-02, -1.4059e-01,  1.2970e-01,
         1.1860e-01,  5.6269e-02, -1.2925e-01, -5.0519e-02, -4.0985e-02,
        -3.6345e-02,  7.9751e-02,  5.1417e-02,  1.1203e-01, -5.2966e-02,
         4.7594e-02,  5.0317e-02, -1.1775e-01, -1.3718e-01, -7.3382e-02,
         9.6810e-02, -1.3314e-01, -1.2310e-01,  7.9224e-02,  7.6301e-02,
         1.1630e-01, -1.0676e-01, -1.0351e-01,  7.2547e-02,  1.2298e-01,
         8.4618e-02,  2.2154e-02,  4.6609e-02,  1.3423e-01, -9.1246e-02,
        -6.4207e-02,  9.8920e-02, -9.6766e-02, -7.7982e-02,  1.0324e-01,
         4.4622e-02,  4.5689e-02, -5.9940e-02, -1.9517e-03,  1.2943e-01,
        -8.4884e-02,  1.1119e-03,  6.7260e-02, -9.7631e-02,  1.3735e-01,
        -7.0656e-02, -3.3960e-02, -3.8264e-02, -9.2158e-02, -1.3877e-01,
         7.9741e-02,  3.7572e-02, -1.3246e-01, -9.1023e-02,  1.3978e-01,
         5.4056e-02,  5.6745e-02, -8.4612e-02, -6.1999e-02, -2.1348e-02,
        -2.5863e-02, -9.6909e-02,  1.1651e-02,  1.4056e-02, -1.7907e-02,
         1.9606e-02, -5.6052e-02,  3.6805e-02,  5.3336e-02, -7.4492e-02,
        -1.4023e-01,  7.4025e-02,  3.3734e-02, -7.1925e-02,  1.3629e-01,
        -6.3958e-02,  9.5565e-02,  7.1747e-02, -1.1857e-01,  9.1208e-02,
        -1.3003e-01, -7.8350e-02, -2.3577e-02, -9.5325e-02,  1.3816e-01,
        -2.8366e-02,  5.6171e-02, -1.2628e-01,  8.1412e-02, -4.3951e-02,
        -1.0758e-01,  2.0679e-02,  6.8513e-02,  1.2239e-01, -8.6379e-02,
        -6.9594e-02,  2.7190e-02,  3.8362e-02,  5.4373e-02,  7.7623e-02,
        -3.2068e-02,  7.8569e-02,  1.0427e-01, -3.6942e-02,  1.0062e-01,
         6.9096e-02,  1.2474e-01, -8.0366e-02, -6.9835e-02, -4.0890e-02,
         7.1738e-03,  8.4881e-02, -8.0732e-02,  7.0803e-02, -5.0683e-02,
         8.5434e-02, -6.7143e-03, -1.2390e-01, -7.7817e-02, -1.0235e-01,
         7.0140e-02, -9.4830e-02, -1.1783e-02,  3.0512e-02, -7.7555e-02,
         4.0796e-02, -1.3809e-01, -1.0119e-01, -1.2815e-01, -4.2777e-02,
        -5.1519e-02,  2.0251e-02, -2.6151e-02,  6.6480e-02,  1.2965e-01,
         5.0741e-02, -5.5715e-02, -1.3242e-01,  5.1223e-02, -7.0068e-02,
         7.1966e-02,  9.4538e-02,  5.4549e-02,  1.3270e-01,  1.3432e-01,
         2.9945e-02, -1.0304e-01,  1.2635e-01, -6.7104e-02, -6.6801e-02,
         1.1834e-01,  1.0957e-01,  4.2731e-02,  8.8648e-03, -1.1896e-01,
        -1.4680e-02,  1.3564e-01,  3.6014e-02,  1.2108e-02, -2.9366e-02,
        -4.9325e-02,  8.4290e-02,  8.7212e-03,  9.2005e-02, -2.5031e-02,
         6.1788e-02,  5.8374e-02,  2.2552e-02,  8.8865e-02,  8.8621e-02,
         1.3109e-01,  1.0872e-01, -3.6161e-02, -1.1973e-01,  2.5854e-02,
        -1.2344e-03, -3.6886e-02, -2.3682e-02,  6.6514e-03,  1.0319e-01,
         4.4087e-02, -5.0218e-02, -5.8156e-02, -3.5020e-02, -5.4660e-02,
         1.2717e-01,  7.4903e-02,  1.2770e-01,  4.5165e-04,  2.8521e-02,
         4.9040e-02, -1.3386e-01,  1.2628e-02, -9.4597e-03, -7.9288e-02,
        -1.0974e-01,  1.2520e-01,  1.1498e-01,  6.5544e-02,  1.3495e-01,
        -5.7390e-02, -2.4427e-02,  5.3545e-02, -2.3367e-02, -2.7752e-02,
        -1.1689e-01,  3.7994e-02, -8.5465e-02,  5.1430e-03,  1.3788e-01,
        -4.3532e-02, -4.4575e-02,  8.5321e-02, -5.1994e-02, -1.2145e-02,
         1.3205e-01, -5.7979e-02, -1.0117e-01, -7.9146e-02, -3.9208e-02,
        -6.7104e-02, -7.3388e-02,  5.7126e-02,  2.4033e-02, -4.5264e-02,
        -1.0987e-01, -4.4528e-02, -5.9685e-02, -4.6021e-02, -1.2758e-01,
         3.0466e-02, -1.0391e-01, -1.1014e-01, -1.1555e-01,  5.9027e-02,
        -8.5139e-02, -5.8372e-02,  1.1085e-01,  7.5090e-02,  8.1090e-02,
        -1.3428e-01, -1.0141e-01, -5.3388e-02,  1.1683e-01,  1.4467e-02,
        -1.0577e-01,  8.8556e-04, -1.0984e-01, -3.0985e-02, -3.8887e-02,
         1.2242e-01,  4.3803e-02, -2.4660e-02,  2.3890e-02, -4.0823e-02,
         5.5565e-02,  5.5941e-02,  3.7978e-02, -5.5123e-02,  1.2065e-01,
        -2.0417e-02, -5.5058e-02,  8.8574e-02,  1.1527e-01,  1.4074e-01,
         4.1897e-02, -4.8210e-02,  7.1827e-02,  1.2133e-01, -1.3871e-01,
        -1.7520e-02, -9.6444e-02,  2.6355e-02,  5.8490e-02, -2.9216e-02,
        -1.1831e-02,  6.3655e-02, -2.3769e-02, -1.1876e-01,  1.1316e-01,
        -7.1179e-02, -1.5536e-02,  1.3340e-02, -8.4990e-03, -1.3303e-01,
         6.4884e-02, -6.4238e-02, -7.3350e-02,  3.3788e-02, -7.3802e-02,
        -6.5359e-02, -4.7652e-02, -5.3129e-02, -5.9063e-02, -3.8139e-02,
         3.6752e-02, -1.1444e-01, -8.5600e-02,  2.0635e-03,  1.9667e-02,
         7.8106e-02, -9.9341e-02,  4.5141e-02,  8.0382e-02,  7.8526e-02,
        -1.3172e-01, -5.3967e-02, -1.2156e-01, -8.9493e-02,  7.8769e-02,
        -2.1117e-02,  6.0063e-02, -8.3015e-02,  2.1490e-02, -8.5540e-02,
         7.0695e-02, -6.1855e-02, -3.5463e-02, -1.2270e-01,  4.6719e-04,
         1.3428e-01,  6.8643e-02, -7.5454e-02,  1.9019e-03, -1.5507e-02,
        -1.1385e-01,  1.1089e-01,  2.2798e-03,  2.9783e-02, -5.7110e-02,
        -6.6174e-02,  2.3319e-02,  5.2285e-02,  3.1721e-02, -6.8157e-02,
         1.3731e-01, -2.0818e-02, -8.6609e-02, -6.6145e-02,  1.3922e-01,
         6.8109e-06, -1.9197e-02, -5.8854e-02, -3.7073e-02, -1.1911e-01,
        -1.1239e-01,  8.2772e-02,  1.2098e-01,  1.3496e-01, -1.0210e-01,
         7.6490e-02, -8.7535e-02,  8.4366e-02,  1.0204e-01,  1.0944e-01,
         1.0183e-01,  8.8469e-02,  2.7526e-03,  6.4981e-02, -5.0596e-02,
         6.1580e-02, -4.5453e-02, -2.3747e-03, -1.2309e-01, -3.6978e-02,
        -7.4370e-02, -4.7704e-02, -9.0310e-02, -1.2720e-01,  9.2089e-03,
         9.1780e-02,  1.2880e-01,  8.2527e-02, -7.3304e-02, -1.3987e-01,
         5.3643e-02,  7.9240e-02, -1.2141e-01,  5.0712e-02,  1.1957e-01,
         8.5668e-03, -8.5201e-02,  1.1595e-01,  6.0389e-02,  9.3649e-02],
       device='cuda:1')
rank: local_param 0 tensor([-0.0762,  0.0739, -0.1338, -0.0547, -0.0276, -0.1202, -0.0899, -0.0231,
         0.1073,  0.1366,  0.0900, -0.0844, -0.0925,  0.1234,  0.0500,  0.0038,
         0.0191, -0.1137, -0.0472,  0.1361, -0.0349, -0.0071, -0.1174, -0.0791,
        -0.0029, -0.0878, -0.0175,  0.0576, -0.1383,  0.0420, -0.0935, -0.0690,
         0.0543,  0.1124, -0.0387, -0.0581, -0.1279, -0.0729, -0.1238, -0.0324,
         0.0289, -0.1325,  0.1235,  0.0887, -0.1384, -0.0675,  0.0461, -0.0291,
        -0.0154, -0.0639,  0.1136, -0.0791,  0.1173,  0.0091,  0.0284,  0.1103,
        -0.0233, -0.0805, -0.0229,  0.1147, -0.1049,  0.0321, -0.1390,  0.0741,
         0.0523,  0.0060,  0.0607,  0.0002,  0.0783, -0.1120, -0.0208,  0.0627,
         0.1408,  0.0720, -0.1028,  0.1088, -0.0315, -0.0302, -0.1285, -0.0223,
         0.1000,  0.0197, -0.0824,  0.0435, -0.0453,  0.1291, -0.1227, -0.0447,
        -0.1366, -0.0557,  0.0446,  0.1361,  0.0238,  0.1386,  0.0277,  0.0817,
         0.1134,  0.1182, -0.0792,  0.1300,  0.0857, -0.0661, -0.0675, -0.1186,
         0.0355, -0.1146,  0.0597,  0.0447, -0.1229,  0.0385, -0.0115,  0.0646,
         0.0811, -0.1406,  0.1297,  0.1186,  0.0563, -0.1293, -0.0505, -0.0410,
        -0.0363,  0.0798,  0.0514,  0.1120, -0.0530,  0.0476,  0.0503, -0.1177,
        -0.1372, -0.0734,  0.0968, -0.1331, -0.1231,  0.0792,  0.0763,  0.1163,
        -0.1068, -0.1035,  0.0725,  0.1230,  0.0846,  0.0222,  0.0466,  0.1342,
        -0.0912, -0.0642,  0.0989, -0.0968, -0.0780,  0.1032,  0.0446,  0.0457,
        -0.0599, -0.0020,  0.1294, -0.0849,  0.0011,  0.0673, -0.0976,  0.1373,
        -0.0707, -0.0340, -0.0383, -0.0922, -0.1388,  0.0797,  0.0376, -0.1325,
        -0.0910,  0.1398,  0.0541,  0.0567, -0.0846, -0.0620, -0.0213, -0.0259,
        -0.0969,  0.0117,  0.0141, -0.0179,  0.0196, -0.0561,  0.0368,  0.0533,
        -0.0745, -0.1402,  0.0740,  0.0337, -0.0719,  0.1363, -0.0640,  0.0956,
         0.0717, -0.1186,  0.0912, -0.1300, -0.0783, -0.0236, -0.0953,  0.1382,
        -0.0284,  0.0562, -0.1263,  0.0814, -0.0440, -0.1076,  0.0207,  0.0685,
         0.1224, -0.0864, -0.0696,  0.0272,  0.0384,  0.0544,  0.0776, -0.0321,
         0.0786,  0.1043, -0.0369,  0.1006,  0.0691,  0.1247, -0.0804, -0.0698,
        -0.0409,  0.0072,  0.0849, -0.0807,  0.0708, -0.0507,  0.0854, -0.0067,
        -0.1239, -0.0778, -0.1024,  0.0701, -0.0948, -0.0118,  0.0305, -0.0776,
         0.0408, -0.1381, -0.1012, -0.1281, -0.0428, -0.0515,  0.0203, -0.0262,
         0.0665,  0.1297], device='cuda:0', requires_grad=True)
rank: flatten_data 0 tensor([-7.6220e-02,  7.3904e-02, -1.3385e-01, -5.4702e-02, -2.7552e-02,
        -1.2017e-01, -8.9928e-02, -2.3083e-02,  1.0731e-01,  1.3656e-01,
         8.9981e-02, -8.4446e-02, -9.2521e-02,  1.2342e-01,  5.0023e-02,
         3.7572e-03,  1.9139e-02, -1.1366e-01, -4.7219e-02,  1.3613e-01,
        -3.4879e-02, -7.0943e-03, -1.1743e-01, -7.9112e-02, -2.8878e-03,
        -8.7845e-02, -1.7538e-02,  5.7553e-02, -1.3834e-01,  4.2004e-02,
        -9.3509e-02, -6.9021e-02,  5.4293e-02,  1.1245e-01, -3.8652e-02,
        -5.8063e-02, -1.2788e-01, -7.2925e-02, -1.2383e-01, -3.2367e-02,
         2.8858e-02, -1.3249e-01,  1.2348e-01,  8.8726e-02, -1.3844e-01,
        -6.7548e-02,  4.6125e-02, -2.9056e-02, -1.5412e-02, -6.3854e-02,
         1.1359e-01, -7.9054e-02,  1.1728e-01,  9.1248e-03,  2.8429e-02,
         1.1033e-01, -2.3301e-02, -8.0517e-02, -2.2873e-02,  1.1470e-01,
        -1.0493e-01,  3.2100e-02, -1.3899e-01,  7.4148e-02,  5.2251e-02,
         5.9952e-03,  6.0697e-02,  1.5906e-04,  7.8256e-02, -1.1195e-01,
        -2.0768e-02,  6.2737e-02,  1.4083e-01,  7.2039e-02, -1.0284e-01,
         1.0877e-01, -3.1537e-02, -3.0196e-02, -1.2854e-01, -2.2262e-02,
         1.0003e-01,  1.9720e-02, -8.2371e-02,  4.3531e-02, -4.5346e-02,
         1.2912e-01, -1.2275e-01, -4.4672e-02, -1.3655e-01, -5.5696e-02,
         4.4583e-02,  1.3613e-01,  2.3751e-02,  1.3864e-01,  2.7669e-02,
         8.1676e-02,  1.1337e-01,  1.1822e-01, -7.9157e-02,  1.3002e-01,
         8.5668e-02, -6.6126e-02, -6.7487e-02, -1.1862e-01,  3.5516e-02,
        -1.1463e-01,  5.9740e-02,  4.4661e-02, -1.2287e-01,  3.8537e-02,
        -1.1502e-02,  6.4604e-02,  8.1146e-02, -1.4059e-01,  1.2970e-01,
         1.1860e-01,  5.6269e-02, -1.2925e-01, -5.0519e-02, -4.0985e-02,
        -3.6345e-02,  7.9751e-02,  5.1417e-02,  1.1203e-01, -5.2966e-02,
         4.7594e-02,  5.0317e-02, -1.1775e-01, -1.3718e-01, -7.3382e-02,
         9.6810e-02, -1.3314e-01, -1.2310e-01,  7.9224e-02,  7.6301e-02,
         1.1630e-01, -1.0676e-01, -1.0351e-01,  7.2547e-02,  1.2298e-01,
         8.4618e-02,  2.2154e-02,  4.6609e-02,  1.3423e-01, -9.1246e-02,
        -6.4207e-02,  9.8920e-02, -9.6766e-02, -7.7982e-02,  1.0324e-01,
         4.4622e-02,  4.5689e-02, -5.9940e-02, -1.9517e-03,  1.2943e-01,
        -8.4884e-02,  1.1119e-03,  6.7260e-02, -9.7631e-02,  1.3735e-01,
        -7.0656e-02, -3.3960e-02, -3.8264e-02, -9.2158e-02, -1.3877e-01,
         7.9741e-02,  3.7572e-02, -1.3246e-01, -9.1023e-02,  1.3978e-01,
         5.4056e-02,  5.6745e-02, -8.4612e-02, -6.1999e-02, -2.1348e-02,
        -2.5863e-02, -9.6909e-02,  1.1651e-02,  1.4056e-02, -1.7907e-02,
         1.9606e-02, -5.6052e-02,  3.6805e-02,  5.3336e-02, -7.4492e-02,
        -1.4023e-01,  7.4025e-02,  3.3734e-02, -7.1925e-02,  1.3629e-01,
        -6.3958e-02,  9.5565e-02,  7.1747e-02, -1.1857e-01,  9.1208e-02,
        -1.3003e-01, -7.8350e-02, -2.3577e-02, -9.5325e-02,  1.3816e-01,
        -2.8366e-02,  5.6171e-02, -1.2628e-01,  8.1412e-02, -4.3951e-02,
        -1.0758e-01,  2.0679e-02,  6.8513e-02,  1.2239e-01, -8.6379e-02,
        -6.9594e-02,  2.7190e-02,  3.8362e-02,  5.4373e-02,  7.7623e-02,
        -3.2068e-02,  7.8569e-02,  1.0427e-01, -3.6942e-02,  1.0062e-01,
         6.9096e-02,  1.2474e-01, -8.0366e-02, -6.9835e-02, -4.0890e-02,
         7.1738e-03,  8.4881e-02, -8.0732e-02,  7.0803e-02, -5.0683e-02,
         8.5434e-02, -6.7143e-03, -1.2390e-01, -7.7817e-02, -1.0235e-01,
         7.0140e-02, -9.4830e-02, -1.1783e-02,  3.0512e-02, -7.7555e-02,
         4.0796e-02, -1.3809e-01, -1.0119e-01, -1.2815e-01, -4.2777e-02,
        -5.1519e-02,  2.0251e-02, -2.6151e-02,  6.6480e-02,  1.2965e-01,
         5.0741e-02, -5.5715e-02, -1.3242e-01,  5.1223e-02, -7.0068e-02,
         7.1966e-02,  9.4538e-02,  5.4549e-02,  1.3270e-01,  1.3432e-01,
         2.9945e-02, -1.0304e-01,  1.2635e-01, -6.7104e-02, -6.6801e-02,
         1.1834e-01,  1.0957e-01,  4.2731e-02,  8.8648e-03, -1.1896e-01,
        -1.4680e-02,  1.3564e-01,  3.6014e-02,  1.2108e-02, -2.9366e-02,
        -4.9325e-02,  8.4290e-02,  8.7212e-03,  9.2005e-02, -2.5031e-02,
         6.1788e-02,  5.8374e-02,  2.2552e-02,  8.8865e-02,  8.8621e-02,
         1.3109e-01,  1.0872e-01, -3.6161e-02, -1.1973e-01,  2.5854e-02,
        -1.2344e-03, -3.6886e-02, -2.3682e-02,  6.6514e-03,  1.0319e-01,
         4.4087e-02, -5.0218e-02, -5.8156e-02, -3.5020e-02, -5.4660e-02,
         1.2717e-01,  7.4903e-02,  1.2770e-01,  4.5165e-04,  2.8521e-02,
         4.9040e-02, -1.3386e-01,  1.2628e-02, -9.4597e-03, -7.9288e-02,
        -1.0974e-01,  1.2520e-01,  1.1498e-01,  6.5544e-02,  1.3495e-01,
        -5.7390e-02, -2.4427e-02,  5.3545e-02, -2.3367e-02, -2.7752e-02,
        -1.1689e-01,  3.7994e-02, -8.5465e-02,  5.1430e-03,  1.3788e-01,
        -4.3532e-02, -4.4575e-02,  8.5321e-02, -5.1994e-02, -1.2145e-02,
         1.3205e-01, -5.7979e-02, -1.0117e-01, -7.9146e-02, -3.9208e-02,
        -6.7104e-02, -7.3388e-02,  5.7126e-02,  2.4033e-02, -4.5264e-02,
        -1.0987e-01, -4.4528e-02, -5.9685e-02, -4.6021e-02, -1.2758e-01,
         3.0466e-02, -1.0391e-01, -1.1014e-01, -1.1555e-01,  5.9027e-02,
        -8.5139e-02, -5.8372e-02,  1.1085e-01,  7.5090e-02,  8.1090e-02,
        -1.3428e-01, -1.0141e-01, -5.3388e-02,  1.1683e-01,  1.4467e-02,
        -1.0577e-01,  8.8556e-04, -1.0984e-01, -3.0985e-02, -3.8887e-02,
         1.2242e-01,  4.3803e-02, -2.4660e-02,  2.3890e-02, -4.0823e-02,
         5.5565e-02,  5.5941e-02,  3.7978e-02, -5.5123e-02,  1.2065e-01,
        -2.0417e-02, -5.5058e-02,  8.8574e-02,  1.1527e-01,  1.4074e-01,
         4.1897e-02, -4.8210e-02,  7.1827e-02,  1.2133e-01, -1.3871e-01,
        -1.7520e-02, -9.6444e-02,  2.6355e-02,  5.8490e-02, -2.9216e-02,
        -1.1831e-02,  6.3655e-02, -2.3769e-02, -1.1876e-01,  1.1316e-01,
        -7.1179e-02, -1.5536e-02,  1.3340e-02, -8.4990e-03, -1.3303e-01,
         6.4884e-02, -6.4238e-02, -7.3350e-02,  3.3788e-02, -7.3802e-02,
        -6.5359e-02, -4.7652e-02, -5.3129e-02, -5.9063e-02, -3.8139e-02,
         3.6752e-02, -1.1444e-01, -8.5600e-02,  2.0635e-03,  1.9667e-02,
         7.8106e-02, -9.9341e-02,  4.5141e-02,  8.0382e-02,  7.8526e-02,
        -1.3172e-01, -5.3967e-02, -1.2156e-01, -8.9493e-02,  7.8769e-02,
        -2.1117e-02,  6.0063e-02, -8.3015e-02,  2.1490e-02, -8.5540e-02,
         7.0695e-02, -6.1855e-02, -3.5463e-02, -1.2270e-01,  4.6719e-04,
         1.3428e-01,  6.8643e-02, -7.5454e-02,  1.9019e-03, -1.5507e-02,
        -1.1385e-01,  1.1089e-01,  2.2798e-03,  2.9783e-02, -5.7110e-02,
        -6.6174e-02,  2.3319e-02,  5.2285e-02,  3.1721e-02, -6.8157e-02,
         1.3731e-01, -2.0818e-02, -8.6609e-02, -6.6145e-02,  1.3922e-01,
         6.8109e-06, -1.9197e-02, -5.8854e-02, -3.7073e-02, -1.1911e-01,
        -1.1239e-01,  8.2772e-02,  1.2098e-01,  1.3496e-01, -1.0210e-01,
         7.6490e-02, -8.7535e-02,  8.4366e-02,  1.0204e-01,  1.0944e-01,
         1.0183e-01,  8.8469e-02,  2.7526e-03,  6.4981e-02, -5.0596e-02,
         6.1580e-02, -4.5453e-02, -2.3747e-03, -1.2309e-01, -3.6978e-02,
        -7.4370e-02, -4.7704e-02, -9.0310e-02, -1.2720e-01,  9.2089e-03,
         9.1780e-02,  1.2880e-01,  8.2527e-02, -7.3304e-02, -1.3987e-01,
         5.3643e-02,  7.9240e-02, -1.2141e-01,  5.0712e-02,  1.1957e-01,
         8.5668e-03, -8.5201e-02,  1.1595e-01,  6.0389e-02,  9.3649e-02],
       device='cuda:0')
rank: local_param 0 tensor([-0.1264,  0.0707, -0.1273, -0.0172,  0.0084,  0.1005, -0.0512,  0.0407,
         0.0219,  0.0832,  0.0084,  0.0530, -0.0854, -0.0983,  0.1260, -0.1030,
        -0.0241, -0.0171,  0.1383, -0.0306, -0.1077, -0.0359,  0.0729,  0.0560,
         0.1170, -0.0290,  0.0666, -0.1331,  0.0547,  0.0650,  0.0912, -0.0811,
        -0.0378,  0.0342, -0.1005, -0.1125, -0.1361,  0.0079,  0.0878,  0.0363,
         0.0086,  0.0493, -0.0889,  0.0149, -0.0351, -0.0700,  0.1220, -0.1094,
         0.0207, -0.1243, -0.0048, -0.0628,  0.0465, -0.0794,  0.0905, -0.1148,
         0.0849, -0.1062,  0.0757, -0.0595, -0.0003, -0.0258,  0.0918,  0.0463,
        -0.1246,  0.0130, -0.0976,  0.1057,  0.0232, -0.0364, -0.0721,  0.0490,
        -0.0847,  0.0671,  0.0772,  0.0868,  0.0369, -0.1238,  0.1017, -0.0439,
        -0.0418, -0.0152,  0.1034,  0.1087,  0.0218,  0.0675, -0.1318,  0.0003,
        -0.1251,  0.0481, -0.1008, -0.0504,  0.0989,  0.1352, -0.0849, -0.0785,
         0.0175,  0.0556, -0.0230, -0.0442, -0.0929,  0.0604,  0.1386, -0.0685,
         0.0667,  0.0691,  0.1137, -0.0161,  0.0045,  0.1039,  0.0894,  0.1397,
        -0.0405,  0.0560,  0.0988, -0.0960,  0.0281, -0.0316,  0.0909, -0.0635,
         0.0099,  0.0846, -0.1296, -0.1194, -0.0724], device='cuda:0',
       requires_grad=True)
rank: flatten_data 0 tensor([-0.1264,  0.0707, -0.1273, -0.0172,  0.0084,  0.1005, -0.0512,  0.0407,
         0.0219,  0.0832,  0.0084,  0.0530, -0.0854, -0.0983,  0.1260, -0.1030,
        -0.0241, -0.0171,  0.1383, -0.0306, -0.1077, -0.0359,  0.0729,  0.0560,
         0.1170, -0.0290,  0.0666, -0.1331,  0.0547,  0.0650,  0.0912, -0.0811,
        -0.0378,  0.0342, -0.1005, -0.1125, -0.1361,  0.0079,  0.0878,  0.0363,
         0.0086,  0.0493, -0.0889,  0.0149, -0.0351, -0.0700,  0.1220, -0.1094,
         0.0207, -0.1243, -0.0048, -0.0628,  0.0465, -0.0794,  0.0905, -0.1148,
         0.0849, -0.1062,  0.0757, -0.0595, -0.0003, -0.0258,  0.0918,  0.0463,
        -0.1246,  0.0130, -0.0976,  0.1057,  0.0232, -0.0364, -0.0721,  0.0490,
        -0.0847,  0.0671,  0.0772,  0.0868,  0.0369, -0.1238,  0.1017, -0.0439,
        -0.0418, -0.0152,  0.1034,  0.1087,  0.0218,  0.0675, -0.1318,  0.0003,
        -0.1251,  0.0481, -0.1008, -0.0504,  0.0989,  0.1352, -0.0849, -0.0785,
         0.0175,  0.0556, -0.0230, -0.0442, -0.0929,  0.0604,  0.1386, -0.0685,
         0.0667,  0.0691,  0.1137, -0.0161,  0.0045,  0.1039,  0.0894,  0.1397,
        -0.0405,  0.0560,  0.0988, -0.0960,  0.0281, -0.0316,  0.0909, -0.0635,
         0.0099,  0.0846, -0.1296, -0.1194, -0.0724,  0.0907,  0.0948, -0.0966,
         0.0270, -0.0749, -0.0656,  0.1220,  0.0683, -0.0387,  0.0208,  0.0274,
         0.0331, -0.0484, -0.0833,  0.0936,  0.0190,  0.0592, -0.0536,  0.0685,
         0.1029,  0.0860,  0.0385,  0.1391, -0.0003,  0.0301,  0.1344,  0.1374,
        -0.0597,  0.1274,  0.0522, -0.0158,  0.1235, -0.0733,  0.0919,  0.1401,
        -0.0975, -0.0835, -0.1401, -0.0255, -0.1284, -0.0474,  0.0429,  0.1000,
         0.0788,  0.0785,  0.0587, -0.0877, -0.1123,  0.0059,  0.1343,  0.0080,
        -0.0122, -0.0960, -0.0701, -0.1090,  0.1132, -0.0230, -0.1249,  0.0152,
         0.0103, -0.0175,  0.0506,  0.0761, -0.1330, -0.1083, -0.0068, -0.1311,
        -0.1285,  0.1249, -0.0108, -0.0699, -0.0485, -0.1104,  0.1104, -0.0307,
        -0.0795, -0.1073,  0.0827, -0.0195, -0.0149, -0.0369, -0.0683,  0.0252,
         0.1088, -0.0820,  0.0068, -0.1076, -0.0663,  0.1241,  0.0015,  0.1362,
        -0.0248, -0.0771, -0.0845,  0.1253, -0.1088,  0.0742,  0.0352,  0.0417,
         0.0798, -0.0370,  0.0875, -0.1127, -0.0498,  0.1035,  0.0420, -0.0188,
        -0.0330, -0.0864,  0.0860, -0.0045, -0.0048,  0.0334,  0.1044, -0.0722,
        -0.0487,  0.0958,  0.0799, -0.0696, -0.1399,  0.0262,  0.0744,  0.0338,
         0.1003, -0.1122], device='cuda:0')
rank: local_param 0 tensor([ 0.2418,  0.2625, -0.0741,  0.2905, -0.0693,  0.0638, -0.1540,  0.1857,
         0.2788, -0.2320,  0.2749,  0.0592,  0.2336,  0.0428,  0.1525, -0.0446,
         0.2438,  0.0467, -0.1476,  0.0806, -0.1457, -0.0371, -0.1284,  0.2098,
        -0.2496, -0.1458, -0.0893, -0.1901,  0.0298, -0.3123,  0.2856, -0.2686,
         0.2441,  0.0526, -0.1027,  0.1954,  0.0493,  0.2555,  0.0346, -0.0997,
         0.0850, -0.0858,  0.1331,  0.2823,  0.1828, -0.1382,  0.1825,  0.0566,
         0.1606, -0.1927], device='cuda:0', requires_grad=True)
rank: flatten_data 0 tensor([ 0.2418,  0.2625, -0.0741,  0.2905, -0.0693,  0.0638, -0.1540,  0.1857,
         0.2788, -0.2320,  0.2749,  0.0592,  0.2336,  0.0428,  0.1525, -0.0446,
         0.2438,  0.0467, -0.1476,  0.0806, -0.1457, -0.0371, -0.1284,  0.2098,
        -0.2496, -0.1458, -0.0893, -0.1901,  0.0298, -0.3123,  0.2856, -0.2686,
         0.2441,  0.0526, -0.1027,  0.1954,  0.0493,  0.2555,  0.0346, -0.0997,
         0.0850, -0.0858,  0.1331,  0.2823,  0.1828, -0.1382,  0.1825,  0.0566,
         0.1606, -0.1927, -0.3130, -0.1222, -0.2426,  0.2595,  0.0911,  0.1310,
         0.1000, -0.0055,  0.2475, -0.2247,  0.0199, -0.2158,  0.0975, -0.1089,
         0.0969, -0.0659,  0.2623, -0.1874, -0.1886, -0.1886,  0.2844,  0.1054,
         0.3043, -0.2610, -0.3137, -0.2474, -0.2127,  0.1281,  0.1132,  0.2628,
        -0.1633, -0.2156,  0.1678, -0.1278,  0.1919, -0.0750,  0.1809, -0.2457,
        -0.1596,  0.0964,  0.0669, -0.0806,  0.1885,  0.2150, -0.2293, -0.1688,
         0.2896, -0.1067, -0.1121, -0.3060], device='cuda:0')
rank: local_param 0 tensor([-0.1811,  0.0790, -0.0417, -0.2295,  0.0074, -0.2160, -0.2683, -0.1741,
        -0.2768, -0.2014,  0.3161,  0.0597,  0.0974, -0.2949, -0.2077, -0.1053,
         0.0494, -0.2783, -0.1363, -0.1893,  0.0009, -0.1177, -0.0219, -0.2143,
        -0.2171, -0.1845, -0.1082, -0.2496,  0.2651, -0.0628,  0.2721,  0.0985,
        -0.2678,  0.2188, -0.0870, -0.1212, -0.2625, -0.3144,  0.0905, -0.0691,
         0.1231, -0.2595,  0.2348, -0.2321, -0.0546,  0.0661,  0.1633,  0.2553,
         0.2881, -0.2507,  0.0796, -0.1360, -0.0347, -0.2367,  0.2880, -0.2321,
         0.1690,  0.1111,  0.1028, -0.1710,  0.2874,  0.0695,  0.0407, -0.2787,
         0.1327, -0.0474, -0.1449,  0.2716,  0.0705, -0.1750, -0.1601, -0.0151,
         0.1766, -0.0808, -0.1804, -0.1083, -0.2362,  0.1128,  0.2448, -0.2977,
         0.0734,  0.1634,  0.0573, -0.1126,  0.1651,  0.1662,  0.1182, -0.0556,
        -0.0837,  0.0338, -0.0559, -0.0942,  0.2021,  0.2718, -0.0313, -0.0708,
         0.0046, -0.0189,  0.0760,  0.0886, -0.2872, -0.1167,  0.2663,  0.1232,
        -0.0157, -0.1907, -0.1935, -0.2833, -0.1031,  0.1068,  0.2016,  0.1460,
        -0.2795, -0.1902, -0.0499,  0.3059,  0.0457, -0.0819,  0.1308, -0.1204,
        -0.2047,  0.2308, -0.1438, -0.0634, -0.3146,  0.2116,  0.2396,  0.1152,
        -0.2205, -0.3121, -0.2568,  0.2358,  0.1518,  0.2661,  0.1657,  0.0800,
        -0.0031, -0.2405, -0.2709, -0.2958,  0.1295, -0.1553, -0.0636, -0.1820,
        -0.0576, -0.2226, -0.2066,  0.1049, -0.0940,  0.1952, -0.1014, -0.2320,
        -0.0558, -0.1533, -0.0967, -0.3010,  0.1769, -0.2202,  0.1589,  0.1435,
         0.2259, -0.2426,  0.2274, -0.1495,  0.1173,  0.2970, -0.0446, -0.0024,
        -0.0728, -0.2640,  0.1518, -0.3139,  0.1963,  0.2366,  0.2991, -0.0746,
        -0.2598,  0.0711,  0.1747, -0.3147, -0.0718, -0.1896, -0.0277, -0.1557,
        -0.1293, -0.1004, -0.3005,  0.2595,  0.2651, -0.0496, -0.0360, -0.1291,
        -0.2856, -0.3077,  0.1175, -0.1736, -0.2033, -0.0247, -0.1053, -0.1023,
         0.0102, -0.0671, -0.1089, -0.1514, -0.2574,  0.2652, -0.1266,  0.0838,
        -0.1097,  0.0257,  0.2948,  0.1457, -0.2740,  0.1255,  0.3002,  0.0832,
         0.2120,  0.3118, -0.0485,  0.0656, -0.2198, -0.0652,  0.2342,  0.1621,
        -0.2001, -0.2536, -0.2161, -0.3121, -0.2440, -0.0782,  0.2134,  0.0529,
        -0.2405, -0.2537,  0.1573, -0.2352, -0.0389,  0.1517, -0.1464, -0.0345,
        -0.0275, -0.0748, -0.1603, -0.2819, -0.2556, -0.1693,  0.3054, -0.1527,
        -0.2124,  0.0767], device='cuda:0', requires_grad=True)
rank: flatten_data 0 tensor([-0.1811,  0.0790, -0.0417, -0.2295,  0.0074, -0.2160, -0.2683, -0.1741,
        -0.2768, -0.2014,  0.3161,  0.0597,  0.0974, -0.2949, -0.2077, -0.1053,
         0.0494, -0.2783, -0.1363, -0.1893,  0.0009, -0.1177, -0.0219, -0.2143,
        -0.2171, -0.1845, -0.1082, -0.2496,  0.2651, -0.0628,  0.2721,  0.0985,
        -0.2678,  0.2188, -0.0870, -0.1212, -0.2625, -0.3144,  0.0905, -0.0691,
         0.1231, -0.2595,  0.2348, -0.2321, -0.0546,  0.0661,  0.1633,  0.2553,
         0.2881, -0.2507,  0.0796, -0.1360, -0.0347, -0.2367,  0.2880, -0.2321,
         0.1690,  0.1111,  0.1028, -0.1710,  0.2874,  0.0695,  0.0407, -0.2787,
         0.1327, -0.0474, -0.1449,  0.2716,  0.0705, -0.1750, -0.1601, -0.0151,
         0.1766, -0.0808, -0.1804, -0.1083, -0.2362,  0.1128,  0.2448, -0.2977,
         0.0734,  0.1634,  0.0573, -0.1126,  0.1651,  0.1662,  0.1182, -0.0556,
        -0.0837,  0.0338, -0.0559, -0.0942,  0.2021,  0.2718, -0.0313, -0.0708,
         0.0046, -0.0189,  0.0760,  0.0886, -0.2872, -0.1167,  0.2663,  0.1232,
        -0.0157, -0.1907, -0.1935, -0.2833, -0.1031,  0.1068,  0.2016,  0.1460,
        -0.2795, -0.1902, -0.0499,  0.3059,  0.0457, -0.0819,  0.1308, -0.1204,
        -0.2047,  0.2308, -0.1438, -0.0634, -0.3146,  0.2116,  0.2396,  0.1152,
        -0.2205, -0.3121, -0.2568,  0.2358,  0.1518,  0.2661,  0.1657,  0.0800,
        -0.0031, -0.2405, -0.2709, -0.2958,  0.1295, -0.1553, -0.0636, -0.1820,
        -0.0576, -0.2226, -0.2066,  0.1049, -0.0940,  0.1952, -0.1014, -0.2320,
        -0.0558, -0.1533, -0.0967, -0.3010,  0.1769, -0.2202,  0.1589,  0.1435,
         0.2259, -0.2426,  0.2274, -0.1495,  0.1173,  0.2970, -0.0446, -0.0024,
        -0.0728, -0.2640,  0.1518, -0.3139,  0.1963,  0.2366,  0.2991, -0.0746,
        -0.2598,  0.0711,  0.1747, -0.3147, -0.0718, -0.1896, -0.0277, -0.1557,
        -0.1293, -0.1004, -0.3005,  0.2595,  0.2651, -0.0496, -0.0360, -0.1291,
        -0.2856, -0.3077,  0.1175, -0.1736, -0.2033, -0.0247, -0.1053, -0.1023,
         0.0102, -0.0671, -0.1089, -0.1514, -0.2574,  0.2652, -0.1266,  0.0838,
        -0.1097,  0.0257,  0.2948,  0.1457, -0.2740,  0.1255,  0.3002,  0.0832,
         0.2120,  0.3118, -0.0485,  0.0656, -0.2198, -0.0652,  0.2342,  0.1621,
        -0.2001, -0.2536, -0.2161, -0.3121, -0.2440, -0.0782,  0.2134,  0.0529,
        -0.2405, -0.2537,  0.1573, -0.2352, -0.0389,  0.1517, -0.1464, -0.0345,
        -0.0275, -0.0748, -0.1603, -0.2819, -0.2556, -0.1693,  0.3054, -0.1527,
        -0.2124,  0.0767,  0.0872,  0.1733,  0.2404,  0.1761, -0.3135,  0.0280,
         0.1916, -0.0292, -0.1863,  0.3015, -0.1183, -0.1800, -0.2851,  0.0141,
         0.1401,  0.0700,  0.0625, -0.2398, -0.2953,  0.0056,  0.2883,  0.1824,
        -0.1841, -0.0410, -0.2331, -0.1526,  0.0573,  0.1722,  0.2620, -0.2903,
         0.2114, -0.2230,  0.1184,  0.2676,  0.0044,  0.2877, -0.2694, -0.1208,
         0.1844, -0.0689, -0.0647, -0.1318,  0.2180,  0.1551,  0.1013, -0.1777,
        -0.2567,  0.0342,  0.0937, -0.1460, -0.0885,  0.2136,  0.0252,  0.0143,
        -0.0778, -0.2864, -0.2973, -0.1512, -0.1607,  0.0985, -0.0921, -0.1237,
         0.3015,  0.1101,  0.2254, -0.1531, -0.1292,  0.1162, -0.2107, -0.2067,
        -0.0153, -0.1157, -0.2371,  0.1876,  0.2543,  0.0513, -0.0551, -0.2929,
        -0.1152,  0.0805,  0.1491, -0.0400, -0.1250,  0.1762, -0.2518,  0.1999,
        -0.1227,  0.0048, -0.0625,  0.0383, -0.0956,  0.2299, -0.0082,  0.2468,
         0.3040, -0.1541, -0.2307,  0.2537,  0.2478, -0.2415, -0.0244, -0.3118,
        -0.2589,  0.0611,  0.0841,  0.0670, -0.0861,  0.2917,  0.0452, -0.1866,
        -0.0179,  0.0759,  0.1107, -0.2236,  0.1185, -0.1616, -0.2628, -0.1727,
         0.3050,  0.2703,  0.2832,  0.1856,  0.2389, -0.0423, -0.1740,  0.1580,
        -0.1639, -0.2134, -0.1010,  0.0664,  0.1628, -0.1228, -0.1861,  0.0427,
        -0.1864, -0.2059,  0.1648, -0.0531,  0.2890,  0.3076,  0.0946,  0.1088,
         0.0728,  0.0050, -0.0230,  0.0043,  0.1181,  0.2940, -0.0820, -0.1337,
        -0.0766, -0.1528,  0.0538,  0.2360,  0.2473,  0.1452, -0.2327, -0.1697,
        -0.0695, -0.0583,  0.0260, -0.2903,  0.0984, -0.2412, -0.2001, -0.2629,
         0.2755, -0.2994,  0.2386, -0.0106, -0.0368,  0.1978, -0.0292,  0.1983,
         0.2286, -0.2746,  0.1217,  0.0597,  0.0680,  0.0462,  0.0865, -0.1521,
        -0.0405,  0.3005,  0.2125, -0.0119, -0.2974,  0.0139, -0.2153,  0.2572,
        -0.1920, -0.0228, -0.0702,  0.0563,  0.2976,  0.0300,  0.1831,  0.2455,
         0.2553, -0.1092, -0.0707,  0.1524, -0.0863,  0.1481, -0.0691, -0.2145,
         0.1287,  0.0485,  0.1410,  0.3142,  0.2159,  0.2998,  0.0169, -0.2720,
        -0.2218, -0.1964, -0.2787, -0.1585, -0.2911, -0.2918, -0.1890, -0.3117,
        -0.1941,  0.1206,  0.2638, -0.0941, -0.0920,  0.1689, -0.1560, -0.1495,
         0.1948, -0.2755,  0.0387,  0.2793,  0.0542,  0.0860, -0.1842, -0.0044,
         0.0174,  0.0776,  0.1229,  0.2748, -0.2414,  0.0095, -0.1580, -0.2502,
        -0.0253, -0.2784,  0.2207,  0.0366], device='cuda:0')
rank: local_param 1 tensor([ 0.0907,  0.0948, -0.0966,  0.0270, -0.0749, -0.0656,  0.1220,  0.0683,
        -0.0387,  0.0208,  0.0274,  0.0331, -0.0484, -0.0833,  0.0936,  0.0190,
         0.0592, -0.0536,  0.0685,  0.1029,  0.0860,  0.0385,  0.1391, -0.0003,
         0.0301,  0.1344,  0.1374, -0.0597,  0.1274,  0.0522, -0.0158,  0.1235,
        -0.0733,  0.0919,  0.1401, -0.0975, -0.0835, -0.1401, -0.0255, -0.1284,
        -0.0474,  0.0429,  0.1000,  0.0788,  0.0785,  0.0587, -0.0877, -0.1123,
         0.0059,  0.1343,  0.0080, -0.0122, -0.0960, -0.0701, -0.1090,  0.1132,
        -0.0230, -0.1249,  0.0152,  0.0103, -0.0175,  0.0506,  0.0761, -0.1330,
        -0.1083, -0.0068, -0.1311, -0.1285,  0.1249, -0.0108, -0.0699, -0.0485,
        -0.1104,  0.1104, -0.0307, -0.0795, -0.1073,  0.0827, -0.0195, -0.0149,
        -0.0369, -0.0683,  0.0252,  0.1088, -0.0820,  0.0068, -0.1076, -0.0663,
         0.1241,  0.0015,  0.1362, -0.0248, -0.0771, -0.0845,  0.1253, -0.1088,
         0.0742,  0.0352,  0.0417,  0.0798, -0.0370,  0.0875, -0.1127, -0.0498,
         0.1035,  0.0420, -0.0188, -0.0330, -0.0864,  0.0860, -0.0045, -0.0048,
         0.0334,  0.1044, -0.0722, -0.0487,  0.0958,  0.0799, -0.0696, -0.1399,
         0.0262,  0.0744,  0.0338,  0.1003, -0.1122], device='cuda:1',
       requires_grad=True)
rank: flatten_data 1 tensor([-0.1264,  0.0707, -0.1273, -0.0172,  0.0084,  0.1005, -0.0512,  0.0407,
         0.0219,  0.0832,  0.0084,  0.0530, -0.0854, -0.0983,  0.1260, -0.1030,
        -0.0241, -0.0171,  0.1383, -0.0306, -0.1077, -0.0359,  0.0729,  0.0560,
         0.1170, -0.0290,  0.0666, -0.1331,  0.0547,  0.0650,  0.0912, -0.0811,
        -0.0378,  0.0342, -0.1005, -0.1125, -0.1361,  0.0079,  0.0878,  0.0363,
         0.0086,  0.0493, -0.0889,  0.0149, -0.0351, -0.0700,  0.1220, -0.1094,
         0.0207, -0.1243, -0.0048, -0.0628,  0.0465, -0.0794,  0.0905, -0.1148,
         0.0849, -0.1062,  0.0757, -0.0595, -0.0003, -0.0258,  0.0918,  0.0463,
        -0.1246,  0.0130, -0.0976,  0.1057,  0.0232, -0.0364, -0.0721,  0.0490,
        -0.0847,  0.0671,  0.0772,  0.0868,  0.0369, -0.1238,  0.1017, -0.0439,
        -0.0418, -0.0152,  0.1034,  0.1087,  0.0218,  0.0675, -0.1318,  0.0003,
        -0.1251,  0.0481, -0.1008, -0.0504,  0.0989,  0.1352, -0.0849, -0.0785,
         0.0175,  0.0556, -0.0230, -0.0442, -0.0929,  0.0604,  0.1386, -0.0685,
         0.0667,  0.0691,  0.1137, -0.0161,  0.0045,  0.1039,  0.0894,  0.1397,
        -0.0405,  0.0560,  0.0988, -0.0960,  0.0281, -0.0316,  0.0909, -0.0635,
         0.0099,  0.0846, -0.1296, -0.1194, -0.0724,  0.0907,  0.0948, -0.0966,
         0.0270, -0.0749, -0.0656,  0.1220,  0.0683, -0.0387,  0.0208,  0.0274,
         0.0331, -0.0484, -0.0833,  0.0936,  0.0190,  0.0592, -0.0536,  0.0685,
         0.1029,  0.0860,  0.0385,  0.1391, -0.0003,  0.0301,  0.1344,  0.1374,
        -0.0597,  0.1274,  0.0522, -0.0158,  0.1235, -0.0733,  0.0919,  0.1401,
        -0.0975, -0.0835, -0.1401, -0.0255, -0.1284, -0.0474,  0.0429,  0.1000,
         0.0788,  0.0785,  0.0587, -0.0877, -0.1123,  0.0059,  0.1343,  0.0080,
        -0.0122, -0.0960, -0.0701, -0.1090,  0.1132, -0.0230, -0.1249,  0.0152,
         0.0103, -0.0175,  0.0506,  0.0761, -0.1330, -0.1083, -0.0068, -0.1311,
        -0.1285,  0.1249, -0.0108, -0.0699, -0.0485, -0.1104,  0.1104, -0.0307,
        -0.0795, -0.1073,  0.0827, -0.0195, -0.0149, -0.0369, -0.0683,  0.0252,
         0.1088, -0.0820,  0.0068, -0.1076, -0.0663,  0.1241,  0.0015,  0.1362,
        -0.0248, -0.0771, -0.0845,  0.1253, -0.1088,  0.0742,  0.0352,  0.0417,
         0.0798, -0.0370,  0.0875, -0.1127, -0.0498,  0.1035,  0.0420, -0.0188,
        -0.0330, -0.0864,  0.0860, -0.0045, -0.0048,  0.0334,  0.1044, -0.0722,
        -0.0487,  0.0958,  0.0799, -0.0696, -0.1399,  0.0262,  0.0744,  0.0338,
         0.1003, -0.1122], device='cuda:1')
rank: local_param 1 tensor([-0.3130, -0.1222, -0.2426,  0.2595,  0.0911,  0.1310,  0.1000, -0.0055,
         0.2475, -0.2247,  0.0199, -0.2158,  0.0975, -0.1089,  0.0969, -0.0659,
         0.2623, -0.1874, -0.1886, -0.1886,  0.2844,  0.1054,  0.3043, -0.2610,
        -0.3137, -0.2474, -0.2127,  0.1281,  0.1132,  0.2628, -0.1633, -0.2156,
         0.1678, -0.1278,  0.1919, -0.0750,  0.1809, -0.2457, -0.1596,  0.0964,
         0.0669, -0.0806,  0.1885,  0.2150, -0.2293, -0.1688,  0.2896, -0.1067,
        -0.1121, -0.3060], device='cuda:1', requires_grad=True)
rank: flatten_data 1 tensor([ 0.2418,  0.2625, -0.0741,  0.2905, -0.0693,  0.0638, -0.1540,  0.1857,
         0.2788, -0.2320,  0.2749,  0.0592,  0.2336,  0.0428,  0.1525, -0.0446,
         0.2438,  0.0467, -0.1476,  0.0806, -0.1457, -0.0371, -0.1284,  0.2098,
        -0.2496, -0.1458, -0.0893, -0.1901,  0.0298, -0.3123,  0.2856, -0.2686,
         0.2441,  0.0526, -0.1027,  0.1954,  0.0493,  0.2555,  0.0346, -0.0997,
         0.0850, -0.0858,  0.1331,  0.2823,  0.1828, -0.1382,  0.1825,  0.0566,
         0.1606, -0.1927, -0.3130, -0.1222, -0.2426,  0.2595,  0.0911,  0.1310,
         0.1000, -0.0055,  0.2475, -0.2247,  0.0199, -0.2158,  0.0975, -0.1089,
         0.0969, -0.0659,  0.2623, -0.1874, -0.1886, -0.1886,  0.2844,  0.1054,
         0.3043, -0.2610, -0.3137, -0.2474, -0.2127,  0.1281,  0.1132,  0.2628,
        -0.1633, -0.2156,  0.1678, -0.1278,  0.1919, -0.0750,  0.1809, -0.2457,
        -0.1596,  0.0964,  0.0669, -0.0806,  0.1885,  0.2150, -0.2293, -0.1688,
         0.2896, -0.1067, -0.1121, -0.3060], device='cuda:1')
rank: local_param 1 tensor([ 0.0872,  0.1733,  0.2404,  0.1761, -0.3135,  0.0280,  0.1916, -0.0292,
        -0.1863,  0.3015, -0.1183, -0.1800, -0.2851,  0.0141,  0.1401,  0.0700,
         0.0625, -0.2398, -0.2953,  0.0056,  0.2883,  0.1824, -0.1841, -0.0410,
        -0.2331, -0.1526,  0.0573,  0.1722,  0.2620, -0.2903,  0.2114, -0.2230,
         0.1184,  0.2676,  0.0044,  0.2877, -0.2694, -0.1208,  0.1844, -0.0689,
        -0.0647, -0.1318,  0.2180,  0.1551,  0.1013, -0.1777, -0.2567,  0.0342,
         0.0937, -0.1460, -0.0885,  0.2136,  0.0252,  0.0143, -0.0778, -0.2864,
        -0.2973, -0.1512, -0.1607,  0.0985, -0.0921, -0.1237,  0.3015,  0.1101,
         0.2254, -0.1531, -0.1292,  0.1162, -0.2107, -0.2067, -0.0153, -0.1157,
        -0.2371,  0.1876,  0.2543,  0.0513, -0.0551, -0.2929, -0.1152,  0.0805,
         0.1491, -0.0400, -0.1250,  0.1762, -0.2518,  0.1999, -0.1227,  0.0048,
        -0.0625,  0.0383, -0.0956,  0.2299, -0.0082,  0.2468,  0.3040, -0.1541,
        -0.2307,  0.2537,  0.2478, -0.2415, -0.0244, -0.3118, -0.2589,  0.0611,
         0.0841,  0.0670, -0.0861,  0.2917,  0.0452, -0.1866, -0.0179,  0.0759,
         0.1107, -0.2236,  0.1185, -0.1616, -0.2628, -0.1727,  0.3050,  0.2703,
         0.2832,  0.1856,  0.2389, -0.0423, -0.1740,  0.1580, -0.1639, -0.2134,
        -0.1010,  0.0664,  0.1628, -0.1228, -0.1861,  0.0427, -0.1864, -0.2059,
         0.1648, -0.0531,  0.2890,  0.3076,  0.0946,  0.1088,  0.0728,  0.0050,
        -0.0230,  0.0043,  0.1181,  0.2940, -0.0820, -0.1337, -0.0766, -0.1528,
         0.0538,  0.2360,  0.2473,  0.1452, -0.2327, -0.1697, -0.0695, -0.0583,
         0.0260, -0.2903,  0.0984, -0.2412, -0.2001, -0.2629,  0.2755, -0.2994,
         0.2386, -0.0106, -0.0368,  0.1978, -0.0292,  0.1983,  0.2286, -0.2746,
         0.1217,  0.0597,  0.0680,  0.0462,  0.0865, -0.1521, -0.0405,  0.3005,
         0.2125, -0.0119, -0.2974,  0.0139, -0.2153,  0.2572, -0.1920, -0.0228,
        -0.0702,  0.0563,  0.2976,  0.0300,  0.1831,  0.2455,  0.2553, -0.1092,
        -0.0707,  0.1524, -0.0863,  0.1481, -0.0691, -0.2145,  0.1287,  0.0485,
         0.1410,  0.3142,  0.2159,  0.2998,  0.0169, -0.2720, -0.2218, -0.1964,
        -0.2787, -0.1585, -0.2911, -0.2918, -0.1890, -0.3117, -0.1941,  0.1206,
         0.2638, -0.0941, -0.0920,  0.1689, -0.1560, -0.1495,  0.1948, -0.2755,
         0.0387,  0.2793,  0.0542,  0.0860, -0.1842, -0.0044,  0.0174,  0.0776,
         0.1229,  0.2748, -0.2414,  0.0095, -0.1580, -0.2502, -0.0253, -0.2784,
         0.2207,  0.0366], device='cuda:1', requires_grad=True)
rank: flatten_data 1 tensor([-0.1811,  0.0790, -0.0417, -0.2295,  0.0074, -0.2160, -0.2683, -0.1741,
        -0.2768, -0.2014,  0.3161,  0.0597,  0.0974, -0.2949, -0.2077, -0.1053,
         0.0494, -0.2783, -0.1363, -0.1893,  0.0009, -0.1177, -0.0219, -0.2143,
        -0.2171, -0.1845, -0.1082, -0.2496,  0.2651, -0.0628,  0.2721,  0.0985,
        -0.2678,  0.2188, -0.0870, -0.1212, -0.2625, -0.3144,  0.0905, -0.0691,
         0.1231, -0.2595,  0.2348, -0.2321, -0.0546,  0.0661,  0.1633,  0.2553,
         0.2881, -0.2507,  0.0796, -0.1360, -0.0347, -0.2367,  0.2880, -0.2321,
         0.1690,  0.1111,  0.1028, -0.1710,  0.2874,  0.0695,  0.0407, -0.2787,
         0.1327, -0.0474, -0.1449,  0.2716,  0.0705, -0.1750, -0.1601, -0.0151,
         0.1766, -0.0808, -0.1804, -0.1083, -0.2362,  0.1128,  0.2448, -0.2977,
         0.0734,  0.1634,  0.0573, -0.1126,  0.1651,  0.1662,  0.1182, -0.0556,
        -0.0837,  0.0338, -0.0559, -0.0942,  0.2021,  0.2718, -0.0313, -0.0708,
         0.0046, -0.0189,  0.0760,  0.0886, -0.2872, -0.1167,  0.2663,  0.1232,
        -0.0157, -0.1907, -0.1935, -0.2833, -0.1031,  0.1068,  0.2016,  0.1460,
        -0.2795, -0.1902, -0.0499,  0.3059,  0.0457, -0.0819,  0.1308, -0.1204,
        -0.2047,  0.2308, -0.1438, -0.0634, -0.3146,  0.2116,  0.2396,  0.1152,
        -0.2205, -0.3121, -0.2568,  0.2358,  0.1518,  0.2661,  0.1657,  0.0800,
        -0.0031, -0.2405, -0.2709, -0.2958,  0.1295, -0.1553, -0.0636, -0.1820,
        -0.0576, -0.2226, -0.2066,  0.1049, -0.0940,  0.1952, -0.1014, -0.2320,
        -0.0558, -0.1533, -0.0967, -0.3010,  0.1769, -0.2202,  0.1589,  0.1435,
         0.2259, -0.2426,  0.2274, -0.1495,  0.1173,  0.2970, -0.0446, -0.0024,
        -0.0728, -0.2640,  0.1518, -0.3139,  0.1963,  0.2366,  0.2991, -0.0746,
        -0.2598,  0.0711,  0.1747, -0.3147, -0.0718, -0.1896, -0.0277, -0.1557,
        -0.1293, -0.1004, -0.3005,  0.2595,  0.2651, -0.0496, -0.0360, -0.1291,
        -0.2856, -0.3077,  0.1175, -0.1736, -0.2033, -0.0247, -0.1053, -0.1023,
         0.0102, -0.0671, -0.1089, -0.1514, -0.2574,  0.2652, -0.1266,  0.0838,
        -0.1097,  0.0257,  0.2948,  0.1457, -0.2740,  0.1255,  0.3002,  0.0832,
         0.2120,  0.3118, -0.0485,  0.0656, -0.2198, -0.0652,  0.2342,  0.1621,
        -0.2001, -0.2536, -0.2161, -0.3121, -0.2440, -0.0782,  0.2134,  0.0529,
        -0.2405, -0.2537,  0.1573, -0.2352, -0.0389,  0.1517, -0.1464, -0.0345,
        -0.0275, -0.0748, -0.1603, -0.2819, -0.2556, -0.1693,  0.3054, -0.1527,
        -0.2124,  0.0767,  0.0872,  0.1733,  0.2404,  0.1761, -0.3135,  0.0280,
         0.1916, -0.0292, -0.1863,  0.3015, -0.1183, -0.1800, -0.2851,  0.0141,
         0.1401,  0.0700,  0.0625, -0.2398, -0.2953,  0.0056,  0.2883,  0.1824,
        -0.1841, -0.0410, -0.2331, -0.1526,  0.0573,  0.1722,  0.2620, -0.2903,
         0.2114, -0.2230,  0.1184,  0.2676,  0.0044,  0.2877, -0.2694, -0.1208,
         0.1844, -0.0689, -0.0647, -0.1318,  0.2180,  0.1551,  0.1013, -0.1777,
        -0.2567,  0.0342,  0.0937, -0.1460, -0.0885,  0.2136,  0.0252,  0.0143,
        -0.0778, -0.2864, -0.2973, -0.1512, -0.1607,  0.0985, -0.0921, -0.1237,
         0.3015,  0.1101,  0.2254, -0.1531, -0.1292,  0.1162, -0.2107, -0.2067,
        -0.0153, -0.1157, -0.2371,  0.1876,  0.2543,  0.0513, -0.0551, -0.2929,
        -0.1152,  0.0805,  0.1491, -0.0400, -0.1250,  0.1762, -0.2518,  0.1999,
        -0.1227,  0.0048, -0.0625,  0.0383, -0.0956,  0.2299, -0.0082,  0.2468,
         0.3040, -0.1541, -0.2307,  0.2537,  0.2478, -0.2415, -0.0244, -0.3118,
        -0.2589,  0.0611,  0.0841,  0.0670, -0.0861,  0.2917,  0.0452, -0.1866,
        -0.0179,  0.0759,  0.1107, -0.2236,  0.1185, -0.1616, -0.2628, -0.1727,
         0.3050,  0.2703,  0.2832,  0.1856,  0.2389, -0.0423, -0.1740,  0.1580,
        -0.1639, -0.2134, -0.1010,  0.0664,  0.1628, -0.1228, -0.1861,  0.0427,
        -0.1864, -0.2059,  0.1648, -0.0531,  0.2890,  0.3076,  0.0946,  0.1088,
         0.0728,  0.0050, -0.0230,  0.0043,  0.1181,  0.2940, -0.0820, -0.1337,
        -0.0766, -0.1528,  0.0538,  0.2360,  0.2473,  0.1452, -0.2327, -0.1697,
        -0.0695, -0.0583,  0.0260, -0.2903,  0.0984, -0.2412, -0.2001, -0.2629,
         0.2755, -0.2994,  0.2386, -0.0106, -0.0368,  0.1978, -0.0292,  0.1983,
         0.2286, -0.2746,  0.1217,  0.0597,  0.0680,  0.0462,  0.0865, -0.1521,
        -0.0405,  0.3005,  0.2125, -0.0119, -0.2974,  0.0139, -0.2153,  0.2572,
        -0.1920, -0.0228, -0.0702,  0.0563,  0.2976,  0.0300,  0.1831,  0.2455,
         0.2553, -0.1092, -0.0707,  0.1524, -0.0863,  0.1481, -0.0691, -0.2145,
         0.1287,  0.0485,  0.1410,  0.3142,  0.2159,  0.2998,  0.0169, -0.2720,
        -0.2218, -0.1964, -0.2787, -0.1585, -0.2911, -0.2918, -0.1890, -0.3117,
        -0.1941,  0.1206,  0.2638, -0.0941, -0.0920,  0.1689, -0.1560, -0.1495,
         0.1948, -0.2755,  0.0387,  0.2793,  0.0542,  0.0860, -0.1842, -0.0044,
         0.0174,  0.0776,  0.1229,  0.2748, -0.2414,  0.0095, -0.1580, -0.2502,
        -0.0253, -0.2784,  0.2207,  0.0366], device='cuda:1')
rank: local_param 1 tensor([ 5.0741e-02, -5.5715e-02, -1.3242e-01,  5.1223e-02, -7.0068e-02,
         7.1966e-02,  9.4538e-02,  5.4549e-02,  1.3270e-01,  1.3432e-01,
         2.9945e-02, -1.0304e-01,  1.2635e-01, -6.7104e-02, -6.6801e-02,
         1.1834e-01,  1.0957e-01,  4.2731e-02,  8.8648e-03, -1.1896e-01,
        -1.4680e-02,  1.3564e-01,  3.6014e-02,  1.2108e-02, -2.9366e-02,
        -4.9325e-02,  8.4290e-02,  8.7212e-03,  9.2005e-02, -2.5031e-02,
         6.1788e-02,  5.8374e-02,  2.2552e-02,  8.8865e-02,  8.8621e-02,
         1.3109e-01,  1.0872e-01, -3.6161e-02, -1.1973e-01,  2.5854e-02,
        -1.2344e-03, -3.6886e-02, -2.3682e-02,  6.6514e-03,  1.0319e-01,
         4.4087e-02, -5.0218e-02, -5.8156e-02, -3.5020e-02, -5.4660e-02,
         1.2717e-01,  7.4903e-02,  1.2770e-01,  4.5165e-04,  2.8521e-02,
         4.9040e-02, -1.3386e-01,  1.2628e-02, -9.4597e-03, -7.9288e-02,
        -1.0974e-01,  1.2520e-01,  1.1498e-01,  6.5544e-02,  1.3495e-01,
        -5.7390e-02, -2.4427e-02,  5.3545e-02, -2.3367e-02, -2.7752e-02,
        -1.1689e-01,  3.7994e-02, -8.5465e-02,  5.1430e-03,  1.3788e-01,
        -4.3532e-02, -4.4575e-02,  8.5321e-02, -5.1994e-02, -1.2145e-02,
         1.3205e-01, -5.7979e-02, -1.0117e-01, -7.9146e-02, -3.9208e-02,
        -6.7104e-02, -7.3388e-02,  5.7126e-02,  2.4033e-02, -4.5264e-02,
        -1.0987e-01, -4.4528e-02, -5.9685e-02, -4.6021e-02, -1.2758e-01,
         3.0466e-02, -1.0391e-01, -1.1014e-01, -1.1555e-01,  5.9027e-02,
        -8.5139e-02, -5.8372e-02,  1.1085e-01,  7.5090e-02,  8.1090e-02,
        -1.3428e-01, -1.0141e-01, -5.3388e-02,  1.1683e-01,  1.4467e-02,
        -1.0577e-01,  8.8556e-04, -1.0984e-01, -3.0985e-02, -3.8887e-02,
         1.2242e-01,  4.3803e-02, -2.4660e-02,  2.3890e-02, -4.0823e-02,
         5.5565e-02,  5.5941e-02,  3.7978e-02, -5.5123e-02,  1.2065e-01,
        -2.0417e-02, -5.5058e-02,  8.8574e-02,  1.1527e-01,  1.4074e-01,
         4.1897e-02, -4.8210e-02,  7.1827e-02,  1.2133e-01, -1.3871e-01,
        -1.7520e-02, -9.6444e-02,  2.6355e-02,  5.8490e-02, -2.9216e-02,
        -1.1831e-02,  6.3655e-02, -2.3769e-02, -1.1876e-01,  1.1316e-01,
        -7.1179e-02, -1.5536e-02,  1.3340e-02, -8.4990e-03, -1.3303e-01,
         6.4884e-02, -6.4238e-02, -7.3350e-02,  3.3788e-02, -7.3802e-02,
        -6.5359e-02, -4.7652e-02, -5.3129e-02, -5.9063e-02, -3.8139e-02,
         3.6752e-02, -1.1444e-01, -8.5600e-02,  2.0635e-03,  1.9667e-02,
         7.8106e-02, -9.9341e-02,  4.5141e-02,  8.0382e-02,  7.8526e-02,
        -1.3172e-01, -5.3967e-02, -1.2156e-01, -8.9493e-02,  7.8769e-02,
        -2.1117e-02,  6.0063e-02, -8.3015e-02,  2.1490e-02, -8.5540e-02,
         7.0695e-02, -6.1855e-02, -3.5463e-02, -1.2270e-01,  4.6719e-04,
         1.3428e-01,  6.8643e-02, -7.5454e-02,  1.9019e-03, -1.5507e-02,
        -1.1385e-01,  1.1089e-01,  2.2798e-03,  2.9783e-02, -5.7110e-02,
        -6.6174e-02,  2.3319e-02,  5.2285e-02,  3.1721e-02, -6.8157e-02,
         1.3731e-01, -2.0818e-02, -8.6609e-02, -6.6145e-02,  1.3922e-01,
         6.8109e-06, -1.9197e-02, -5.8854e-02, -3.7073e-02, -1.1911e-01,
        -1.1239e-01,  8.2772e-02,  1.2098e-01,  1.3496e-01, -1.0210e-01,
         7.6490e-02, -8.7535e-02,  8.4366e-02,  1.0204e-01,  1.0944e-01,
         1.0183e-01,  8.8469e-02,  2.7526e-03,  6.4981e-02, -5.0596e-02,
         6.1580e-02, -4.5453e-02, -2.3747e-03, -1.2309e-01, -3.6978e-02,
        -7.4370e-02, -4.7704e-02, -9.0310e-02, -1.2720e-01,  9.2089e-03,
         9.1780e-02,  1.2880e-01,  8.2527e-02, -7.3304e-02, -1.3987e-01,
         5.3643e-02,  7.9240e-02, -1.2141e-01,  5.0712e-02,  1.1957e-01,
         8.5668e-03, -8.5201e-02,  1.1595e-01,  6.0389e-02,  9.3649e-02],
       device='cuda:1', requires_grad=True)
rank: flatten_data 1 tensor([-7.6220e-02,  7.3904e-02, -1.3385e-01, -5.4702e-02, -2.7552e-02,
        -1.2017e-01, -8.9928e-02, -2.3083e-02,  1.0731e-01,  1.3656e-01,
         8.9981e-02, -8.4446e-02, -9.2521e-02,  1.2342e-01,  5.0023e-02,
         3.7572e-03,  1.9139e-02, -1.1366e-01, -4.7219e-02,  1.3613e-01,
        -3.4879e-02, -7.0943e-03, -1.1743e-01, -7.9112e-02, -2.8878e-03,
        -8.7845e-02, -1.7538e-02,  5.7553e-02, -1.3834e-01,  4.2004e-02,
        -9.3509e-02, -6.9021e-02,  5.4293e-02,  1.1245e-01, -3.8652e-02,
        -5.8063e-02, -1.2788e-01, -7.2925e-02, -1.2383e-01, -3.2367e-02,
         2.8858e-02, -1.3249e-01,  1.2348e-01,  8.8726e-02, -1.3844e-01,
        -6.7548e-02,  4.6125e-02, -2.9056e-02, -1.5412e-02, -6.3854e-02,
         1.1359e-01, -7.9054e-02,  1.1728e-01,  9.1248e-03,  2.8429e-02,
         1.1033e-01, -2.3301e-02, -8.0517e-02, -2.2873e-02,  1.1470e-01,
        -1.0493e-01,  3.2100e-02, -1.3899e-01,  7.4148e-02,  5.2251e-02,
         5.9952e-03,  6.0697e-02,  1.5906e-04,  7.8256e-02, -1.1195e-01,
        -2.0768e-02,  6.2737e-02,  1.4083e-01,  7.2039e-02, -1.0284e-01,
         1.0877e-01, -3.1537e-02, -3.0196e-02, -1.2854e-01, -2.2262e-02,
         1.0003e-01,  1.9720e-02, -8.2371e-02,  4.3531e-02, -4.5346e-02,
         1.2912e-01, -1.2275e-01, -4.4672e-02, -1.3655e-01, -5.5696e-02,
         4.4583e-02,  1.3613e-01,  2.3751e-02,  1.3864e-01,  2.7669e-02,
         8.1676e-02,  1.1337e-01,  1.1822e-01, -7.9157e-02,  1.3002e-01,
         8.5668e-02, -6.6126e-02, -6.7487e-02, -1.1862e-01,  3.5516e-02,
        -1.1463e-01,  5.9740e-02,  4.4661e-02, -1.2287e-01,  3.8537e-02,
        -1.1502e-02,  6.4604e-02,  8.1146e-02, -1.4059e-01,  1.2970e-01,
         1.1860e-01,  5.6269e-02, -1.2925e-01, -5.0519e-02, -4.0985e-02,
        -3.6345e-02,  7.9751e-02,  5.1417e-02,  1.1203e-01, -5.2966e-02,
         4.7594e-02,  5.0317e-02, -1.1775e-01, -1.3718e-01, -7.3382e-02,
         9.6810e-02, -1.3314e-01, -1.2310e-01,  7.9224e-02,  7.6301e-02,
         1.1630e-01, -1.0676e-01, -1.0351e-01,  7.2547e-02,  1.2298e-01,
         8.4618e-02,  2.2154e-02,  4.6609e-02,  1.3423e-01, -9.1246e-02,
        -6.4207e-02,  9.8920e-02, -9.6766e-02, -7.7982e-02,  1.0324e-01,
         4.4622e-02,  4.5689e-02, -5.9940e-02, -1.9517e-03,  1.2943e-01,
        -8.4884e-02,  1.1119e-03,  6.7260e-02, -9.7631e-02,  1.3735e-01,
        -7.0656e-02, -3.3960e-02, -3.8264e-02, -9.2158e-02, -1.3877e-01,
         7.9741e-02,  3.7572e-02, -1.3246e-01, -9.1023e-02,  1.3978e-01,
         5.4056e-02,  5.6745e-02, -8.4612e-02, -6.1999e-02, -2.1348e-02,
        -2.5863e-02, -9.6909e-02,  1.1651e-02,  1.4056e-02, -1.7907e-02,
         1.9606e-02, -5.6052e-02,  3.6805e-02,  5.3336e-02, -7.4492e-02,
        -1.4023e-01,  7.4025e-02,  3.3734e-02, -7.1925e-02,  1.3629e-01,
        -6.3958e-02,  9.5565e-02,  7.1747e-02, -1.1857e-01,  9.1208e-02,
        -1.3003e-01, -7.8350e-02, -2.3577e-02, -9.5325e-02,  1.3816e-01,
        -2.8366e-02,  5.6171e-02, -1.2628e-01,  8.1412e-02, -4.3951e-02,
        -1.0758e-01,  2.0679e-02,  6.8513e-02,  1.2239e-01, -8.6379e-02,
        -6.9594e-02,  2.7190e-02,  3.8362e-02,  5.4373e-02,  7.7623e-02,
        -3.2068e-02,  7.8569e-02,  1.0427e-01, -3.6942e-02,  1.0062e-01,
         6.9096e-02,  1.2474e-01, -8.0366e-02, -6.9835e-02, -4.0890e-02,
         7.1738e-03,  8.4881e-02, -8.0732e-02,  7.0803e-02, -5.0683e-02,
         8.5434e-02, -6.7143e-03, -1.2390e-01, -7.7817e-02, -1.0235e-01,
         7.0140e-02, -9.4830e-02, -1.1783e-02,  3.0512e-02, -7.7555e-02,
         4.0796e-02, -1.3809e-01, -1.0119e-01, -1.2815e-01, -4.2777e-02,
        -5.1519e-02,  2.0251e-02, -2.6151e-02,  6.6480e-02,  1.2965e-01,
         5.0741e-02, -5.5715e-02, -1.3242e-01,  5.1223e-02, -7.0068e-02,
         7.1966e-02,  9.4538e-02,  5.4549e-02,  1.3270e-01,  1.3432e-01,
         2.9945e-02, -1.0304e-01,  1.2635e-01, -6.7104e-02, -6.6801e-02,
         1.1834e-01,  1.0957e-01,  4.2731e-02,  8.8648e-03, -1.1896e-01,
        -1.4680e-02,  1.3564e-01,  3.6014e-02,  1.2108e-02, -2.9366e-02,
        -4.9325e-02,  8.4290e-02,  8.7212e-03,  9.2005e-02, -2.5031e-02,
         6.1788e-02,  5.8374e-02,  2.2552e-02,  8.8865e-02,  8.8621e-02,
         1.3109e-01,  1.0872e-01, -3.6161e-02, -1.1973e-01,  2.5854e-02,
        -1.2344e-03, -3.6886e-02, -2.3682e-02,  6.6514e-03,  1.0319e-01,
         4.4087e-02, -5.0218e-02, -5.8156e-02, -3.5020e-02, -5.4660e-02,
         1.2717e-01,  7.4903e-02,  1.2770e-01,  4.5165e-04,  2.8521e-02,
         4.9040e-02, -1.3386e-01,  1.2628e-02, -9.4597e-03, -7.9288e-02,
        -1.0974e-01,  1.2520e-01,  1.1498e-01,  6.5544e-02,  1.3495e-01,
        -5.7390e-02, -2.4427e-02,  5.3545e-02, -2.3367e-02, -2.7752e-02,
        -1.1689e-01,  3.7994e-02, -8.5465e-02,  5.1430e-03,  1.3788e-01,
        -4.3532e-02, -4.4575e-02,  8.5321e-02, -5.1994e-02, -1.2145e-02,
         1.3205e-01, -5.7979e-02, -1.0117e-01, -7.9146e-02, -3.9208e-02,
        -6.7104e-02, -7.3388e-02,  5.7126e-02,  2.4033e-02, -4.5264e-02,
        -1.0987e-01, -4.4528e-02, -5.9685e-02, -4.6021e-02, -1.2758e-01,
         3.0466e-02, -1.0391e-01, -1.1014e-01, -1.1555e-01,  5.9027e-02,
        -8.5139e-02, -5.8372e-02,  1.1085e-01,  7.5090e-02,  8.1090e-02,
        -1.3428e-01, -1.0141e-01, -5.3388e-02,  1.1683e-01,  1.4467e-02,
        -1.0577e-01,  8.8556e-04, -1.0984e-01, -3.0985e-02, -3.8887e-02,
         1.2242e-01,  4.3803e-02, -2.4660e-02,  2.3890e-02, -4.0823e-02,
         5.5565e-02,  5.5941e-02,  3.7978e-02, -5.5123e-02,  1.2065e-01,
        -2.0417e-02, -5.5058e-02,  8.8574e-02,  1.1527e-01,  1.4074e-01,
         4.1897e-02, -4.8210e-02,  7.1827e-02,  1.2133e-01, -1.3871e-01,
        -1.7520e-02, -9.6444e-02,  2.6355e-02,  5.8490e-02, -2.9216e-02,
        -1.1831e-02,  6.3655e-02, -2.3769e-02, -1.1876e-01,  1.1316e-01,
        -7.1179e-02, -1.5536e-02,  1.3340e-02, -8.4990e-03, -1.3303e-01,
         6.4884e-02, -6.4238e-02, -7.3350e-02,  3.3788e-02, -7.3802e-02,
        -6.5359e-02, -4.7652e-02, -5.3129e-02, -5.9063e-02, -3.8139e-02,
         3.6752e-02, -1.1444e-01, -8.5600e-02,  2.0635e-03,  1.9667e-02,
         7.8106e-02, -9.9341e-02,  4.5141e-02,  8.0382e-02,  7.8526e-02,
        -1.3172e-01, -5.3967e-02, -1.2156e-01, -8.9493e-02,  7.8769e-02,
        -2.1117e-02,  6.0063e-02, -8.3015e-02,  2.1490e-02, -8.5540e-02,
         7.0695e-02, -6.1855e-02, -3.5463e-02, -1.2270e-01,  4.6719e-04,
         1.3428e-01,  6.8643e-02, -7.5454e-02,  1.9019e-03, -1.5507e-02,
        -1.1385e-01,  1.1089e-01,  2.2798e-03,  2.9783e-02, -5.7110e-02,
        -6.6174e-02,  2.3319e-02,  5.2285e-02,  3.1721e-02, -6.8157e-02,
         1.3731e-01, -2.0818e-02, -8.6609e-02, -6.6145e-02,  1.3922e-01,
         6.8109e-06, -1.9197e-02, -5.8854e-02, -3.7073e-02, -1.1911e-01,
        -1.1239e-01,  8.2772e-02,  1.2098e-01,  1.3496e-01, -1.0210e-01,
         7.6490e-02, -8.7535e-02,  8.4366e-02,  1.0204e-01,  1.0944e-01,
         1.0183e-01,  8.8469e-02,  2.7526e-03,  6.4981e-02, -5.0596e-02,
         6.1580e-02, -4.5453e-02, -2.3747e-03, -1.2309e-01, -3.6978e-02,
        -7.4370e-02, -4.7704e-02, -9.0310e-02, -1.2720e-01,  9.2089e-03,
         9.1780e-02,  1.2880e-01,  8.2527e-02, -7.3304e-02, -1.3987e-01,
         5.3643e-02,  7.9240e-02, -1.2141e-01,  5.0712e-02,  1.1957e-01,
         8.5668e-03, -8.5201e-02,  1.1595e-01,  6.0389e-02,  9.3649e-02],
       device='cuda:1')
rank: local_param 0 tensor([-0.0762,  0.0739, -0.1338, -0.0547, -0.0276, -0.1202, -0.0899, -0.0231,
         0.1073,  0.1366,  0.0900, -0.0844, -0.0925,  0.1234,  0.0500,  0.0038,
         0.0191, -0.1137, -0.0472,  0.1361, -0.0349, -0.0071, -0.1174, -0.0791,
        -0.0029, -0.0878, -0.0175,  0.0576, -0.1383,  0.0420, -0.0935, -0.0690,
         0.0543,  0.1124, -0.0387, -0.0581, -0.1279, -0.0729, -0.1238, -0.0324,
         0.0289, -0.1325,  0.1235,  0.0887, -0.1384, -0.0675,  0.0461, -0.0291,
        -0.0154, -0.0639,  0.1136, -0.0791,  0.1173,  0.0091,  0.0284,  0.1103,
        -0.0233, -0.0805, -0.0229,  0.1147, -0.1049,  0.0321, -0.1390,  0.0741,
         0.0523,  0.0060,  0.0607,  0.0002,  0.0783, -0.1120, -0.0208,  0.0627,
         0.1408,  0.0720, -0.1028,  0.1088, -0.0315, -0.0302, -0.1285, -0.0223,
         0.1000,  0.0197, -0.0824,  0.0435, -0.0453,  0.1291, -0.1227, -0.0447,
        -0.1366, -0.0557,  0.0446,  0.1361,  0.0238,  0.1386,  0.0277,  0.0817,
         0.1134,  0.1182, -0.0792,  0.1300,  0.0857, -0.0661, -0.0675, -0.1186,
         0.0355, -0.1146,  0.0597,  0.0447, -0.1229,  0.0385, -0.0115,  0.0646,
         0.0811, -0.1406,  0.1297,  0.1186,  0.0563, -0.1293, -0.0505, -0.0410,
        -0.0363,  0.0798,  0.0514,  0.1120, -0.0530,  0.0476,  0.0503, -0.1177,
        -0.1372, -0.0734,  0.0968, -0.1331, -0.1231,  0.0792,  0.0763,  0.1163,
        -0.1068, -0.1035,  0.0725,  0.1230,  0.0846,  0.0222,  0.0466,  0.1342,
        -0.0912, -0.0642,  0.0989, -0.0968, -0.0780,  0.1032,  0.0446,  0.0457,
        -0.0599, -0.0020,  0.1294, -0.0849,  0.0011,  0.0673, -0.0976,  0.1373,
        -0.0707, -0.0340, -0.0383, -0.0922, -0.1388,  0.0797,  0.0376, -0.1325,
        -0.0910,  0.1398,  0.0541,  0.0567, -0.0846, -0.0620, -0.0213, -0.0259,
        -0.0969,  0.0117,  0.0141, -0.0179,  0.0196, -0.0561,  0.0368,  0.0533,
        -0.0745, -0.1402,  0.0740,  0.0337, -0.0719,  0.1363, -0.0640,  0.0956,
         0.0717, -0.1186,  0.0912, -0.1300, -0.0783, -0.0236, -0.0953,  0.1382,
        -0.0284,  0.0562, -0.1263,  0.0814, -0.0440, -0.1076,  0.0207,  0.0685,
         0.1224, -0.0864, -0.0696,  0.0272,  0.0384,  0.0544,  0.0776, -0.0321,
         0.0786,  0.1043, -0.0369,  0.1006,  0.0691,  0.1247, -0.0804, -0.0698,
        -0.0409,  0.0072,  0.0849, -0.0807,  0.0708, -0.0507,  0.0854, -0.0067,
        -0.1239, -0.0778, -0.1024,  0.0701, -0.0948, -0.0118,  0.0305, -0.0776,
         0.0408, -0.1381, -0.1012, -0.1281, -0.0428, -0.0515,  0.0203, -0.0262,
         0.0665,  0.1297], device='cuda:0', requires_grad=True)
rank: flatten_data 0 tensor([-7.6220e-02,  7.3904e-02, -1.3385e-01, -5.4702e-02, -2.7552e-02,
        -1.2017e-01, -8.9928e-02, -2.3083e-02,  1.0731e-01,  1.3656e-01,
         8.9981e-02, -8.4446e-02, -9.2521e-02,  1.2342e-01,  5.0023e-02,
         3.7572e-03,  1.9139e-02, -1.1366e-01, -4.7219e-02,  1.3613e-01,
        -3.4879e-02, -7.0943e-03, -1.1743e-01, -7.9112e-02, -2.8878e-03,
        -8.7845e-02, -1.7538e-02,  5.7553e-02, -1.3834e-01,  4.2004e-02,
        -9.3509e-02, -6.9021e-02,  5.4293e-02,  1.1245e-01, -3.8652e-02,
        -5.8063e-02, -1.2788e-01, -7.2925e-02, -1.2383e-01, -3.2367e-02,
         2.8858e-02, -1.3249e-01,  1.2348e-01,  8.8726e-02, -1.3844e-01,
        -6.7548e-02,  4.6125e-02, -2.9056e-02, -1.5412e-02, -6.3854e-02,
         1.1359e-01, -7.9054e-02,  1.1728e-01,  9.1248e-03,  2.8429e-02,
         1.1033e-01, -2.3301e-02, -8.0517e-02, -2.2873e-02,  1.1470e-01,
        -1.0493e-01,  3.2100e-02, -1.3899e-01,  7.4148e-02,  5.2251e-02,
         5.9952e-03,  6.0697e-02,  1.5906e-04,  7.8256e-02, -1.1195e-01,
        -2.0768e-02,  6.2737e-02,  1.4083e-01,  7.2039e-02, -1.0284e-01,
         1.0877e-01, -3.1537e-02, -3.0196e-02, -1.2854e-01, -2.2262e-02,
         1.0003e-01,  1.9720e-02, -8.2371e-02,  4.3531e-02, -4.5346e-02,
         1.2912e-01, -1.2275e-01, -4.4672e-02, -1.3655e-01, -5.5696e-02,
         4.4583e-02,  1.3613e-01,  2.3751e-02,  1.3864e-01,  2.7669e-02,
         8.1676e-02,  1.1337e-01,  1.1822e-01, -7.9157e-02,  1.3002e-01,
         8.5668e-02, -6.6126e-02, -6.7487e-02, -1.1862e-01,  3.5516e-02,
        -1.1463e-01,  5.9740e-02,  4.4661e-02, -1.2287e-01,  3.8537e-02,
        -1.1502e-02,  6.4604e-02,  8.1146e-02, -1.4059e-01,  1.2970e-01,
         1.1860e-01,  5.6269e-02, -1.2925e-01, -5.0519e-02, -4.0985e-02,
        -3.6345e-02,  7.9751e-02,  5.1417e-02,  1.1203e-01, -5.2966e-02,
         4.7594e-02,  5.0317e-02, -1.1775e-01, -1.3718e-01, -7.3382e-02,
         9.6810e-02, -1.3314e-01, -1.2310e-01,  7.9224e-02,  7.6301e-02,
         1.1630e-01, -1.0676e-01, -1.0351e-01,  7.2547e-02,  1.2298e-01,
         8.4618e-02,  2.2154e-02,  4.6609e-02,  1.3423e-01, -9.1246e-02,
        -6.4207e-02,  9.8920e-02, -9.6766e-02, -7.7982e-02,  1.0324e-01,
         4.4622e-02,  4.5689e-02, -5.9940e-02, -1.9517e-03,  1.2943e-01,
        -8.4884e-02,  1.1119e-03,  6.7260e-02, -9.7631e-02,  1.3735e-01,
        -7.0656e-02, -3.3960e-02, -3.8264e-02, -9.2158e-02, -1.3877e-01,
         7.9741e-02,  3.7572e-02, -1.3246e-01, -9.1023e-02,  1.3978e-01,
         5.4056e-02,  5.6745e-02, -8.4612e-02, -6.1999e-02, -2.1348e-02,
        -2.5863e-02, -9.6909e-02,  1.1651e-02,  1.4056e-02, -1.7907e-02,
         1.9606e-02, -5.6052e-02,  3.6805e-02,  5.3336e-02, -7.4492e-02,
        -1.4023e-01,  7.4025e-02,  3.3734e-02, -7.1925e-02,  1.3629e-01,
        -6.3958e-02,  9.5565e-02,  7.1747e-02, -1.1857e-01,  9.1208e-02,
        -1.3003e-01, -7.8350e-02, -2.3577e-02, -9.5325e-02,  1.3816e-01,
        -2.8366e-02,  5.6171e-02, -1.2628e-01,  8.1412e-02, -4.3951e-02,
        -1.0758e-01,  2.0679e-02,  6.8513e-02,  1.2239e-01, -8.6379e-02,
        -6.9594e-02,  2.7190e-02,  3.8362e-02,  5.4373e-02,  7.7623e-02,
        -3.2068e-02,  7.8569e-02,  1.0427e-01, -3.6942e-02,  1.0062e-01,
         6.9096e-02,  1.2474e-01, -8.0366e-02, -6.9835e-02, -4.0890e-02,
         7.1738e-03,  8.4881e-02, -8.0732e-02,  7.0803e-02, -5.0683e-02,
         8.5434e-02, -6.7143e-03, -1.2390e-01, -7.7817e-02, -1.0235e-01,
         7.0140e-02, -9.4830e-02, -1.1783e-02,  3.0512e-02, -7.7555e-02,
         4.0796e-02, -1.3809e-01, -1.0119e-01, -1.2815e-01, -4.2777e-02,
        -5.1519e-02,  2.0251e-02, -2.6151e-02,  6.6480e-02,  1.2965e-01,
         5.0741e-02, -5.5715e-02, -1.3242e-01,  5.1223e-02, -7.0068e-02,
         7.1966e-02,  9.4538e-02,  5.4549e-02,  1.3270e-01,  1.3432e-01,
         2.9945e-02, -1.0304e-01,  1.2635e-01, -6.7104e-02, -6.6801e-02,
         1.1834e-01,  1.0957e-01,  4.2731e-02,  8.8648e-03, -1.1896e-01,
        -1.4680e-02,  1.3564e-01,  3.6014e-02,  1.2108e-02, -2.9366e-02,
        -4.9325e-02,  8.4290e-02,  8.7212e-03,  9.2005e-02, -2.5031e-02,
         6.1788e-02,  5.8374e-02,  2.2552e-02,  8.8865e-02,  8.8621e-02,
         1.3109e-01,  1.0872e-01, -3.6161e-02, -1.1973e-01,  2.5854e-02,
        -1.2344e-03, -3.6886e-02, -2.3682e-02,  6.6514e-03,  1.0319e-01,
         4.4087e-02, -5.0218e-02, -5.8156e-02, -3.5020e-02, -5.4660e-02,
         1.2717e-01,  7.4903e-02,  1.2770e-01,  4.5165e-04,  2.8521e-02,
         4.9040e-02, -1.3386e-01,  1.2628e-02, -9.4597e-03, -7.9288e-02,
        -1.0974e-01,  1.2520e-01,  1.1498e-01,  6.5544e-02,  1.3495e-01,
        -5.7390e-02, -2.4427e-02,  5.3545e-02, -2.3367e-02, -2.7752e-02,
        -1.1689e-01,  3.7994e-02, -8.5465e-02,  5.1430e-03,  1.3788e-01,
        -4.3532e-02, -4.4575e-02,  8.5321e-02, -5.1994e-02, -1.2145e-02,
         1.3205e-01, -5.7979e-02, -1.0117e-01, -7.9146e-02, -3.9208e-02,
        -6.7104e-02, -7.3388e-02,  5.7126e-02,  2.4033e-02, -4.5264e-02,
        -1.0987e-01, -4.4528e-02, -5.9685e-02, -4.6021e-02, -1.2758e-01,
         3.0466e-02, -1.0391e-01, -1.1014e-01, -1.1555e-01,  5.9027e-02,
        -8.5139e-02, -5.8372e-02,  1.1085e-01,  7.5090e-02,  8.1090e-02,
        -1.3428e-01, -1.0141e-01, -5.3388e-02,  1.1683e-01,  1.4467e-02,
        -1.0577e-01,  8.8556e-04, -1.0984e-01, -3.0985e-02, -3.8887e-02,
         1.2242e-01,  4.3803e-02, -2.4660e-02,  2.3890e-02, -4.0823e-02,
         5.5565e-02,  5.5941e-02,  3.7978e-02, -5.5123e-02,  1.2065e-01,
        -2.0417e-02, -5.5058e-02,  8.8574e-02,  1.1527e-01,  1.4074e-01,
         4.1897e-02, -4.8210e-02,  7.1827e-02,  1.2133e-01, -1.3871e-01,
        -1.7520e-02, -9.6444e-02,  2.6355e-02,  5.8490e-02, -2.9216e-02,
        -1.1831e-02,  6.3655e-02, -2.3769e-02, -1.1876e-01,  1.1316e-01,
        -7.1179e-02, -1.5536e-02,  1.3340e-02, -8.4990e-03, -1.3303e-01,
         6.4884e-02, -6.4238e-02, -7.3350e-02,  3.3788e-02, -7.3802e-02,
        -6.5359e-02, -4.7652e-02, -5.3129e-02, -5.9063e-02, -3.8139e-02,
         3.6752e-02, -1.1444e-01, -8.5600e-02,  2.0635e-03,  1.9667e-02,
         7.8106e-02, -9.9341e-02,  4.5141e-02,  8.0382e-02,  7.8526e-02,
        -1.3172e-01, -5.3967e-02, -1.2156e-01, -8.9493e-02,  7.8769e-02,
        -2.1117e-02,  6.0063e-02, -8.3015e-02,  2.1490e-02, -8.5540e-02,
         7.0695e-02, -6.1855e-02, -3.5463e-02, -1.2270e-01,  4.6719e-04,
         1.3428e-01,  6.8643e-02, -7.5454e-02,  1.9019e-03, -1.5507e-02,
        -1.1385e-01,  1.1089e-01,  2.2798e-03,  2.9783e-02, -5.7110e-02,
        -6.6174e-02,  2.3319e-02,  5.2285e-02,  3.1721e-02, -6.8157e-02,
         1.3731e-01, -2.0818e-02, -8.6609e-02, -6.6145e-02,  1.3922e-01,
         6.8109e-06, -1.9197e-02, -5.8854e-02, -3.7073e-02, -1.1911e-01,
        -1.1239e-01,  8.2772e-02,  1.2098e-01,  1.3496e-01, -1.0210e-01,
         7.6490e-02, -8.7535e-02,  8.4366e-02,  1.0204e-01,  1.0944e-01,
         1.0183e-01,  8.8469e-02,  2.7526e-03,  6.4981e-02, -5.0596e-02,
         6.1580e-02, -4.5453e-02, -2.3747e-03, -1.2309e-01, -3.6978e-02,
        -7.4370e-02, -4.7704e-02, -9.0310e-02, -1.2720e-01,  9.2089e-03,
         9.1780e-02,  1.2880e-01,  8.2527e-02, -7.3304e-02, -1.3987e-01,
         5.3643e-02,  7.9240e-02, -1.2141e-01,  5.0712e-02,  1.1957e-01,
         8.5668e-03, -8.5201e-02,  1.1595e-01,  6.0389e-02,  9.3649e-02],
       device='cuda:0')
rank: local_param 0 tensor([-0.1264,  0.0707, -0.1273, -0.0172,  0.0084,  0.1005, -0.0512,  0.0407,
         0.0219,  0.0832,  0.0084,  0.0530, -0.0854, -0.0983,  0.1260, -0.1030,
        -0.0241, -0.0171,  0.1383, -0.0306, -0.1077, -0.0359,  0.0729,  0.0560,
         0.1170, -0.0290,  0.0666, -0.1331,  0.0547,  0.0650,  0.0912, -0.0811,
        -0.0378,  0.0342, -0.1005, -0.1125, -0.1361,  0.0079,  0.0878,  0.0363,
         0.0086,  0.0493, -0.0889,  0.0149, -0.0351, -0.0700,  0.1220, -0.1094,
         0.0207, -0.1243, -0.0048, -0.0628,  0.0465, -0.0794,  0.0905, -0.1148,
         0.0849, -0.1062,  0.0757, -0.0595, -0.0003, -0.0258,  0.0918,  0.0463,
        -0.1246,  0.0130, -0.0976,  0.1057,  0.0232, -0.0364, -0.0721,  0.0490,
        -0.0847,  0.0671,  0.0772,  0.0868,  0.0369, -0.1238,  0.1017, -0.0439,
        -0.0418, -0.0152,  0.1034,  0.1087,  0.0218,  0.0675, -0.1318,  0.0003,
        -0.1251,  0.0481, -0.1008, -0.0504,  0.0989,  0.1352, -0.0849, -0.0785,
         0.0175,  0.0556, -0.0230, -0.0442, -0.0929,  0.0604,  0.1386, -0.0685,
         0.0667,  0.0691,  0.1137, -0.0161,  0.0045,  0.1039,  0.0894,  0.1397,
        -0.0405,  0.0560,  0.0988, -0.0960,  0.0281, -0.0316,  0.0909, -0.0635,
         0.0099,  0.0846, -0.1296, -0.1194, -0.0724], device='cuda:0',
       requires_grad=True)
rank: flatten_data 0 tensor([-0.1264,  0.0707, -0.1273, -0.0172,  0.0084,  0.1005, -0.0512,  0.0407,
         0.0219,  0.0832,  0.0084,  0.0530, -0.0854, -0.0983,  0.1260, -0.1030,
        -0.0241, -0.0171,  0.1383, -0.0306, -0.1077, -0.0359,  0.0729,  0.0560,
         0.1170, -0.0290,  0.0666, -0.1331,  0.0547,  0.0650,  0.0912, -0.0811,
        -0.0378,  0.0342, -0.1005, -0.1125, -0.1361,  0.0079,  0.0878,  0.0363,
         0.0086,  0.0493, -0.0889,  0.0149, -0.0351, -0.0700,  0.1220, -0.1094,
         0.0207, -0.1243, -0.0048, -0.0628,  0.0465, -0.0794,  0.0905, -0.1148,
         0.0849, -0.1062,  0.0757, -0.0595, -0.0003, -0.0258,  0.0918,  0.0463,
        -0.1246,  0.0130, -0.0976,  0.1057,  0.0232, -0.0364, -0.0721,  0.0490,
        -0.0847,  0.0671,  0.0772,  0.0868,  0.0369, -0.1238,  0.1017, -0.0439,
        -0.0418, -0.0152,  0.1034,  0.1087,  0.0218,  0.0675, -0.1318,  0.0003,
        -0.1251,  0.0481, -0.1008, -0.0504,  0.0989,  0.1352, -0.0849, -0.0785,
         0.0175,  0.0556, -0.0230, -0.0442, -0.0929,  0.0604,  0.1386, -0.0685,
         0.0667,  0.0691,  0.1137, -0.0161,  0.0045,  0.1039,  0.0894,  0.1397,
        -0.0405,  0.0560,  0.0988, -0.0960,  0.0281, -0.0316,  0.0909, -0.0635,
         0.0099,  0.0846, -0.1296, -0.1194, -0.0724,  0.0907,  0.0948, -0.0966,
         0.0270, -0.0749, -0.0656,  0.1220,  0.0683, -0.0387,  0.0208,  0.0274,
         0.0331, -0.0484, -0.0833,  0.0936,  0.0190,  0.0592, -0.0536,  0.0685,
         0.1029,  0.0860,  0.0385,  0.1391, -0.0003,  0.0301,  0.1344,  0.1374,
        -0.0597,  0.1274,  0.0522, -0.0158,  0.1235, -0.0733,  0.0919,  0.1401,
        -0.0975, -0.0835, -0.1401, -0.0255, -0.1284, -0.0474,  0.0429,  0.1000,
         0.0788,  0.0785,  0.0587, -0.0877, -0.1123,  0.0059,  0.1343,  0.0080,
        -0.0122, -0.0960, -0.0701, -0.1090,  0.1132, -0.0230, -0.1249,  0.0152,
         0.0103, -0.0175,  0.0506,  0.0761, -0.1330, -0.1083, -0.0068, -0.1311,
        -0.1285,  0.1249, -0.0108, -0.0699, -0.0485, -0.1104,  0.1104, -0.0307,
        -0.0795, -0.1073,  0.0827, -0.0195, -0.0149, -0.0369, -0.0683,  0.0252,
         0.1088, -0.0820,  0.0068, -0.1076, -0.0663,  0.1241,  0.0015,  0.1362,
        -0.0248, -0.0771, -0.0845,  0.1253, -0.1088,  0.0742,  0.0352,  0.0417,
         0.0798, -0.0370,  0.0875, -0.1127, -0.0498,  0.1035,  0.0420, -0.0188,
        -0.0330, -0.0864,  0.0860, -0.0045, -0.0048,  0.0334,  0.1044, -0.0722,
        -0.0487,  0.0958,  0.0799, -0.0696, -0.1399,  0.0262,  0.0744,  0.0338,
         0.1003, -0.1122], device='cuda:0')
rank: local_param 0 tensor([ 0.2418,  0.2625, -0.0741,  0.2905, -0.0693,  0.0638, -0.1540,  0.1857,
         0.2788, -0.2320,  0.2749,  0.0592,  0.2336,  0.0428,  0.1525, -0.0446,
         0.2438,  0.0467, -0.1476,  0.0806, -0.1457, -0.0371, -0.1284,  0.2098,
        -0.2496, -0.1458, -0.0893, -0.1901,  0.0298, -0.3123,  0.2856, -0.2686,
         0.2441,  0.0526, -0.1027,  0.1954,  0.0493,  0.2555,  0.0346, -0.0997,
         0.0850, -0.0858,  0.1331,  0.2823,  0.1828, -0.1382,  0.1825,  0.0566,
         0.1606, -0.1927], device='cuda:0', requires_grad=True)
rank: flatten_data 0 tensor([ 0.2418,  0.2625, -0.0741,  0.2905, -0.0693,  0.0638, -0.1540,  0.1857,
         0.2788, -0.2320,  0.2749,  0.0592,  0.2336,  0.0428,  0.1525, -0.0446,
         0.2438,  0.0467, -0.1476,  0.0806, -0.1457, -0.0371, -0.1284,  0.2098,
        -0.2496, -0.1458, -0.0893, -0.1901,  0.0298, -0.3123,  0.2856, -0.2686,
         0.2441,  0.0526, -0.1027,  0.1954,  0.0493,  0.2555,  0.0346, -0.0997,
         0.0850, -0.0858,  0.1331,  0.2823,  0.1828, -0.1382,  0.1825,  0.0566,
         0.1606, -0.1927, -0.3130, -0.1222, -0.2426,  0.2595,  0.0911,  0.1310,
         0.1000, -0.0055,  0.2475, -0.2247,  0.0199, -0.2158,  0.0975, -0.1089,
         0.0969, -0.0659,  0.2623, -0.1874, -0.1886, -0.1886,  0.2844,  0.1054,
         0.3043, -0.2610, -0.3137, -0.2474, -0.2127,  0.1281,  0.1132,  0.2628,
        -0.1633, -0.2156,  0.1678, -0.1278,  0.1919, -0.0750,  0.1809, -0.2457,
        -0.1596,  0.0964,  0.0669, -0.0806,  0.1885,  0.2150, -0.2293, -0.1688,
         0.2896, -0.1067, -0.1121, -0.3060], device='cuda:0')
rank: local_param 0 tensor([-0.1811,  0.0790, -0.0417, -0.2295,  0.0074, -0.2160, -0.2683, -0.1741,
        -0.2768, -0.2014,  0.3161,  0.0597,  0.0974, -0.2949, -0.2077, -0.1053,
         0.0494, -0.2783, -0.1363, -0.1893,  0.0009, -0.1177, -0.0219, -0.2143,
        -0.2171, -0.1845, -0.1082, -0.2496,  0.2651, -0.0628,  0.2721,  0.0985,
        -0.2678,  0.2188, -0.0870, -0.1212, -0.2625, -0.3144,  0.0905, -0.0691,
         0.1231, -0.2595,  0.2348, -0.2321, -0.0546,  0.0661,  0.1633,  0.2553,
         0.2881, -0.2507,  0.0796, -0.1360, -0.0347, -0.2367,  0.2880, -0.2321,
         0.1690,  0.1111,  0.1028, -0.1710,  0.2874,  0.0695,  0.0407, -0.2787,
         0.1327, -0.0474, -0.1449,  0.2716,  0.0705, -0.1750, -0.1601, -0.0151,
         0.1766, -0.0808, -0.1804, -0.1083, -0.2362,  0.1128,  0.2448, -0.2977,
         0.0734,  0.1634,  0.0573, -0.1126,  0.1651,  0.1662,  0.1182, -0.0556,
        -0.0837,  0.0338, -0.0559, -0.0942,  0.2021,  0.2718, -0.0313, -0.0708,
         0.0046, -0.0189,  0.0760,  0.0886, -0.2872, -0.1167,  0.2663,  0.1232,
        -0.0157, -0.1907, -0.1935, -0.2833, -0.1031,  0.1068,  0.2016,  0.1460,
        -0.2795, -0.1902, -0.0499,  0.3059,  0.0457, -0.0819,  0.1308, -0.1204,
        -0.2047,  0.2308, -0.1438, -0.0634, -0.3146,  0.2116,  0.2396,  0.1152,
        -0.2205, -0.3121, -0.2568,  0.2358,  0.1518,  0.2661,  0.1657,  0.0800,
        -0.0031, -0.2405, -0.2709, -0.2958,  0.1295, -0.1553, -0.0636, -0.1820,
        -0.0576, -0.2226, -0.2066,  0.1049, -0.0940,  0.1952, -0.1014, -0.2320,
        -0.0558, -0.1533, -0.0967, -0.3010,  0.1769, -0.2202,  0.1589,  0.1435,
         0.2259, -0.2426,  0.2274, -0.1495,  0.1173,  0.2970, -0.0446, -0.0024,
        -0.0728, -0.2640,  0.1518, -0.3139,  0.1963,  0.2366,  0.2991, -0.0746,
        -0.2598,  0.0711,  0.1747, -0.3147, -0.0718, -0.1896, -0.0277, -0.1557,
        -0.1293, -0.1004, -0.3005,  0.2595,  0.2651, -0.0496, -0.0360, -0.1291,
        -0.2856, -0.3077,  0.1175, -0.1736, -0.2033, -0.0247, -0.1053, -0.1023,
         0.0102, -0.0671, -0.1089, -0.1514, -0.2574,  0.2652, -0.1266,  0.0838,
        -0.1097,  0.0257,  0.2948,  0.1457, -0.2740,  0.1255,  0.3002,  0.0832,
         0.2120,  0.3118, -0.0485,  0.0656, -0.2198, -0.0652,  0.2342,  0.1621,
        -0.2001, -0.2536, -0.2161, -0.3121, -0.2440, -0.0782,  0.2134,  0.0529,
        -0.2405, -0.2537,  0.1573, -0.2352, -0.0389,  0.1517, -0.1464, -0.0345,
        -0.0275, -0.0748, -0.1603, -0.2819, -0.2556, -0.1693,  0.3054, -0.1527,
        -0.2124,  0.0767], device='cuda:0', requires_grad=True)
rank: flatten_data 0 tensor([-0.1811,  0.0790, -0.0417, -0.2295,  0.0074, -0.2160, -0.2683, -0.1741,
        -0.2768, -0.2014,  0.3161,  0.0597,  0.0974, -0.2949, -0.2077, -0.1053,
         0.0494, -0.2783, -0.1363, -0.1893,  0.0009, -0.1177, -0.0219, -0.2143,
        -0.2171, -0.1845, -0.1082, -0.2496,  0.2651, -0.0628,  0.2721,  0.0985,
        -0.2678,  0.2188, -0.0870, -0.1212, -0.2625, -0.3144,  0.0905, -0.0691,
         0.1231, -0.2595,  0.2348, -0.2321, -0.0546,  0.0661,  0.1633,  0.2553,
         0.2881, -0.2507,  0.0796, -0.1360, -0.0347, -0.2367,  0.2880, -0.2321,
         0.1690,  0.1111,  0.1028, -0.1710,  0.2874,  0.0695,  0.0407, -0.2787,
         0.1327, -0.0474, -0.1449,  0.2716,  0.0705, -0.1750, -0.1601, -0.0151,
         0.1766, -0.0808, -0.1804, -0.1083, -0.2362,  0.1128,  0.2448, -0.2977,
         0.0734,  0.1634,  0.0573, -0.1126,  0.1651,  0.1662,  0.1182, -0.0556,
        -0.0837,  0.0338, -0.0559, -0.0942,  0.2021,  0.2718, -0.0313, -0.0708,
         0.0046, -0.0189,  0.0760,  0.0886, -0.2872, -0.1167,  0.2663,  0.1232,
        -0.0157, -0.1907, -0.1935, -0.2833, -0.1031,  0.1068,  0.2016,  0.1460,
        -0.2795, -0.1902, -0.0499,  0.3059,  0.0457, -0.0819,  0.1308, -0.1204,
        -0.2047,  0.2308, -0.1438, -0.0634, -0.3146,  0.2116,  0.2396,  0.1152,
        -0.2205, -0.3121, -0.2568,  0.2358,  0.1518,  0.2661,  0.1657,  0.0800,
        -0.0031, -0.2405, -0.2709, -0.2958,  0.1295, -0.1553, -0.0636, -0.1820,
        -0.0576, -0.2226, -0.2066,  0.1049, -0.0940,  0.1952, -0.1014, -0.2320,
        -0.0558, -0.1533, -0.0967, -0.3010,  0.1769, -0.2202,  0.1589,  0.1435,
         0.2259, -0.2426,  0.2274, -0.1495,  0.1173,  0.2970, -0.0446, -0.0024,
        -0.0728, -0.2640,  0.1518, -0.3139,  0.1963,  0.2366,  0.2991, -0.0746,
        -0.2598,  0.0711,  0.1747, -0.3147, -0.0718, -0.1896, -0.0277, -0.1557,
        -0.1293, -0.1004, -0.3005,  0.2595,  0.2651, -0.0496, -0.0360, -0.1291,
        -0.2856, -0.3077,  0.1175, -0.1736, -0.2033, -0.0247, -0.1053, -0.1023,
         0.0102, -0.0671, -0.1089, -0.1514, -0.2574,  0.2652, -0.1266,  0.0838,
        -0.1097,  0.0257,  0.2948,  0.1457, -0.2740,  0.1255,  0.3002,  0.0832,
         0.2120,  0.3118, -0.0485,  0.0656, -0.2198, -0.0652,  0.2342,  0.1621,
        -0.2001, -0.2536, -0.2161, -0.3121, -0.2440, -0.0782,  0.2134,  0.0529,
        -0.2405, -0.2537,  0.1573, -0.2352, -0.0389,  0.1517, -0.1464, -0.0345,
        -0.0275, -0.0748, -0.1603, -0.2819, -0.2556, -0.1693,  0.3054, -0.1527,
        -0.2124,  0.0767,  0.0872,  0.1733,  0.2404,  0.1761, -0.3135,  0.0280,
         0.1916, -0.0292, -0.1863,  0.3015, -0.1183, -0.1800, -0.2851,  0.0141,
         0.1401,  0.0700,  0.0625, -0.2398, -0.2953,  0.0056,  0.2883,  0.1824,
        -0.1841, -0.0410, -0.2331, -0.1526,  0.0573,  0.1722,  0.2620, -0.2903,
         0.2114, -0.2230,  0.1184,  0.2676,  0.0044,  0.2877, -0.2694, -0.1208,
         0.1844, -0.0689, -0.0647, -0.1318,  0.2180,  0.1551,  0.1013, -0.1777,
        -0.2567,  0.0342,  0.0937, -0.1460, -0.0885,  0.2136,  0.0252,  0.0143,
        -0.0778, -0.2864, -0.2973, -0.1512, -0.1607,  0.0985, -0.0921, -0.1237,
         0.3015,  0.1101,  0.2254, -0.1531, -0.1292,  0.1162, -0.2107, -0.2067,
        -0.0153, -0.1157, -0.2371,  0.1876,  0.2543,  0.0513, -0.0551, -0.2929,
        -0.1152,  0.0805,  0.1491, -0.0400, -0.1250,  0.1762, -0.2518,  0.1999,
        -0.1227,  0.0048, -0.0625,  0.0383, -0.0956,  0.2299, -0.0082,  0.2468,
         0.3040, -0.1541, -0.2307,  0.2537,  0.2478, -0.2415, -0.0244, -0.3118,
        -0.2589,  0.0611,  0.0841,  0.0670, -0.0861,  0.2917,  0.0452, -0.1866,
        -0.0179,  0.0759,  0.1107, -0.2236,  0.1185, -0.1616, -0.2628, -0.1727,
         0.3050,  0.2703,  0.2832,  0.1856,  0.2389, -0.0423, -0.1740,  0.1580,
        -0.1639, -0.2134, -0.1010,  0.0664,  0.1628, -0.1228, -0.1861,  0.0427,
        -0.1864, -0.2059,  0.1648, -0.0531,  0.2890,  0.3076,  0.0946,  0.1088,
         0.0728,  0.0050, -0.0230,  0.0043,  0.1181,  0.2940, -0.0820, -0.1337,
        -0.0766, -0.1528,  0.0538,  0.2360,  0.2473,  0.1452, -0.2327, -0.1697,
        -0.0695, -0.0583,  0.0260, -0.2903,  0.0984, -0.2412, -0.2001, -0.2629,
         0.2755, -0.2994,  0.2386, -0.0106, -0.0368,  0.1978, -0.0292,  0.1983,
         0.2286, -0.2746,  0.1217,  0.0597,  0.0680,  0.0462,  0.0865, -0.1521,
        -0.0405,  0.3005,  0.2125, -0.0119, -0.2974,  0.0139, -0.2153,  0.2572,
        -0.1920, -0.0228, -0.0702,  0.0563,  0.2976,  0.0300,  0.1831,  0.2455,
         0.2553, -0.1092, -0.0707,  0.1524, -0.0863,  0.1481, -0.0691, -0.2145,
         0.1287,  0.0485,  0.1410,  0.3142,  0.2159,  0.2998,  0.0169, -0.2720,
        -0.2218, -0.1964, -0.2787, -0.1585, -0.2911, -0.2918, -0.1890, -0.3117,
        -0.1941,  0.1206,  0.2638, -0.0941, -0.0920,  0.1689, -0.1560, -0.1495,
         0.1948, -0.2755,  0.0387,  0.2793,  0.0542,  0.0860, -0.1842, -0.0044,
         0.0174,  0.0776,  0.1229,  0.2748, -0.2414,  0.0095, -0.1580, -0.2502,
        -0.0253, -0.2784,  0.2207,  0.0366], device='cuda:0')
rank: local_param 1 tensor([ 0.0907,  0.0948, -0.0966,  0.0270, -0.0749, -0.0656,  0.1220,  0.0683,
        -0.0387,  0.0208,  0.0274,  0.0331, -0.0484, -0.0833,  0.0936,  0.0190,
         0.0592, -0.0536,  0.0685,  0.1029,  0.0860,  0.0385,  0.1391, -0.0003,
         0.0301,  0.1344,  0.1374, -0.0597,  0.1274,  0.0522, -0.0158,  0.1235,
        -0.0733,  0.0919,  0.1401, -0.0975, -0.0835, -0.1401, -0.0255, -0.1284,
        -0.0474,  0.0429,  0.1000,  0.0788,  0.0785,  0.0587, -0.0877, -0.1123,
         0.0059,  0.1343,  0.0080, -0.0122, -0.0960, -0.0701, -0.1090,  0.1132,
        -0.0230, -0.1249,  0.0152,  0.0103, -0.0175,  0.0506,  0.0761, -0.1330,
        -0.1083, -0.0068, -0.1311, -0.1285,  0.1249, -0.0108, -0.0699, -0.0485,
        -0.1104,  0.1104, -0.0307, -0.0795, -0.1073,  0.0827, -0.0195, -0.0149,
        -0.0369, -0.0683,  0.0252,  0.1088, -0.0820,  0.0068, -0.1076, -0.0663,
         0.1241,  0.0015,  0.1362, -0.0248, -0.0771, -0.0845,  0.1253, -0.1088,
         0.0742,  0.0352,  0.0417,  0.0798, -0.0370,  0.0875, -0.1127, -0.0498,
         0.1035,  0.0420, -0.0188, -0.0330, -0.0864,  0.0860, -0.0045, -0.0048,
         0.0334,  0.1044, -0.0722, -0.0487,  0.0958,  0.0799, -0.0696, -0.1399,
         0.0262,  0.0744,  0.0338,  0.1003, -0.1122], device='cuda:1',
       requires_grad=True)
rank: flatten_data 1 tensor([-0.1264,  0.0707, -0.1273, -0.0172,  0.0084,  0.1005, -0.0512,  0.0407,
         0.0219,  0.0832,  0.0084,  0.0530, -0.0854, -0.0983,  0.1260, -0.1030,
        -0.0241, -0.0171,  0.1383, -0.0306, -0.1077, -0.0359,  0.0729,  0.0560,
         0.1170, -0.0290,  0.0666, -0.1331,  0.0547,  0.0650,  0.0912, -0.0811,
        -0.0378,  0.0342, -0.1005, -0.1125, -0.1361,  0.0079,  0.0878,  0.0363,
         0.0086,  0.0493, -0.0889,  0.0149, -0.0351, -0.0700,  0.1220, -0.1094,
         0.0207, -0.1243, -0.0048, -0.0628,  0.0465, -0.0794,  0.0905, -0.1148,
         0.0849, -0.1062,  0.0757, -0.0595, -0.0003, -0.0258,  0.0918,  0.0463,
        -0.1246,  0.0130, -0.0976,  0.1057,  0.0232, -0.0364, -0.0721,  0.0490,
        -0.0847,  0.0671,  0.0772,  0.0868,  0.0369, -0.1238,  0.1017, -0.0439,
        -0.0418, -0.0152,  0.1034,  0.1087,  0.0218,  0.0675, -0.1318,  0.0003,
        -0.1251,  0.0481, -0.1008, -0.0504,  0.0989,  0.1352, -0.0849, -0.0785,
         0.0175,  0.0556, -0.0230, -0.0442, -0.0929,  0.0604,  0.1386, -0.0685,
         0.0667,  0.0691,  0.1137, -0.0161,  0.0045,  0.1039,  0.0894,  0.1397,
        -0.0405,  0.0560,  0.0988, -0.0960,  0.0281, -0.0316,  0.0909, -0.0635,
         0.0099,  0.0846, -0.1296, -0.1194, -0.0724,  0.0907,  0.0948, -0.0966,
         0.0270, -0.0749, -0.0656,  0.1220,  0.0683, -0.0387,  0.0208,  0.0274,
         0.0331, -0.0484, -0.0833,  0.0936,  0.0190,  0.0592, -0.0536,  0.0685,
         0.1029,  0.0860,  0.0385,  0.1391, -0.0003,  0.0301,  0.1344,  0.1374,
        -0.0597,  0.1274,  0.0522, -0.0158,  0.1235, -0.0733,  0.0919,  0.1401,
        -0.0975, -0.0835, -0.1401, -0.0255, -0.1284, -0.0474,  0.0429,  0.1000,
         0.0788,  0.0785,  0.0587, -0.0877, -0.1123,  0.0059,  0.1343,  0.0080,
        -0.0122, -0.0960, -0.0701, -0.1090,  0.1132, -0.0230, -0.1249,  0.0152,
         0.0103, -0.0175,  0.0506,  0.0761, -0.1330, -0.1083, -0.0068, -0.1311,
        -0.1285,  0.1249, -0.0108, -0.0699, -0.0485, -0.1104,  0.1104, -0.0307,
        -0.0795, -0.1073,  0.0827, -0.0195, -0.0149, -0.0369, -0.0683,  0.0252,
         0.1088, -0.0820,  0.0068, -0.1076, -0.0663,  0.1241,  0.0015,  0.1362,
        -0.0248, -0.0771, -0.0845,  0.1253, -0.1088,  0.0742,  0.0352,  0.0417,
         0.0798, -0.0370,  0.0875, -0.1127, -0.0498,  0.1035,  0.0420, -0.0188,
        -0.0330, -0.0864,  0.0860, -0.0045, -0.0048,  0.0334,  0.1044, -0.0722,
        -0.0487,  0.0958,  0.0799, -0.0696, -0.1399,  0.0262,  0.0744,  0.0338,
         0.1003, -0.1122], device='cuda:1')
rank: local_param 1 tensor([-0.3130, -0.1222, -0.2426,  0.2595,  0.0911,  0.1310,  0.1000, -0.0055,
         0.2475, -0.2247,  0.0199, -0.2158,  0.0975, -0.1089,  0.0969, -0.0659,
         0.2623, -0.1874, -0.1886, -0.1886,  0.2844,  0.1054,  0.3043, -0.2610,
        -0.3137, -0.2474, -0.2127,  0.1281,  0.1132,  0.2628, -0.1633, -0.2156,
         0.1678, -0.1278,  0.1919, -0.0750,  0.1809, -0.2457, -0.1596,  0.0964,
         0.0669, -0.0806,  0.1885,  0.2150, -0.2293, -0.1688,  0.2896, -0.1067,
        -0.1121, -0.3060], device='cuda:1', requires_grad=True)
rank: flatten_data 1 tensor([ 0.2418,  0.2625, -0.0741,  0.2905, -0.0693,  0.0638, -0.1540,  0.1857,
         0.2788, -0.2320,  0.2749,  0.0592,  0.2336,  0.0428,  0.1525, -0.0446,
         0.2438,  0.0467, -0.1476,  0.0806, -0.1457, -0.0371, -0.1284,  0.2098,
        -0.2496, -0.1458, -0.0893, -0.1901,  0.0298, -0.3123,  0.2856, -0.2686,
         0.2441,  0.0526, -0.1027,  0.1954,  0.0493,  0.2555,  0.0346, -0.0997,
         0.0850, -0.0858,  0.1331,  0.2823,  0.1828, -0.1382,  0.1825,  0.0566,
         0.1606, -0.1927, -0.3130, -0.1222, -0.2426,  0.2595,  0.0911,  0.1310,
         0.1000, -0.0055,  0.2475, -0.2247,  0.0199, -0.2158,  0.0975, -0.1089,
         0.0969, -0.0659,  0.2623, -0.1874, -0.1886, -0.1886,  0.2844,  0.1054,
         0.3043, -0.2610, -0.3137, -0.2474, -0.2127,  0.1281,  0.1132,  0.2628,
        -0.1633, -0.2156,  0.1678, -0.1278,  0.1919, -0.0750,  0.1809, -0.2457,
        -0.1596,  0.0964,  0.0669, -0.0806,  0.1885,  0.2150, -0.2293, -0.1688,
         0.2896, -0.1067, -0.1121, -0.3060], device='cuda:1')
rank: local_param 1 tensor([ 0.0872,  0.1733,  0.2404,  0.1761, -0.3135,  0.0280,  0.1916, -0.0292,
        -0.1863,  0.3015, -0.1183, -0.1800, -0.2851,  0.0141,  0.1401,  0.0700,
         0.0625, -0.2398, -0.2953,  0.0056,  0.2883,  0.1824, -0.1841, -0.0410,
        -0.2331, -0.1526,  0.0573,  0.1722,  0.2620, -0.2903,  0.2114, -0.2230,
         0.1184,  0.2676,  0.0044,  0.2877, -0.2694, -0.1208,  0.1844, -0.0689,
        -0.0647, -0.1318,  0.2180,  0.1551,  0.1013, -0.1777, -0.2567,  0.0342,
         0.0937, -0.1460, -0.0885,  0.2136,  0.0252,  0.0143, -0.0778, -0.2864,
        -0.2973, -0.1512, -0.1607,  0.0985, -0.0921, -0.1237,  0.3015,  0.1101,
         0.2254, -0.1531, -0.1292,  0.1162, -0.2107, -0.2067, -0.0153, -0.1157,
        -0.2371,  0.1876,  0.2543,  0.0513, -0.0551, -0.2929, -0.1152,  0.0805,
         0.1491, -0.0400, -0.1250,  0.1762, -0.2518,  0.1999, -0.1227,  0.0048,
        -0.0625,  0.0383, -0.0956,  0.2299, -0.0082,  0.2468,  0.3040, -0.1541,
        -0.2307,  0.2537,  0.2478, -0.2415, -0.0244, -0.3118, -0.2589,  0.0611,
         0.0841,  0.0670, -0.0861,  0.2917,  0.0452, -0.1866, -0.0179,  0.0759,
         0.1107, -0.2236,  0.1185, -0.1616, -0.2628, -0.1727,  0.3050,  0.2703,
         0.2832,  0.1856,  0.2389, -0.0423, -0.1740,  0.1580, -0.1639, -0.2134,
        -0.1010,  0.0664,  0.1628, -0.1228, -0.1861,  0.0427, -0.1864, -0.2059,
         0.1648, -0.0531,  0.2890,  0.3076,  0.0946,  0.1088,  0.0728,  0.0050,
        -0.0230,  0.0043,  0.1181,  0.2940, -0.0820, -0.1337, -0.0766, -0.1528,
         0.0538,  0.2360,  0.2473,  0.1452, -0.2327, -0.1697, -0.0695, -0.0583,
         0.0260, -0.2903,  0.0984, -0.2412, -0.2001, -0.2629,  0.2755, -0.2994,
         0.2386, -0.0106, -0.0368,  0.1978, -0.0292,  0.1983,  0.2286, -0.2746,
         0.1217,  0.0597,  0.0680,  0.0462,  0.0865, -0.1521, -0.0405,  0.3005,
         0.2125, -0.0119, -0.2974,  0.0139, -0.2153,  0.2572, -0.1920, -0.0228,
        -0.0702,  0.0563,  0.2976,  0.0300,  0.1831,  0.2455,  0.2553, -0.1092,
        -0.0707,  0.1524, -0.0863,  0.1481, -0.0691, -0.2145,  0.1287,  0.0485,
         0.1410,  0.3142,  0.2159,  0.2998,  0.0169, -0.2720, -0.2218, -0.1964,
        -0.2787, -0.1585, -0.2911, -0.2918, -0.1890, -0.3117, -0.1941,  0.1206,
         0.2638, -0.0941, -0.0920,  0.1689, -0.1560, -0.1495,  0.1948, -0.2755,
         0.0387,  0.2793,  0.0542,  0.0860, -0.1842, -0.0044,  0.0174,  0.0776,
         0.1229,  0.2748, -0.2414,  0.0095, -0.1580, -0.2502, -0.0253, -0.2784,
         0.2207,  0.0366], device='cuda:1', requires_grad=True)
rank: flatten_data 1 tensor([-0.1811,  0.0790, -0.0417, -0.2295,  0.0074, -0.2160, -0.2683, -0.1741,
        -0.2768, -0.2014,  0.3161,  0.0597,  0.0974, -0.2949, -0.2077, -0.1053,
         0.0494, -0.2783, -0.1363, -0.1893,  0.0009, -0.1177, -0.0219, -0.2143,
        -0.2171, -0.1845, -0.1082, -0.2496,  0.2651, -0.0628,  0.2721,  0.0985,
        -0.2678,  0.2188, -0.0870, -0.1212, -0.2625, -0.3144,  0.0905, -0.0691,
         0.1231, -0.2595,  0.2348, -0.2321, -0.0546,  0.0661,  0.1633,  0.2553,
         0.2881, -0.2507,  0.0796, -0.1360, -0.0347, -0.2367,  0.2880, -0.2321,
         0.1690,  0.1111,  0.1028, -0.1710,  0.2874,  0.0695,  0.0407, -0.2787,
         0.1327, -0.0474, -0.1449,  0.2716,  0.0705, -0.1750, -0.1601, -0.0151,
         0.1766, -0.0808, -0.1804, -0.1083, -0.2362,  0.1128,  0.2448, -0.2977,
         0.0734,  0.1634,  0.0573, -0.1126,  0.1651,  0.1662,  0.1182, -0.0556,
        -0.0837,  0.0338, -0.0559, -0.0942,  0.2021,  0.2718, -0.0313, -0.0708,
         0.0046, -0.0189,  0.0760,  0.0886, -0.2872, -0.1167,  0.2663,  0.1232,
        -0.0157, -0.1907, -0.1935, -0.2833, -0.1031,  0.1068,  0.2016,  0.1460,
        -0.2795, -0.1902, -0.0499,  0.3059,  0.0457, -0.0819,  0.1308, -0.1204,
        -0.2047,  0.2308, -0.1438, -0.0634, -0.3146,  0.2116,  0.2396,  0.1152,
        -0.2205, -0.3121, -0.2568,  0.2358,  0.1518,  0.2661,  0.1657,  0.0800,
        -0.0031, -0.2405, -0.2709, -0.2958,  0.1295, -0.1553, -0.0636, -0.1820,
        -0.0576, -0.2226, -0.2066,  0.1049, -0.0940,  0.1952, -0.1014, -0.2320,
        -0.0558, -0.1533, -0.0967, -0.3010,  0.1769, -0.2202,  0.1589,  0.1435,
         0.2259, -0.2426,  0.2274, -0.1495,  0.1173,  0.2970, -0.0446, -0.0024,
        -0.0728, -0.2640,  0.1518, -0.3139,  0.1963,  0.2366,  0.2991, -0.0746,
        -0.2598,  0.0711,  0.1747, -0.3147, -0.0718, -0.1896, -0.0277, -0.1557,
        -0.1293, -0.1004, -0.3005,  0.2595,  0.2651, -0.0496, -0.0360, -0.1291,
        -0.2856, -0.3077,  0.1175, -0.1736, -0.2033, -0.0247, -0.1053, -0.1023,
         0.0102, -0.0671, -0.1089, -0.1514, -0.2574,  0.2652, -0.1266,  0.0838,
        -0.1097,  0.0257,  0.2948,  0.1457, -0.2740,  0.1255,  0.3002,  0.0832,
         0.2120,  0.3118, -0.0485,  0.0656, -0.2198, -0.0652,  0.2342,  0.1621,
        -0.2001, -0.2536, -0.2161, -0.3121, -0.2440, -0.0782,  0.2134,  0.0529,
        -0.2405, -0.2537,  0.1573, -0.2352, -0.0389,  0.1517, -0.1464, -0.0345,
        -0.0275, -0.0748, -0.1603, -0.2819, -0.2556, -0.1693,  0.3054, -0.1527,
        -0.2124,  0.0767,  0.0872,  0.1733,  0.2404,  0.1761, -0.3135,  0.0280,
         0.1916, -0.0292, -0.1863,  0.3015, -0.1183, -0.1800, -0.2851,  0.0141,
         0.1401,  0.0700,  0.0625, -0.2398, -0.2953,  0.0056,  0.2883,  0.1824,
        -0.1841, -0.0410, -0.2331, -0.1526,  0.0573,  0.1722,  0.2620, -0.2903,
         0.2114, -0.2230,  0.1184,  0.2676,  0.0044,  0.2877, -0.2694, -0.1208,
         0.1844, -0.0689, -0.0647, -0.1318,  0.2180,  0.1551,  0.1013, -0.1777,
        -0.2567,  0.0342,  0.0937, -0.1460, -0.0885,  0.2136,  0.0252,  0.0143,
        -0.0778, -0.2864, -0.2973, -0.1512, -0.1607,  0.0985, -0.0921, -0.1237,
         0.3015,  0.1101,  0.2254, -0.1531, -0.1292,  0.1162, -0.2107, -0.2067,
        -0.0153, -0.1157, -0.2371,  0.1876,  0.2543,  0.0513, -0.0551, -0.2929,
        -0.1152,  0.0805,  0.1491, -0.0400, -0.1250,  0.1762, -0.2518,  0.1999,
        -0.1227,  0.0048, -0.0625,  0.0383, -0.0956,  0.2299, -0.0082,  0.2468,
         0.3040, -0.1541, -0.2307,  0.2537,  0.2478, -0.2415, -0.0244, -0.3118,
        -0.2589,  0.0611,  0.0841,  0.0670, -0.0861,  0.2917,  0.0452, -0.1866,
        -0.0179,  0.0759,  0.1107, -0.2236,  0.1185, -0.1616, -0.2628, -0.1727,
         0.3050,  0.2703,  0.2832,  0.1856,  0.2389, -0.0423, -0.1740,  0.1580,
        -0.1639, -0.2134, -0.1010,  0.0664,  0.1628, -0.1228, -0.1861,  0.0427,
        -0.1864, -0.2059,  0.1648, -0.0531,  0.2890,  0.3076,  0.0946,  0.1088,
         0.0728,  0.0050, -0.0230,  0.0043,  0.1181,  0.2940, -0.0820, -0.1337,
        -0.0766, -0.1528,  0.0538,  0.2360,  0.2473,  0.1452, -0.2327, -0.1697,
        -0.0695, -0.0583,  0.0260, -0.2903,  0.0984, -0.2412, -0.2001, -0.2629,
         0.2755, -0.2994,  0.2386, -0.0106, -0.0368,  0.1978, -0.0292,  0.1983,
         0.2286, -0.2746,  0.1217,  0.0597,  0.0680,  0.0462,  0.0865, -0.1521,
        -0.0405,  0.3005,  0.2125, -0.0119, -0.2974,  0.0139, -0.2153,  0.2572,
        -0.1920, -0.0228, -0.0702,  0.0563,  0.2976,  0.0300,  0.1831,  0.2455,
         0.2553, -0.1092, -0.0707,  0.1524, -0.0863,  0.1481, -0.0691, -0.2145,
         0.1287,  0.0485,  0.1410,  0.3142,  0.2159,  0.2998,  0.0169, -0.2720,
        -0.2218, -0.1964, -0.2787, -0.1585, -0.2911, -0.2918, -0.1890, -0.3117,
        -0.1941,  0.1206,  0.2638, -0.0941, -0.0920,  0.1689, -0.1560, -0.1495,
         0.1948, -0.2755,  0.0387,  0.2793,  0.0542,  0.0860, -0.1842, -0.0044,
         0.0174,  0.0776,  0.1229,  0.2748, -0.2414,  0.0095, -0.1580, -0.2502,
        -0.0253, -0.2784,  0.2207,  0.0366], device='cuda:1')
rank: local_param 0 tensor([-0.0762,  0.0739, -0.1338, -0.0547, -0.0276, -0.1202, -0.0899, -0.0231,
         0.1073,  0.1366,  0.0900, -0.0844, -0.0925,  0.1234,  0.0500,  0.0038,
         0.0191, -0.1137, -0.0472,  0.1361, -0.0349, -0.0071, -0.1174, -0.0791,
        -0.0029, -0.0878, -0.0175,  0.0576, -0.1383,  0.0420, -0.0935, -0.0690,
         0.0543,  0.1124, -0.0387, -0.0581, -0.1279, -0.0729, -0.1238, -0.0324,
         0.0289, -0.1325,  0.1235,  0.0887, -0.1384, -0.0675,  0.0461, -0.0291,
        -0.0154, -0.0639,  0.1136, -0.0791,  0.1173,  0.0091,  0.0284,  0.1103,
        -0.0233, -0.0805, -0.0229,  0.1147, -0.1049,  0.0321, -0.1390,  0.0741,
         0.0523,  0.0060,  0.0607,  0.0002,  0.0783, -0.1120, -0.0208,  0.0627,
         0.1408,  0.0720, -0.1028,  0.1088, -0.0315, -0.0302, -0.1285, -0.0223,
         0.1000,  0.0197, -0.0824,  0.0435, -0.0453,  0.1291, -0.1227, -0.0447,
        -0.1366, -0.0557,  0.0446,  0.1361,  0.0238,  0.1386,  0.0277,  0.0817,
         0.1134,  0.1182, -0.0792,  0.1300,  0.0857, -0.0661, -0.0675, -0.1186,
         0.0355, -0.1146,  0.0597,  0.0447, -0.1229,  0.0385, -0.0115,  0.0646,
         0.0811, -0.1406,  0.1297,  0.1186,  0.0563, -0.1293, -0.0505, -0.0410,
        -0.0363,  0.0798,  0.0514,  0.1120, -0.0530,  0.0476,  0.0503, -0.1177,
        -0.1372, -0.0734,  0.0968, -0.1331, -0.1231,  0.0792,  0.0763,  0.1163,
        -0.1068, -0.1035,  0.0725,  0.1230,  0.0846,  0.0222,  0.0466,  0.1342,
        -0.0912, -0.0642,  0.0989, -0.0968, -0.0780,  0.1032,  0.0446,  0.0457,
        -0.0599, -0.0020,  0.1294, -0.0849,  0.0011,  0.0673, -0.0976,  0.1373,
        -0.0707, -0.0340, -0.0383, -0.0922, -0.1388,  0.0797,  0.0376, -0.1325,
        -0.0910,  0.1398,  0.0541,  0.0567, -0.0846, -0.0620, -0.0213, -0.0259,
        -0.0969,  0.0117,  0.0141, -0.0179,  0.0196, -0.0561,  0.0368,  0.0533,
        -0.0745, -0.1402,  0.0740,  0.0337, -0.0719,  0.1363, -0.0640,  0.0956,
         0.0717, -0.1186,  0.0912, -0.1300, -0.0783, -0.0236, -0.0953,  0.1382,
        -0.0284,  0.0562, -0.1263,  0.0814, -0.0440, -0.1076,  0.0207,  0.0685,
         0.1224, -0.0864, -0.0696,  0.0272,  0.0384,  0.0544,  0.0776, -0.0321,
         0.0786,  0.1043, -0.0369,  0.1006,  0.0691,  0.1247, -0.0804, -0.0698,
        -0.0409,  0.0072,  0.0849, -0.0807,  0.0708, -0.0507,  0.0854, -0.0067,
        -0.1239, -0.0778, -0.1024,  0.0701, -0.0948, -0.0118,  0.0305, -0.0776,
         0.0408, -0.1381, -0.1012, -0.1281, -0.0428, -0.0515,  0.0203, -0.0262,
         0.0665,  0.1297], device='cuda:0', requires_grad=True)
rank: flatten_data 0 tensor([-7.6220e-02,  7.3904e-02, -1.3385e-01, -5.4702e-02, -2.7552e-02,
        -1.2017e-01, -8.9928e-02, -2.3083e-02,  1.0731e-01,  1.3656e-01,
         8.9981e-02, -8.4446e-02, -9.2521e-02,  1.2342e-01,  5.0023e-02,
         3.7572e-03,  1.9139e-02, -1.1366e-01, -4.7219e-02,  1.3613e-01,
        -3.4879e-02, -7.0943e-03, -1.1743e-01, -7.9112e-02, -2.8878e-03,
        -8.7845e-02, -1.7538e-02,  5.7553e-02, -1.3834e-01,  4.2004e-02,
        -9.3509e-02, -6.9021e-02,  5.4293e-02,  1.1245e-01, -3.8652e-02,
        -5.8063e-02, -1.2788e-01, -7.2925e-02, -1.2383e-01, -3.2367e-02,
         2.8858e-02, -1.3249e-01,  1.2348e-01,  8.8726e-02, -1.3844e-01,
        -6.7548e-02,  4.6125e-02, -2.9056e-02, -1.5412e-02, -6.3854e-02,
         1.1359e-01, -7.9054e-02,  1.1728e-01,  9.1248e-03,  2.8429e-02,
         1.1033e-01, -2.3301e-02, -8.0517e-02, -2.2873e-02,  1.1470e-01,
        -1.0493e-01,  3.2100e-02, -1.3899e-01,  7.4148e-02,  5.2251e-02,
         5.9952e-03,  6.0697e-02,  1.5906e-04,  7.8256e-02, -1.1195e-01,
        -2.0768e-02,  6.2737e-02,  1.4083e-01,  7.2039e-02, -1.0284e-01,
         1.0877e-01, -3.1537e-02, -3.0196e-02, -1.2854e-01, -2.2262e-02,
         1.0003e-01,  1.9720e-02, -8.2371e-02,  4.3531e-02, -4.5346e-02,
         1.2912e-01, -1.2275e-01, -4.4672e-02, -1.3655e-01, -5.5696e-02,
         4.4583e-02,  1.3613e-01,  2.3751e-02,  1.3864e-01,  2.7669e-02,
         8.1676e-02,  1.1337e-01,  1.1822e-01, -7.9157e-02,  1.3002e-01,
         8.5668e-02, -6.6126e-02, -6.7487e-02, -1.1862e-01,  3.5516e-02,
        -1.1463e-01,  5.9740e-02,  4.4661e-02, -1.2287e-01,  3.8537e-02,
        -1.1502e-02,  6.4604e-02,  8.1146e-02, -1.4059e-01,  1.2970e-01,
         1.1860e-01,  5.6269e-02, -1.2925e-01, -5.0519e-02, -4.0985e-02,
        -3.6345e-02,  7.9751e-02,  5.1417e-02,  1.1203e-01, -5.2966e-02,
         4.7594e-02,  5.0317e-02, -1.1775e-01, -1.3718e-01, -7.3382e-02,
         9.6810e-02, -1.3314e-01, -1.2310e-01,  7.9224e-02,  7.6301e-02,
         1.1630e-01, -1.0676e-01, -1.0351e-01,  7.2547e-02,  1.2298e-01,
         8.4618e-02,  2.2154e-02,  4.6609e-02,  1.3423e-01, -9.1246e-02,
        -6.4207e-02,  9.8920e-02, -9.6766e-02, -7.7982e-02,  1.0324e-01,
         4.4622e-02,  4.5689e-02, -5.9940e-02, -1.9517e-03,  1.2943e-01,
        -8.4884e-02,  1.1119e-03,  6.7260e-02, -9.7631e-02,  1.3735e-01,
        -7.0656e-02, -3.3960e-02, -3.8264e-02, -9.2158e-02, -1.3877e-01,
         7.9741e-02,  3.7572e-02, -1.3246e-01, -9.1023e-02,  1.3978e-01,
         5.4056e-02,  5.6745e-02, -8.4612e-02, -6.1999e-02, -2.1348e-02,
        -2.5863e-02, -9.6909e-02,  1.1651e-02,  1.4056e-02, -1.7907e-02,
         1.9606e-02, -5.6052e-02,  3.6805e-02,  5.3336e-02, -7.4492e-02,
        -1.4023e-01,  7.4025e-02,  3.3734e-02, -7.1925e-02,  1.3629e-01,
        -6.3958e-02,  9.5565e-02,  7.1747e-02, -1.1857e-01,  9.1208e-02,
        -1.3003e-01, -7.8350e-02, -2.3577e-02, -9.5325e-02,  1.3816e-01,
        -2.8366e-02,  5.6171e-02, -1.2628e-01,  8.1412e-02, -4.3951e-02,
        -1.0758e-01,  2.0679e-02,  6.8513e-02,  1.2239e-01, -8.6379e-02,
        -6.9594e-02,  2.7190e-02,  3.8362e-02,  5.4373e-02,  7.7623e-02,
        -3.2068e-02,  7.8569e-02,  1.0427e-01, -3.6942e-02,  1.0062e-01,
         6.9096e-02,  1.2474e-01, -8.0366e-02, -6.9835e-02, -4.0890e-02,
         7.1738e-03,  8.4881e-02, -8.0732e-02,  7.0803e-02, -5.0683e-02,
         8.5434e-02, -6.7143e-03, -1.2390e-01, -7.7817e-02, -1.0235e-01,
         7.0140e-02, -9.4830e-02, -1.1783e-02,  3.0512e-02, -7.7555e-02,
         4.0796e-02, -1.3809e-01, -1.0119e-01, -1.2815e-01, -4.2777e-02,
        -5.1519e-02,  2.0251e-02, -2.6151e-02,  6.6480e-02,  1.2965e-01,
         5.0741e-02, -5.5715e-02, -1.3242e-01,  5.1223e-02, -7.0068e-02,
         7.1966e-02,  9.4538e-02,  5.4549e-02,  1.3270e-01,  1.3432e-01,
         2.9945e-02, -1.0304e-01,  1.2635e-01, -6.7104e-02, -6.6801e-02,
         1.1834e-01,  1.0957e-01,  4.2731e-02,  8.8648e-03, -1.1896e-01,
        -1.4680e-02,  1.3564e-01,  3.6014e-02,  1.2108e-02, -2.9366e-02,
        -4.9325e-02,  8.4290e-02,  8.7212e-03,  9.2005e-02, -2.5031e-02,
         6.1788e-02,  5.8374e-02,  2.2552e-02,  8.8865e-02,  8.8621e-02,
         1.3109e-01,  1.0872e-01, -3.6161e-02, -1.1973e-01,  2.5854e-02,
        -1.2344e-03, -3.6886e-02, -2.3682e-02,  6.6514e-03,  1.0319e-01,
         4.4087e-02, -5.0218e-02, -5.8156e-02, -3.5020e-02, -5.4660e-02,
         1.2717e-01,  7.4903e-02,  1.2770e-01,  4.5165e-04,  2.8521e-02,
         4.9040e-02, -1.3386e-01,  1.2628e-02, -9.4597e-03, -7.9288e-02,
        -1.0974e-01,  1.2520e-01,  1.1498e-01,  6.5544e-02,  1.3495e-01,
        -5.7390e-02, -2.4427e-02,  5.3545e-02, -2.3367e-02, -2.7752e-02,
        -1.1689e-01,  3.7994e-02, -8.5465e-02,  5.1430e-03,  1.3788e-01,
        -4.3532e-02, -4.4575e-02,  8.5321e-02, -5.1994e-02, -1.2145e-02,
         1.3205e-01, -5.7979e-02, -1.0117e-01, -7.9146e-02, -3.9208e-02,
        -6.7104e-02, -7.3388e-02,  5.7126e-02,  2.4033e-02, -4.5264e-02,
        -1.0987e-01, -4.4528e-02, -5.9685e-02, -4.6021e-02, -1.2758e-01,
         3.0466e-02, -1.0391e-01, -1.1014e-01, -1.1555e-01,  5.9027e-02,
        -8.5139e-02, -5.8372e-02,  1.1085e-01,  7.5090e-02,  8.1090e-02,
        -1.3428e-01, -1.0141e-01, -5.3388e-02,  1.1683e-01,  1.4467e-02,
        -1.0577e-01,  8.8556e-04, -1.0984e-01, -3.0985e-02, -3.8887e-02,
         1.2242e-01,  4.3803e-02, -2.4660e-02,  2.3890e-02, -4.0823e-02,
         5.5565e-02,  5.5941e-02,  3.7978e-02, -5.5123e-02,  1.2065e-01,
        -2.0417e-02, -5.5058e-02,  8.8574e-02,  1.1527e-01,  1.4074e-01,
         4.1897e-02, -4.8210e-02,  7.1827e-02,  1.2133e-01, -1.3871e-01,
        -1.7520e-02, -9.6444e-02,  2.6355e-02,  5.8490e-02, -2.9216e-02,
        -1.1831e-02,  6.3655e-02, -2.3769e-02, -1.1876e-01,  1.1316e-01,
        -7.1179e-02, -1.5536e-02,  1.3340e-02, -8.4990e-03, -1.3303e-01,
         6.4884e-02, -6.4238e-02, -7.3350e-02,  3.3788e-02, -7.3802e-02,
        -6.5359e-02, -4.7652e-02, -5.3129e-02, -5.9063e-02, -3.8139e-02,
         3.6752e-02, -1.1444e-01, -8.5600e-02,  2.0635e-03,  1.9667e-02,
         7.8106e-02, -9.9341e-02,  4.5141e-02,  8.0382e-02,  7.8526e-02,
        -1.3172e-01, -5.3967e-02, -1.2156e-01, -8.9493e-02,  7.8769e-02,
        -2.1117e-02,  6.0063e-02, -8.3015e-02,  2.1490e-02, -8.5540e-02,
         7.0695e-02, -6.1855e-02, -3.5463e-02, -1.2270e-01,  4.6719e-04,
         1.3428e-01,  6.8643e-02, -7.5454e-02,  1.9019e-03, -1.5507e-02,
        -1.1385e-01,  1.1089e-01,  2.2798e-03,  2.9783e-02, -5.7110e-02,
        -6.6174e-02,  2.3319e-02,  5.2285e-02,  3.1721e-02, -6.8157e-02,
         1.3731e-01, -2.0818e-02, -8.6609e-02, -6.6145e-02,  1.3922e-01,
         6.8109e-06, -1.9197e-02, -5.8854e-02, -3.7073e-02, -1.1911e-01,
        -1.1239e-01,  8.2772e-02,  1.2098e-01,  1.3496e-01, -1.0210e-01,
         7.6490e-02, -8.7535e-02,  8.4366e-02,  1.0204e-01,  1.0944e-01,
         1.0183e-01,  8.8469e-02,  2.7526e-03,  6.4981e-02, -5.0596e-02,
         6.1580e-02, -4.5453e-02, -2.3747e-03, -1.2309e-01, -3.6978e-02,
        -7.4370e-02, -4.7704e-02, -9.0310e-02, -1.2720e-01,  9.2089e-03,
         9.1780e-02,  1.2880e-01,  8.2527e-02, -7.3304e-02, -1.3987e-01,
         5.3643e-02,  7.9240e-02, -1.2141e-01,  5.0712e-02,  1.1957e-01,
         8.5668e-03, -8.5201e-02,  1.1595e-01,  6.0389e-02,  9.3649e-02],
       device='cuda:0')
rank: local_param 1 tensor([ 5.0741e-02, -5.5715e-02, -1.3242e-01,  5.1223e-02, -7.0068e-02,
         7.1966e-02,  9.4538e-02,  5.4549e-02,  1.3270e-01,  1.3432e-01,
         2.9945e-02, -1.0304e-01,  1.2635e-01, -6.7104e-02, -6.6801e-02,
         1.1834e-01,  1.0957e-01,  4.2731e-02,  8.8648e-03, -1.1896e-01,
        -1.4680e-02,  1.3564e-01,  3.6014e-02,  1.2108e-02, -2.9366e-02,
        -4.9325e-02,  8.4290e-02,  8.7212e-03,  9.2005e-02, -2.5031e-02,
         6.1788e-02,  5.8374e-02,  2.2552e-02,  8.8865e-02,  8.8621e-02,
         1.3109e-01,  1.0872e-01, -3.6161e-02, -1.1973e-01,  2.5854e-02,
        -1.2344e-03, -3.6886e-02, -2.3682e-02,  6.6514e-03,  1.0319e-01,
         4.4087e-02, -5.0218e-02, -5.8156e-02, -3.5020e-02, -5.4660e-02,
         1.2717e-01,  7.4903e-02,  1.2770e-01,  4.5165e-04,  2.8521e-02,
         4.9040e-02, -1.3386e-01,  1.2628e-02, -9.4597e-03, -7.9288e-02,
        -1.0974e-01,  1.2520e-01,  1.1498e-01,  6.5544e-02,  1.3495e-01,
        -5.7390e-02, -2.4427e-02,  5.3545e-02, -2.3367e-02, -2.7752e-02,
        -1.1689e-01,  3.7994e-02, -8.5465e-02,  5.1430e-03,  1.3788e-01,
        -4.3532e-02, -4.4575e-02,  8.5321e-02, -5.1994e-02, -1.2145e-02,
         1.3205e-01, -5.7979e-02, -1.0117e-01, -7.9146e-02, -3.9208e-02,
        -6.7104e-02, -7.3388e-02,  5.7126e-02,  2.4033e-02, -4.5264e-02,
        -1.0987e-01, -4.4528e-02, -5.9685e-02, -4.6021e-02, -1.2758e-01,
         3.0466e-02, -1.0391e-01, -1.1014e-01, -1.1555e-01,  5.9027e-02,
        -8.5139e-02, -5.8372e-02,  1.1085e-01,  7.5090e-02,  8.1090e-02,
        -1.3428e-01, -1.0141e-01, -5.3388e-02,  1.1683e-01,  1.4467e-02,
        -1.0577e-01,  8.8556e-04, -1.0984e-01, -3.0985e-02, -3.8887e-02,
         1.2242e-01,  4.3803e-02, -2.4660e-02,  2.3890e-02, -4.0823e-02,
         5.5565e-02,  5.5941e-02,  3.7978e-02, -5.5123e-02,  1.2065e-01,
        -2.0417e-02, -5.5058e-02,  8.8574e-02,  1.1527e-01,  1.4074e-01,
         4.1897e-02, -4.8210e-02,  7.1827e-02,  1.2133e-01, -1.3871e-01,
        -1.7520e-02, -9.6444e-02,  2.6355e-02,  5.8490e-02, -2.9216e-02,
        -1.1831e-02,  6.3655e-02, -2.3769e-02, -1.1876e-01,  1.1316e-01,
        -7.1179e-02, -1.5536e-02,  1.3340e-02, -8.4990e-03, -1.3303e-01,
         6.4884e-02, -6.4238e-02, -7.3350e-02,  3.3788e-02, -7.3802e-02,
        -6.5359e-02, -4.7652e-02, -5.3129e-02, -5.9063e-02, -3.8139e-02,
         3.6752e-02, -1.1444e-01, -8.5600e-02,  2.0635e-03,  1.9667e-02,
         7.8106e-02, -9.9341e-02,  4.5141e-02,  8.0382e-02,  7.8526e-02,
        -1.3172e-01, -5.3967e-02, -1.2156e-01, -8.9493e-02,  7.8769e-02,
        -2.1117e-02,  6.0063e-02, -8.3015e-02,  2.1490e-02, -8.5540e-02,
         7.0695e-02, -6.1855e-02, -3.5463e-02, -1.2270e-01,  4.6719e-04,
         1.3428e-01,  6.8643e-02, -7.5454e-02,  1.9019e-03, -1.5507e-02,
        -1.1385e-01,  1.1089e-01,  2.2798e-03,  2.9783e-02, -5.7110e-02,
        -6.6174e-02,  2.3319e-02,  5.2285e-02,  3.1721e-02, -6.8157e-02,
         1.3731e-01, -2.0818e-02, -8.6609e-02, -6.6145e-02,  1.3922e-01,
         6.8109e-06, -1.9197e-02, -5.8854e-02, -3.7073e-02, -1.1911e-01,
        -1.1239e-01,  8.2772e-02,  1.2098e-01,  1.3496e-01, -1.0210e-01,
         7.6490e-02, -8.7535e-02,  8.4366e-02,  1.0204e-01,  1.0944e-01,
         1.0183e-01,  8.8469e-02,  2.7526e-03,  6.4981e-02, -5.0596e-02,
         6.1580e-02, -4.5453e-02, -2.3747e-03, -1.2309e-01, -3.6978e-02,
        -7.4370e-02, -4.7704e-02, -9.0310e-02, -1.2720e-01,  9.2089e-03,
         9.1780e-02,  1.2880e-01,  8.2527e-02, -7.3304e-02, -1.3987e-01,
         5.3643e-02,  7.9240e-02, -1.2141e-01,  5.0712e-02,  1.1957e-01,
         8.5668e-03, -8.5201e-02,  1.1595e-01,  6.0389e-02,  9.3649e-02],
       device='cuda:1', requires_grad=True)
rank: flatten_data 1 tensor([-7.6220e-02,  7.3904e-02, -1.3385e-01, -5.4702e-02, -2.7552e-02,
        -1.2017e-01, -8.9928e-02, -2.3083e-02,  1.0731e-01,  1.3656e-01,
         8.9981e-02, -8.4446e-02, -9.2521e-02,  1.2342e-01,  5.0023e-02,
         3.7572e-03,  1.9139e-02, -1.1366e-01, -4.7219e-02,  1.3613e-01,
        -3.4879e-02, -7.0943e-03, -1.1743e-01, -7.9112e-02, -2.8878e-03,
        -8.7845e-02, -1.7538e-02,  5.7553e-02, -1.3834e-01,  4.2004e-02,
        -9.3509e-02, -6.9021e-02,  5.4293e-02,  1.1245e-01, -3.8652e-02,
        -5.8063e-02, -1.2788e-01, -7.2925e-02, -1.2383e-01, -3.2367e-02,
         2.8858e-02, -1.3249e-01,  1.2348e-01,  8.8726e-02, -1.3844e-01,
        -6.7548e-02,  4.6125e-02, -2.9056e-02, -1.5412e-02, -6.3854e-02,
         1.1359e-01, -7.9054e-02,  1.1728e-01,  9.1248e-03,  2.8429e-02,
         1.1033e-01, -2.3301e-02, -8.0517e-02, -2.2873e-02,  1.1470e-01,
        -1.0493e-01,  3.2100e-02, -1.3899e-01,  7.4148e-02,  5.2251e-02,
         5.9952e-03,  6.0697e-02,  1.5906e-04,  7.8256e-02, -1.1195e-01,
        -2.0768e-02,  6.2737e-02,  1.4083e-01,  7.2039e-02, -1.0284e-01,
         1.0877e-01, -3.1537e-02, -3.0196e-02, -1.2854e-01, -2.2262e-02,
         1.0003e-01,  1.9720e-02, -8.2371e-02,  4.3531e-02, -4.5346e-02,
         1.2912e-01, -1.2275e-01, -4.4672e-02, -1.3655e-01, -5.5696e-02,
         4.4583e-02,  1.3613e-01,  2.3751e-02,  1.3864e-01,  2.7669e-02,
         8.1676e-02,  1.1337e-01,  1.1822e-01, -7.9157e-02,  1.3002e-01,
         8.5668e-02, -6.6126e-02, -6.7487e-02, -1.1862e-01,  3.5516e-02,
        -1.1463e-01,  5.9740e-02,  4.4661e-02, -1.2287e-01,  3.8537e-02,
        -1.1502e-02,  6.4604e-02,  8.1146e-02, -1.4059e-01,  1.2970e-01,
         1.1860e-01,  5.6269e-02, -1.2925e-01, -5.0519e-02, -4.0985e-02,
        -3.6345e-02,  7.9751e-02,  5.1417e-02,  1.1203e-01, -5.2966e-02,
         4.7594e-02,  5.0317e-02, -1.1775e-01, -1.3718e-01, -7.3382e-02,
         9.6810e-02, -1.3314e-01, -1.2310e-01,  7.9224e-02,  7.6301e-02,
         1.1630e-01, -1.0676e-01, -1.0351e-01,  7.2547e-02,  1.2298e-01,
         8.4618e-02,  2.2154e-02,  4.6609e-02,  1.3423e-01, -9.1246e-02,
        -6.4207e-02,  9.8920e-02, -9.6766e-02, -7.7982e-02,  1.0324e-01,
         4.4622e-02,  4.5689e-02, -5.9940e-02, -1.9517e-03,  1.2943e-01,
        -8.4884e-02,  1.1119e-03,  6.7260e-02, -9.7631e-02,  1.3735e-01,
        -7.0656e-02, -3.3960e-02, -3.8264e-02, -9.2158e-02, -1.3877e-01,
         7.9741e-02,  3.7572e-02, -1.3246e-01, -9.1023e-02,  1.3978e-01,
         5.4056e-02,  5.6745e-02, -8.4612e-02, -6.1999e-02, -2.1348e-02,
        -2.5863e-02, -9.6909e-02,  1.1651e-02,  1.4056e-02, -1.7907e-02,
         1.9606e-02, -5.6052e-02,  3.6805e-02,  5.3336e-02, -7.4492e-02,
        -1.4023e-01,  7.4025e-02,  3.3734e-02, -7.1925e-02,  1.3629e-01,
        -6.3958e-02,  9.5565e-02,  7.1747e-02, -1.1857e-01,  9.1208e-02,
        -1.3003e-01, -7.8350e-02, -2.3577e-02, -9.5325e-02,  1.3816e-01,
        -2.8366e-02,  5.6171e-02, -1.2628e-01,  8.1412e-02, -4.3951e-02,
        -1.0758e-01,  2.0679e-02,  6.8513e-02,  1.2239e-01, -8.6379e-02,
        -6.9594e-02,  2.7190e-02,  3.8362e-02,  5.4373e-02,  7.7623e-02,
        -3.2068e-02,  7.8569e-02,  1.0427e-01, -3.6942e-02,  1.0062e-01,
         6.9096e-02,  1.2474e-01, -8.0366e-02, -6.9835e-02, -4.0890e-02,
         7.1738e-03,  8.4881e-02, -8.0732e-02,  7.0803e-02, -5.0683e-02,
         8.5434e-02, -6.7143e-03, -1.2390e-01, -7.7817e-02, -1.0235e-01,
         7.0140e-02, -9.4830e-02, -1.1783e-02,  3.0512e-02, -7.7555e-02,
         4.0796e-02, -1.3809e-01, -1.0119e-01, -1.2815e-01, -4.2777e-02,
        -5.1519e-02,  2.0251e-02, -2.6151e-02,  6.6480e-02,  1.2965e-01,
         5.0741e-02, -5.5715e-02, -1.3242e-01,  5.1223e-02, -7.0068e-02,
         7.1966e-02,  9.4538e-02,  5.4549e-02,  1.3270e-01,  1.3432e-01,
         2.9945e-02, -1.0304e-01,  1.2635e-01, -6.7104e-02, -6.6801e-02,
         1.1834e-01,  1.0957e-01,  4.2731e-02,  8.8648e-03, -1.1896e-01,
        -1.4680e-02,  1.3564e-01,  3.6014e-02,  1.2108e-02, -2.9366e-02,
        -4.9325e-02,  8.4290e-02,  8.7212e-03,  9.2005e-02, -2.5031e-02,
         6.1788e-02,  5.8374e-02,  2.2552e-02,  8.8865e-02,  8.8621e-02,
         1.3109e-01,  1.0872e-01, -3.6161e-02, -1.1973e-01,  2.5854e-02,
        -1.2344e-03, -3.6886e-02, -2.3682e-02,  6.6514e-03,  1.0319e-01,
         4.4087e-02, -5.0218e-02, -5.8156e-02, -3.5020e-02, -5.4660e-02,
         1.2717e-01,  7.4903e-02,  1.2770e-01,  4.5165e-04,  2.8521e-02,
         4.9040e-02, -1.3386e-01,  1.2628e-02, -9.4597e-03, -7.9288e-02,
        -1.0974e-01,  1.2520e-01,  1.1498e-01,  6.5544e-02,  1.3495e-01,
        -5.7390e-02, -2.4427e-02,  5.3545e-02, -2.3367e-02, -2.7752e-02,
        -1.1689e-01,  3.7994e-02, -8.5465e-02,  5.1430e-03,  1.3788e-01,
        -4.3532e-02, -4.4575e-02,  8.5321e-02, -5.1994e-02, -1.2145e-02,
         1.3205e-01, -5.7979e-02, -1.0117e-01, -7.9146e-02, -3.9208e-02,
        -6.7104e-02, -7.3388e-02,  5.7126e-02,  2.4033e-02, -4.5264e-02,
        -1.0987e-01, -4.4528e-02, -5.9685e-02, -4.6021e-02, -1.2758e-01,
         3.0466e-02, -1.0391e-01, -1.1014e-01, -1.1555e-01,  5.9027e-02,
        -8.5139e-02, -5.8372e-02,  1.1085e-01,  7.5090e-02,  8.1090e-02,
        -1.3428e-01, -1.0141e-01, -5.3388e-02,  1.1683e-01,  1.4467e-02,
        -1.0577e-01,  8.8556e-04, -1.0984e-01, -3.0985e-02, -3.8887e-02,
         1.2242e-01,  4.3803e-02, -2.4660e-02,  2.3890e-02, -4.0823e-02,
         5.5565e-02,  5.5941e-02,  3.7978e-02, -5.5123e-02,  1.2065e-01,
        -2.0417e-02, -5.5058e-02,  8.8574e-02,  1.1527e-01,  1.4074e-01,
         4.1897e-02, -4.8210e-02,  7.1827e-02,  1.2133e-01, -1.3871e-01,
        -1.7520e-02, -9.6444e-02,  2.6355e-02,  5.8490e-02, -2.9216e-02,
        -1.1831e-02,  6.3655e-02, -2.3769e-02, -1.1876e-01,  1.1316e-01,
        -7.1179e-02, -1.5536e-02,  1.3340e-02, -8.4990e-03, -1.3303e-01,
         6.4884e-02, -6.4238e-02, -7.3350e-02,  3.3788e-02, -7.3802e-02,
        -6.5359e-02, -4.7652e-02, -5.3129e-02, -5.9063e-02, -3.8139e-02,
         3.6752e-02, -1.1444e-01, -8.5600e-02,  2.0635e-03,  1.9667e-02,
         7.8106e-02, -9.9341e-02,  4.5141e-02,  8.0382e-02,  7.8526e-02,
        -1.3172e-01, -5.3967e-02, -1.2156e-01, -8.9493e-02,  7.8769e-02,
        -2.1117e-02,  6.0063e-02, -8.3015e-02,  2.1490e-02, -8.5540e-02,
         7.0695e-02, -6.1855e-02, -3.5463e-02, -1.2270e-01,  4.6719e-04,
         1.3428e-01,  6.8643e-02, -7.5454e-02,  1.9019e-03, -1.5507e-02,
        -1.1385e-01,  1.1089e-01,  2.2798e-03,  2.9783e-02, -5.7110e-02,
        -6.6174e-02,  2.3319e-02,  5.2285e-02,  3.1721e-02, -6.8157e-02,
         1.3731e-01, -2.0818e-02, -8.6609e-02, -6.6145e-02,  1.3922e-01,
         6.8109e-06, -1.9197e-02, -5.8854e-02, -3.7073e-02, -1.1911e-01,
        -1.1239e-01,  8.2772e-02,  1.2098e-01,  1.3496e-01, -1.0210e-01,
         7.6490e-02, -8.7535e-02,  8.4366e-02,  1.0204e-01,  1.0944e-01,
         1.0183e-01,  8.8469e-02,  2.7526e-03,  6.4981e-02, -5.0596e-02,
         6.1580e-02, -4.5453e-02, -2.3747e-03, -1.2309e-01, -3.6978e-02,
        -7.4370e-02, -4.7704e-02, -9.0310e-02, -1.2720e-01,  9.2089e-03,
         9.1780e-02,  1.2880e-01,  8.2527e-02, -7.3304e-02, -1.3987e-01,
         5.3643e-02,  7.9240e-02, -1.2141e-01,  5.0712e-02,  1.1957e-01,
         8.5668e-03, -8.5201e-02,  1.1595e-01,  6.0389e-02,  9.3649e-02],
       device='cuda:1')
rank: local_param 0 tensor([-0.1264,  0.0707, -0.1273, -0.0172,  0.0084,  0.1005, -0.0512,  0.0407,
         0.0219,  0.0832,  0.0084,  0.0530, -0.0854, -0.0983,  0.1260, -0.1030,
        -0.0241, -0.0171,  0.1383, -0.0306, -0.1077, -0.0359,  0.0729,  0.0560,
         0.1170, -0.0290,  0.0666, -0.1331,  0.0547,  0.0650,  0.0912, -0.0811,
        -0.0378,  0.0342, -0.1005, -0.1125, -0.1361,  0.0079,  0.0878,  0.0363,
         0.0086,  0.0493, -0.0889,  0.0149, -0.0351, -0.0700,  0.1220, -0.1094,
         0.0207, -0.1243, -0.0048, -0.0628,  0.0465, -0.0794,  0.0905, -0.1148,
         0.0849, -0.1062,  0.0757, -0.0595, -0.0003, -0.0258,  0.0918,  0.0463,
        -0.1246,  0.0130, -0.0976,  0.1057,  0.0232, -0.0364, -0.0721,  0.0490,
        -0.0847,  0.0671,  0.0772,  0.0868,  0.0369, -0.1238,  0.1017, -0.0439,
        -0.0418, -0.0152,  0.1034,  0.1087,  0.0218,  0.0675, -0.1318,  0.0003,
        -0.1251,  0.0481, -0.1008, -0.0504,  0.0989,  0.1352, -0.0849, -0.0785,
         0.0175,  0.0556, -0.0230, -0.0442, -0.0929,  0.0604,  0.1386, -0.0685,
         0.0667,  0.0691,  0.1137, -0.0161,  0.0045,  0.1039,  0.0894,  0.1397,
        -0.0405,  0.0560,  0.0988, -0.0960,  0.0281, -0.0316,  0.0909, -0.0635,
         0.0099,  0.0846, -0.1296, -0.1194, -0.0724], device='cuda:0',
       requires_grad=True)
rank: flatten_data 0 tensor([-0.1264,  0.0707, -0.1273, -0.0172,  0.0084,  0.1005, -0.0512,  0.0407,
         0.0219,  0.0832,  0.0084,  0.0530, -0.0854, -0.0983,  0.1260, -0.1030,
        -0.0241, -0.0171,  0.1383, -0.0306, -0.1077, -0.0359,  0.0729,  0.0560,
         0.1170, -0.0290,  0.0666, -0.1331,  0.0547,  0.0650,  0.0912, -0.0811,
        -0.0378,  0.0342, -0.1005, -0.1125, -0.1361,  0.0079,  0.0878,  0.0363,
         0.0086,  0.0493, -0.0889,  0.0149, -0.0351, -0.0700,  0.1220, -0.1094,
         0.0207, -0.1243, -0.0048, -0.0628,  0.0465, -0.0794,  0.0905, -0.1148,
         0.0849, -0.1062,  0.0757, -0.0595, -0.0003, -0.0258,  0.0918,  0.0463,
        -0.1246,  0.0130, -0.0976,  0.1057,  0.0232, -0.0364, -0.0721,  0.0490,
        -0.0847,  0.0671,  0.0772,  0.0868,  0.0369, -0.1238,  0.1017, -0.0439,
        -0.0418, -0.0152,  0.1034,  0.1087,  0.0218,  0.0675, -0.1318,  0.0003,
        -0.1251,  0.0481, -0.1008, -0.0504,  0.0989,  0.1352, -0.0849, -0.0785,
         0.0175,  0.0556, -0.0230, -0.0442, -0.0929,  0.0604,  0.1386, -0.0685,
         0.0667,  0.0691,  0.1137, -0.0161,  0.0045,  0.1039,  0.0894,  0.1397,
        -0.0405,  0.0560,  0.0988, -0.0960,  0.0281, -0.0316,  0.0909, -0.0635,
         0.0099,  0.0846, -0.1296, -0.1194, -0.0724,  0.0907,  0.0948, -0.0966,
         0.0270, -0.0749, -0.0656,  0.1220,  0.0683, -0.0387,  0.0208,  0.0274,
         0.0331, -0.0484, -0.0833,  0.0936,  0.0190,  0.0592, -0.0536,  0.0685,
         0.1029,  0.0860,  0.0385,  0.1391, -0.0003,  0.0301,  0.1344,  0.1374,
        -0.0597,  0.1274,  0.0522, -0.0158,  0.1235, -0.0733,  0.0919,  0.1401,
        -0.0975, -0.0835, -0.1401, -0.0255, -0.1284, -0.0474,  0.0429,  0.1000,
         0.0788,  0.0785,  0.0587, -0.0877, -0.1123,  0.0059,  0.1343,  0.0080,
        -0.0122, -0.0960, -0.0701, -0.1090,  0.1132, -0.0230, -0.1249,  0.0152,
         0.0103, -0.0175,  0.0506,  0.0761, -0.1330, -0.1083, -0.0068, -0.1311,
        -0.1285,  0.1249, -0.0108, -0.0699, -0.0485, -0.1104,  0.1104, -0.0307,
        -0.0795, -0.1073,  0.0827, -0.0195, -0.0149, -0.0369, -0.0683,  0.0252,
         0.1088, -0.0820,  0.0068, -0.1076, -0.0663,  0.1241,  0.0015,  0.1362,
        -0.0248, -0.0771, -0.0845,  0.1253, -0.1088,  0.0742,  0.0352,  0.0417,
         0.0798, -0.0370,  0.0875, -0.1127, -0.0498,  0.1035,  0.0420, -0.0188,
        -0.0330, -0.0864,  0.0860, -0.0045, -0.0048,  0.0334,  0.1044, -0.0722,
        -0.0487,  0.0958,  0.0799, -0.0696, -0.1399,  0.0262,  0.0744,  0.0338,
         0.1003, -0.1122], device='cuda:0')
rank: local_param 0 tensor([ 0.2418,  0.2625, -0.0741,  0.2905, -0.0693,  0.0638, -0.1540,  0.1857,
         0.2788, -0.2320,  0.2749,  0.0592,  0.2336,  0.0428,  0.1525, -0.0446,
         0.2438,  0.0467, -0.1476,  0.0806, -0.1457, -0.0371, -0.1284,  0.2098,
        -0.2496, -0.1458, -0.0893, -0.1901,  0.0298, -0.3123,  0.2856, -0.2686,
         0.2441,  0.0526, -0.1027,  0.1954,  0.0493,  0.2555,  0.0346, -0.0997,
         0.0850, -0.0858,  0.1331,  0.2823,  0.1828, -0.1382,  0.1825,  0.0566,
         0.1606, -0.1927], device='cuda:0', requires_grad=True)
rank: flatten_data 0 tensor([ 0.2418,  0.2625, -0.0741,  0.2905, -0.0693,  0.0638, -0.1540,  0.1857,
         0.2788, -0.2320,  0.2749,  0.0592,  0.2336,  0.0428,  0.1525, -0.0446,
         0.2438,  0.0467, -0.1476,  0.0806, -0.1457, -0.0371, -0.1284,  0.2098,
        -0.2496, -0.1458, -0.0893, -0.1901,  0.0298, -0.3123,  0.2856, -0.2686,
         0.2441,  0.0526, -0.1027,  0.1954,  0.0493,  0.2555,  0.0346, -0.0997,
         0.0850, -0.0858,  0.1331,  0.2823,  0.1828, -0.1382,  0.1825,  0.0566,
         0.1606, -0.1927, -0.3130, -0.1222, -0.2426,  0.2595,  0.0911,  0.1310,
         0.1000, -0.0055,  0.2475, -0.2247,  0.0199, -0.2158,  0.0975, -0.1089,
         0.0969, -0.0659,  0.2623, -0.1874, -0.1886, -0.1886,  0.2844,  0.1054,
         0.3043, -0.2610, -0.3137, -0.2474, -0.2127,  0.1281,  0.1132,  0.2628,
        -0.1633, -0.2156,  0.1678, -0.1278,  0.1919, -0.0750,  0.1809, -0.2457,
        -0.1596,  0.0964,  0.0669, -0.0806,  0.1885,  0.2150, -0.2293, -0.1688,
         0.2896, -0.1067, -0.1121, -0.3060], device='cuda:0')
rank: local_param 0 tensor([-0.1811,  0.0790, -0.0417, -0.2295,  0.0074, -0.2160, -0.2683, -0.1741,
        -0.2768, -0.2014,  0.3161,  0.0597,  0.0974, -0.2949, -0.2077, -0.1053,
         0.0494, -0.2783, -0.1363, -0.1893,  0.0009, -0.1177, -0.0219, -0.2143,
        -0.2171, -0.1845, -0.1082, -0.2496,  0.2651, -0.0628,  0.2721,  0.0985,
        -0.2678,  0.2188, -0.0870, -0.1212, -0.2625, -0.3144,  0.0905, -0.0691,
         0.1231, -0.2595,  0.2348, -0.2321, -0.0546,  0.0661,  0.1633,  0.2553,
         0.2881, -0.2507,  0.0796, -0.1360, -0.0347, -0.2367,  0.2880, -0.2321,
         0.1690,  0.1111,  0.1028, -0.1710,  0.2874,  0.0695,  0.0407, -0.2787,
         0.1327, -0.0474, -0.1449,  0.2716,  0.0705, -0.1750, -0.1601, -0.0151,
         0.1766, -0.0808, -0.1804, -0.1083, -0.2362,  0.1128,  0.2448, -0.2977,
         0.0734,  0.1634,  0.0573, -0.1126,  0.1651,  0.1662,  0.1182, -0.0556,
        -0.0837,  0.0338, -0.0559, -0.0942,  0.2021,  0.2718, -0.0313, -0.0708,
         0.0046, -0.0189,  0.0760,  0.0886, -0.2872, -0.1167,  0.2663,  0.1232,
        -0.0157, -0.1907, -0.1935, -0.2833, -0.1031,  0.1068,  0.2016,  0.1460,
        -0.2795, -0.1902, -0.0499,  0.3059,  0.0457, -0.0819,  0.1308, -0.1204,
        -0.2047,  0.2308, -0.1438, -0.0634, -0.3146,  0.2116,  0.2396,  0.1152,
        -0.2205, -0.3121, -0.2568,  0.2358,  0.1518,  0.2661,  0.1657,  0.0800,
        -0.0031, -0.2405, -0.2709, -0.2958,  0.1295, -0.1553, -0.0636, -0.1820,
        -0.0576, -0.2226, -0.2066,  0.1049, -0.0940,  0.1952, -0.1014, -0.2320,
        -0.0558, -0.1533, -0.0967, -0.3010,  0.1769, -0.2202,  0.1589,  0.1435,
         0.2259, -0.2426,  0.2274, -0.1495,  0.1173,  0.2970, -0.0446, -0.0024,
        -0.0728, -0.2640,  0.1518, -0.3139,  0.1963,  0.2366,  0.2991, -0.0746,
        -0.2598,  0.0711,  0.1747, -0.3147, -0.0718, -0.1896, -0.0277, -0.1557,
        -0.1293, -0.1004, -0.3005,  0.2595,  0.2651, -0.0496, -0.0360, -0.1291,
        -0.2856, -0.3077,  0.1175, -0.1736, -0.2033, -0.0247, -0.1053, -0.1023,
         0.0102, -0.0671, -0.1089, -0.1514, -0.2574,  0.2652, -0.1266,  0.0838,
        -0.1097,  0.0257,  0.2948,  0.1457, -0.2740,  0.1255,  0.3002,  0.0832,
         0.2120,  0.3118, -0.0485,  0.0656, -0.2198, -0.0652,  0.2342,  0.1621,
        -0.2001, -0.2536, -0.2161, -0.3121, -0.2440, -0.0782,  0.2134,  0.0529,
        -0.2405, -0.2537,  0.1573, -0.2352, -0.0389,  0.1517, -0.1464, -0.0345,
        -0.0275, -0.0748, -0.1603, -0.2819, -0.2556, -0.1693,  0.3054, -0.1527,
        -0.2124,  0.0767], device='cuda:0', requires_grad=True)
rank: flatten_data 0 tensor([-0.1811,  0.0790, -0.0417, -0.2295,  0.0074, -0.2160, -0.2683, -0.1741,
        -0.2768, -0.2014,  0.3161,  0.0597,  0.0974, -0.2949, -0.2077, -0.1053,
         0.0494, -0.2783, -0.1363, -0.1893,  0.0009, -0.1177, -0.0219, -0.2143,
        -0.2171, -0.1845, -0.1082, -0.2496,  0.2651, -0.0628,  0.2721,  0.0985,
        -0.2678,  0.2188, -0.0870, -0.1212, -0.2625, -0.3144,  0.0905, -0.0691,
         0.1231, -0.2595,  0.2348, -0.2321, -0.0546,  0.0661,  0.1633,  0.2553,
         0.2881, -0.2507,  0.0796, -0.1360, -0.0347, -0.2367,  0.2880, -0.2321,
         0.1690,  0.1111,  0.1028, -0.1710,  0.2874,  0.0695,  0.0407, -0.2787,
         0.1327, -0.0474, -0.1449,  0.2716,  0.0705, -0.1750, -0.1601, -0.0151,
         0.1766, -0.0808, -0.1804, -0.1083, -0.2362,  0.1128,  0.2448, -0.2977,
         0.0734,  0.1634,  0.0573, -0.1126,  0.1651,  0.1662,  0.1182, -0.0556,
        -0.0837,  0.0338, -0.0559, -0.0942,  0.2021,  0.2718, -0.0313, -0.0708,
         0.0046, -0.0189,  0.0760,  0.0886, -0.2872, -0.1167,  0.2663,  0.1232,
        -0.0157, -0.1907, -0.1935, -0.2833, -0.1031,  0.1068,  0.2016,  0.1460,
        -0.2795, -0.1902, -0.0499,  0.3059,  0.0457, -0.0819,  0.1308, -0.1204,
        -0.2047,  0.2308, -0.1438, -0.0634, -0.3146,  0.2116,  0.2396,  0.1152,
        -0.2205, -0.3121, -0.2568,  0.2358,  0.1518,  0.2661,  0.1657,  0.0800,
        -0.0031, -0.2405, -0.2709, -0.2958,  0.1295, -0.1553, -0.0636, -0.1820,
        -0.0576, -0.2226, -0.2066,  0.1049, -0.0940,  0.1952, -0.1014, -0.2320,
        -0.0558, -0.1533, -0.0967, -0.3010,  0.1769, -0.2202,  0.1589,  0.1435,
         0.2259, -0.2426,  0.2274, -0.1495,  0.1173,  0.2970, -0.0446, -0.0024,
        -0.0728, -0.2640,  0.1518, -0.3139,  0.1963,  0.2366,  0.2991, -0.0746,
        -0.2598,  0.0711,  0.1747, -0.3147, -0.0718, -0.1896, -0.0277, -0.1557,
        -0.1293, -0.1004, -0.3005,  0.2595,  0.2651, -0.0496, -0.0360, -0.1291,
        -0.2856, -0.3077,  0.1175, -0.1736, -0.2033, -0.0247, -0.1053, -0.1023,
         0.0102, -0.0671, -0.1089, -0.1514, -0.2574,  0.2652, -0.1266,  0.0838,
        -0.1097,  0.0257,  0.2948,  0.1457, -0.2740,  0.1255,  0.3002,  0.0832,
         0.2120,  0.3118, -0.0485,  0.0656, -0.2198, -0.0652,  0.2342,  0.1621,
        -0.2001, -0.2536, -0.2161, -0.3121, -0.2440, -0.0782,  0.2134,  0.0529,
        -0.2405, -0.2537,  0.1573, -0.2352, -0.0389,  0.1517, -0.1464, -0.0345,
        -0.0275, -0.0748, -0.1603, -0.2819, -0.2556, -0.1693,  0.3054, -0.1527,
        -0.2124,  0.0767,  0.0872,  0.1733,  0.2404,  0.1761, -0.3135,  0.0280,
         0.1916, -0.0292, -0.1863,  0.3015, -0.1183, -0.1800, -0.2851,  0.0141,
         0.1401,  0.0700,  0.0625, -0.2398, -0.2953,  0.0056,  0.2883,  0.1824,
        -0.1841, -0.0410, -0.2331, -0.1526,  0.0573,  0.1722,  0.2620, -0.2903,
         0.2114, -0.2230,  0.1184,  0.2676,  0.0044,  0.2877, -0.2694, -0.1208,
         0.1844, -0.0689, -0.0647, -0.1318,  0.2180,  0.1551,  0.1013, -0.1777,
        -0.2567,  0.0342,  0.0937, -0.1460, -0.0885,  0.2136,  0.0252,  0.0143,
        -0.0778, -0.2864, -0.2973, -0.1512, -0.1607,  0.0985, -0.0921, -0.1237,
         0.3015,  0.1101,  0.2254, -0.1531, -0.1292,  0.1162, -0.2107, -0.2067,
        -0.0153, -0.1157, -0.2371,  0.1876,  0.2543,  0.0513, -0.0551, -0.2929,
        -0.1152,  0.0805,  0.1491, -0.0400, -0.1250,  0.1762, -0.2518,  0.1999,
        -0.1227,  0.0048, -0.0625,  0.0383, -0.0956,  0.2299, -0.0082,  0.2468,
         0.3040, -0.1541, -0.2307,  0.2537,  0.2478, -0.2415, -0.0244, -0.3118,
        -0.2589,  0.0611,  0.0841,  0.0670, -0.0861,  0.2917,  0.0452, -0.1866,
        -0.0179,  0.0759,  0.1107, -0.2236,  0.1185, -0.1616, -0.2628, -0.1727,
         0.3050,  0.2703,  0.2832,  0.1856,  0.2389, -0.0423, -0.1740,  0.1580,
        -0.1639, -0.2134, -0.1010,  0.0664,  0.1628, -0.1228, -0.1861,  0.0427,
        -0.1864, -0.2059,  0.1648, -0.0531,  0.2890,  0.3076,  0.0946,  0.1088,
         0.0728,  0.0050, -0.0230,  0.0043,  0.1181,  0.2940, -0.0820, -0.1337,
        -0.0766, -0.1528,  0.0538,  0.2360,  0.2473,  0.1452, -0.2327, -0.1697,
        -0.0695, -0.0583,  0.0260, -0.2903,  0.0984, -0.2412, -0.2001, -0.2629,
         0.2755, -0.2994,  0.2386, -0.0106, -0.0368,  0.1978, -0.0292,  0.1983,
         0.2286, -0.2746,  0.1217,  0.0597,  0.0680,  0.0462,  0.0865, -0.1521,
        -0.0405,  0.3005,  0.2125, -0.0119, -0.2974,  0.0139, -0.2153,  0.2572,
        -0.1920, -0.0228, -0.0702,  0.0563,  0.2976,  0.0300,  0.1831,  0.2455,
         0.2553, -0.1092, -0.0707,  0.1524, -0.0863,  0.1481, -0.0691, -0.2145,
         0.1287,  0.0485,  0.1410,  0.3142,  0.2159,  0.2998,  0.0169, -0.2720,
        -0.2218, -0.1964, -0.2787, -0.1585, -0.2911, -0.2918, -0.1890, -0.3117,
        -0.1941,  0.1206,  0.2638, -0.0941, -0.0920,  0.1689, -0.1560, -0.1495,
         0.1948, -0.2755,  0.0387,  0.2793,  0.0542,  0.0860, -0.1842, -0.0044,
         0.0174,  0.0776,  0.1229,  0.2748, -0.2414,  0.0095, -0.1580, -0.2502,
        -0.0253, -0.2784,  0.2207,  0.0366], device='cuda:0')
rank: local_param 1 tensor([ 0.0907,  0.0948, -0.0966,  0.0270, -0.0749, -0.0656,  0.1220,  0.0683,
        -0.0387,  0.0208,  0.0274,  0.0331, -0.0484, -0.0833,  0.0936,  0.0190,
         0.0592, -0.0536,  0.0685,  0.1029,  0.0860,  0.0385,  0.1391, -0.0003,
         0.0301,  0.1344,  0.1374, -0.0597,  0.1274,  0.0522, -0.0158,  0.1235,
        -0.0733,  0.0919,  0.1401, -0.0975, -0.0835, -0.1401, -0.0255, -0.1284,
        -0.0474,  0.0429,  0.1000,  0.0788,  0.0785,  0.0587, -0.0877, -0.1123,
         0.0059,  0.1343,  0.0080, -0.0122, -0.0960, -0.0701, -0.1090,  0.1132,
        -0.0230, -0.1249,  0.0152,  0.0103, -0.0175,  0.0506,  0.0761, -0.1330,
        -0.1083, -0.0068, -0.1311, -0.1285,  0.1249, -0.0108, -0.0699, -0.0485,
        -0.1104,  0.1104, -0.0307, -0.0795, -0.1073,  0.0827, -0.0195, -0.0149,
        -0.0369, -0.0683,  0.0252,  0.1088, -0.0820,  0.0068, -0.1076, -0.0663,
         0.1241,  0.0015,  0.1362, -0.0248, -0.0771, -0.0845,  0.1253, -0.1088,
         0.0742,  0.0352,  0.0417,  0.0798, -0.0370,  0.0875, -0.1127, -0.0498,
         0.1035,  0.0420, -0.0188, -0.0330, -0.0864,  0.0860, -0.0045, -0.0048,
         0.0334,  0.1044, -0.0722, -0.0487,  0.0958,  0.0799, -0.0696, -0.1399,
         0.0262,  0.0744,  0.0338,  0.1003, -0.1122], device='cuda:1',
       requires_grad=True)
rank: flatten_data 1 tensor([-0.1264,  0.0707, -0.1273, -0.0172,  0.0084,  0.1005, -0.0512,  0.0407,
         0.0219,  0.0832,  0.0084,  0.0530, -0.0854, -0.0983,  0.1260, -0.1030,
        -0.0241, -0.0171,  0.1383, -0.0306, -0.1077, -0.0359,  0.0729,  0.0560,
         0.1170, -0.0290,  0.0666, -0.1331,  0.0547,  0.0650,  0.0912, -0.0811,
        -0.0378,  0.0342, -0.1005, -0.1125, -0.1361,  0.0079,  0.0878,  0.0363,
         0.0086,  0.0493, -0.0889,  0.0149, -0.0351, -0.0700,  0.1220, -0.1094,
         0.0207, -0.1243, -0.0048, -0.0628,  0.0465, -0.0794,  0.0905, -0.1148,
         0.0849, -0.1062,  0.0757, -0.0595, -0.0003, -0.0258,  0.0918,  0.0463,
        -0.1246,  0.0130, -0.0976,  0.1057,  0.0232, -0.0364, -0.0721,  0.0490,
        -0.0847,  0.0671,  0.0772,  0.0868,  0.0369, -0.1238,  0.1017, -0.0439,
        -0.0418, -0.0152,  0.1034,  0.1087,  0.0218,  0.0675, -0.1318,  0.0003,
        -0.1251,  0.0481, -0.1008, -0.0504,  0.0989,  0.1352, -0.0849, -0.0785,
         0.0175,  0.0556, -0.0230, -0.0442, -0.0929,  0.0604,  0.1386, -0.0685,
         0.0667,  0.0691,  0.1137, -0.0161,  0.0045,  0.1039,  0.0894,  0.1397,
        -0.0405,  0.0560,  0.0988, -0.0960,  0.0281, -0.0316,  0.0909, -0.0635,
         0.0099,  0.0846, -0.1296, -0.1194, -0.0724,  0.0907,  0.0948, -0.0966,
         0.0270, -0.0749, -0.0656,  0.1220,  0.0683, -0.0387,  0.0208,  0.0274,
         0.0331, -0.0484, -0.0833,  0.0936,  0.0190,  0.0592, -0.0536,  0.0685,
         0.1029,  0.0860,  0.0385,  0.1391, -0.0003,  0.0301,  0.1344,  0.1374,
        -0.0597,  0.1274,  0.0522, -0.0158,  0.1235, -0.0733,  0.0919,  0.1401,
        -0.0975, -0.0835, -0.1401, -0.0255, -0.1284, -0.0474,  0.0429,  0.1000,
         0.0788,  0.0785,  0.0587, -0.0877, -0.1123,  0.0059,  0.1343,  0.0080,
        -0.0122, -0.0960, -0.0701, -0.1090,  0.1132, -0.0230, -0.1249,  0.0152,
         0.0103, -0.0175,  0.0506,  0.0761, -0.1330, -0.1083, -0.0068, -0.1311,
        -0.1285,  0.1249, -0.0108, -0.0699, -0.0485, -0.1104,  0.1104, -0.0307,
        -0.0795, -0.1073,  0.0827, -0.0195, -0.0149, -0.0369, -0.0683,  0.0252,
         0.1088, -0.0820,  0.0068, -0.1076, -0.0663,  0.1241,  0.0015,  0.1362,
        -0.0248, -0.0771, -0.0845,  0.1253, -0.1088,  0.0742,  0.0352,  0.0417,
         0.0798, -0.0370,  0.0875, -0.1127, -0.0498,  0.1035,  0.0420, -0.0188,
        -0.0330, -0.0864,  0.0860, -0.0045, -0.0048,  0.0334,  0.1044, -0.0722,
        -0.0487,  0.0958,  0.0799, -0.0696, -0.1399,  0.0262,  0.0744,  0.0338,
         0.1003, -0.1122], device='cuda:1')
rank: local_param 1 tensor([-0.3130, -0.1222, -0.2426,  0.2595,  0.0911,  0.1310,  0.1000, -0.0055,
         0.2475, -0.2247,  0.0199, -0.2158,  0.0975, -0.1089,  0.0969, -0.0659,
         0.2623, -0.1874, -0.1886, -0.1886,  0.2844,  0.1054,  0.3043, -0.2610,
        -0.3137, -0.2474, -0.2127,  0.1281,  0.1132,  0.2628, -0.1633, -0.2156,
         0.1678, -0.1278,  0.1919, -0.0750,  0.1809, -0.2457, -0.1596,  0.0964,
         0.0669, -0.0806,  0.1885,  0.2150, -0.2293, -0.1688,  0.2896, -0.1067,
        -0.1121, -0.3060], device='cuda:1', requires_grad=True)
rank: flatten_data 1 tensor([ 0.2418,  0.2625, -0.0741,  0.2905, -0.0693,  0.0638, -0.1540,  0.1857,
         0.2788, -0.2320,  0.2749,  0.0592,  0.2336,  0.0428,  0.1525, -0.0446,
         0.2438,  0.0467, -0.1476,  0.0806, -0.1457, -0.0371, -0.1284,  0.2098,
        -0.2496, -0.1458, -0.0893, -0.1901,  0.0298, -0.3123,  0.2856, -0.2686,
         0.2441,  0.0526, -0.1027,  0.1954,  0.0493,  0.2555,  0.0346, -0.0997,
         0.0850, -0.0858,  0.1331,  0.2823,  0.1828, -0.1382,  0.1825,  0.0566,
         0.1606, -0.1927, -0.3130, -0.1222, -0.2426,  0.2595,  0.0911,  0.1310,
         0.1000, -0.0055,  0.2475, -0.2247,  0.0199, -0.2158,  0.0975, -0.1089,
         0.0969, -0.0659,  0.2623, -0.1874, -0.1886, -0.1886,  0.2844,  0.1054,
         0.3043, -0.2610, -0.3137, -0.2474, -0.2127,  0.1281,  0.1132,  0.2628,
        -0.1633, -0.2156,  0.1678, -0.1278,  0.1919, -0.0750,  0.1809, -0.2457,
        -0.1596,  0.0964,  0.0669, -0.0806,  0.1885,  0.2150, -0.2293, -0.1688,
         0.2896, -0.1067, -0.1121, -0.3060], device='cuda:1')
rank: local_param 1 tensor([ 0.0872,  0.1733,  0.2404,  0.1761, -0.3135,  0.0280,  0.1916, -0.0292,
        -0.1863,  0.3015, -0.1183, -0.1800, -0.2851,  0.0141,  0.1401,  0.0700,
         0.0625, -0.2398, -0.2953,  0.0056,  0.2883,  0.1824, -0.1841, -0.0410,
        -0.2331, -0.1526,  0.0573,  0.1722,  0.2620, -0.2903,  0.2114, -0.2230,
         0.1184,  0.2676,  0.0044,  0.2877, -0.2694, -0.1208,  0.1844, -0.0689,
        -0.0647, -0.1318,  0.2180,  0.1551,  0.1013, -0.1777, -0.2567,  0.0342,
         0.0937, -0.1460, -0.0885,  0.2136,  0.0252,  0.0143, -0.0778, -0.2864,
        -0.2973, -0.1512, -0.1607,  0.0985, -0.0921, -0.1237,  0.3015,  0.1101,
         0.2254, -0.1531, -0.1292,  0.1162, -0.2107, -0.2067, -0.0153, -0.1157,
        -0.2371,  0.1876,  0.2543,  0.0513, -0.0551, -0.2929, -0.1152,  0.0805,
         0.1491, -0.0400, -0.1250,  0.1762, -0.2518,  0.1999, -0.1227,  0.0048,
        -0.0625,  0.0383, -0.0956,  0.2299, -0.0082,  0.2468,  0.3040, -0.1541,
        -0.2307,  0.2537,  0.2478, -0.2415, -0.0244, -0.3118, -0.2589,  0.0611,
         0.0841,  0.0670, -0.0861,  0.2917,  0.0452, -0.1866, -0.0179,  0.0759,
         0.1107, -0.2236,  0.1185, -0.1616, -0.2628, -0.1727,  0.3050,  0.2703,
         0.2832,  0.1856,  0.2389, -0.0423, -0.1740,  0.1580, -0.1639, -0.2134,
        -0.1010,  0.0664,  0.1628, -0.1228, -0.1861,  0.0427, -0.1864, -0.2059,
         0.1648, -0.0531,  0.2890,  0.3076,  0.0946,  0.1088,  0.0728,  0.0050,
        -0.0230,  0.0043,  0.1181,  0.2940, -0.0820, -0.1337, -0.0766, -0.1528,
         0.0538,  0.2360,  0.2473,  0.1452, -0.2327, -0.1697, -0.0695, -0.0583,
         0.0260, -0.2903,  0.0984, -0.2412, -0.2001, -0.2629,  0.2755, -0.2994,
         0.2386, -0.0106, -0.0368,  0.1978, -0.0292,  0.1983,  0.2286, -0.2746,
         0.1217,  0.0597,  0.0680,  0.0462,  0.0865, -0.1521, -0.0405,  0.3005,
         0.2125, -0.0119, -0.2974,  0.0139, -0.2153,  0.2572, -0.1920, -0.0228,
        -0.0702,  0.0563,  0.2976,  0.0300,  0.1831,  0.2455,  0.2553, -0.1092,
        -0.0707,  0.1524, -0.0863,  0.1481, -0.0691, -0.2145,  0.1287,  0.0485,
         0.1410,  0.3142,  0.2159,  0.2998,  0.0169, -0.2720, -0.2218, -0.1964,
        -0.2787, -0.1585, -0.2911, -0.2918, -0.1890, -0.3117, -0.1941,  0.1206,
         0.2638, -0.0941, -0.0920,  0.1689, -0.1560, -0.1495,  0.1948, -0.2755,
         0.0387,  0.2793,  0.0542,  0.0860, -0.1842, -0.0044,  0.0174,  0.0776,
         0.1229,  0.2748, -0.2414,  0.0095, -0.1580, -0.2502, -0.0253, -0.2784,
         0.2207,  0.0366], device='cuda:1', requires_grad=True)
rank: flatten_data 1 tensor([-0.1811,  0.0790, -0.0417, -0.2295,  0.0074, -0.2160, -0.2683, -0.1741,
        -0.2768, -0.2014,  0.3161,  0.0597,  0.0974, -0.2949, -0.2077, -0.1053,
         0.0494, -0.2783, -0.1363, -0.1893,  0.0009, -0.1177, -0.0219, -0.2143,
        -0.2171, -0.1845, -0.1082, -0.2496,  0.2651, -0.0628,  0.2721,  0.0985,
        -0.2678,  0.2188, -0.0870, -0.1212, -0.2625, -0.3144,  0.0905, -0.0691,
         0.1231, -0.2595,  0.2348, -0.2321, -0.0546,  0.0661,  0.1633,  0.2553,
         0.2881, -0.2507,  0.0796, -0.1360, -0.0347, -0.2367,  0.2880, -0.2321,
         0.1690,  0.1111,  0.1028, -0.1710,  0.2874,  0.0695,  0.0407, -0.2787,
         0.1327, -0.0474, -0.1449,  0.2716,  0.0705, -0.1750, -0.1601, -0.0151,
         0.1766, -0.0808, -0.1804, -0.1083, -0.2362,  0.1128,  0.2448, -0.2977,
         0.0734,  0.1634,  0.0573, -0.1126,  0.1651,  0.1662,  0.1182, -0.0556,
        -0.0837,  0.0338, -0.0559, -0.0942,  0.2021,  0.2718, -0.0313, -0.0708,
         0.0046, -0.0189,  0.0760,  0.0886, -0.2872, -0.1167,  0.2663,  0.1232,
        -0.0157, -0.1907, -0.1935, -0.2833, -0.1031,  0.1068,  0.2016,  0.1460,
        -0.2795, -0.1902, -0.0499,  0.3059,  0.0457, -0.0819,  0.1308, -0.1204,
        -0.2047,  0.2308, -0.1438, -0.0634, -0.3146,  0.2116,  0.2396,  0.1152,
        -0.2205, -0.3121, -0.2568,  0.2358,  0.1518,  0.2661,  0.1657,  0.0800,
        -0.0031, -0.2405, -0.2709, -0.2958,  0.1295, -0.1553, -0.0636, -0.1820,
        -0.0576, -0.2226, -0.2066,  0.1049, -0.0940,  0.1952, -0.1014, -0.2320,
        -0.0558, -0.1533, -0.0967, -0.3010,  0.1769, -0.2202,  0.1589,  0.1435,
         0.2259, -0.2426,  0.2274, -0.1495,  0.1173,  0.2970, -0.0446, -0.0024,
        -0.0728, -0.2640,  0.1518, -0.3139,  0.1963,  0.2366,  0.2991, -0.0746,
        -0.2598,  0.0711,  0.1747, -0.3147, -0.0718, -0.1896, -0.0277, -0.1557,
        -0.1293, -0.1004, -0.3005,  0.2595,  0.2651, -0.0496, -0.0360, -0.1291,
        -0.2856, -0.3077,  0.1175, -0.1736, -0.2033, -0.0247, -0.1053, -0.1023,
         0.0102, -0.0671, -0.1089, -0.1514, -0.2574,  0.2652, -0.1266,  0.0838,
        -0.1097,  0.0257,  0.2948,  0.1457, -0.2740,  0.1255,  0.3002,  0.0832,
         0.2120,  0.3118, -0.0485,  0.0656, -0.2198, -0.0652,  0.2342,  0.1621,
        -0.2001, -0.2536, -0.2161, -0.3121, -0.2440, -0.0782,  0.2134,  0.0529,
        -0.2405, -0.2537,  0.1573, -0.2352, -0.0389,  0.1517, -0.1464, -0.0345,
        -0.0275, -0.0748, -0.1603, -0.2819, -0.2556, -0.1693,  0.3054, -0.1527,
        -0.2124,  0.0767,  0.0872,  0.1733,  0.2404,  0.1761, -0.3135,  0.0280,
         0.1916, -0.0292, -0.1863,  0.3015, -0.1183, -0.1800, -0.2851,  0.0141,
         0.1401,  0.0700,  0.0625, -0.2398, -0.2953,  0.0056,  0.2883,  0.1824,
        -0.1841, -0.0410, -0.2331, -0.1526,  0.0573,  0.1722,  0.2620, -0.2903,
         0.2114, -0.2230,  0.1184,  0.2676,  0.0044,  0.2877, -0.2694, -0.1208,
         0.1844, -0.0689, -0.0647, -0.1318,  0.2180,  0.1551,  0.1013, -0.1777,
        -0.2567,  0.0342,  0.0937, -0.1460, -0.0885,  0.2136,  0.0252,  0.0143,
        -0.0778, -0.2864, -0.2973, -0.1512, -0.1607,  0.0985, -0.0921, -0.1237,
         0.3015,  0.1101,  0.2254, -0.1531, -0.1292,  0.1162, -0.2107, -0.2067,
        -0.0153, -0.1157, -0.2371,  0.1876,  0.2543,  0.0513, -0.0551, -0.2929,
        -0.1152,  0.0805,  0.1491, -0.0400, -0.1250,  0.1762, -0.2518,  0.1999,
        -0.1227,  0.0048, -0.0625,  0.0383, -0.0956,  0.2299, -0.0082,  0.2468,
         0.3040, -0.1541, -0.2307,  0.2537,  0.2478, -0.2415, -0.0244, -0.3118,
        -0.2589,  0.0611,  0.0841,  0.0670, -0.0861,  0.2917,  0.0452, -0.1866,
        -0.0179,  0.0759,  0.1107, -0.2236,  0.1185, -0.1616, -0.2628, -0.1727,
         0.3050,  0.2703,  0.2832,  0.1856,  0.2389, -0.0423, -0.1740,  0.1580,
        -0.1639, -0.2134, -0.1010,  0.0664,  0.1628, -0.1228, -0.1861,  0.0427,
        -0.1864, -0.2059,  0.1648, -0.0531,  0.2890,  0.3076,  0.0946,  0.1088,
         0.0728,  0.0050, -0.0230,  0.0043,  0.1181,  0.2940, -0.0820, -0.1337,
        -0.0766, -0.1528,  0.0538,  0.2360,  0.2473,  0.1452, -0.2327, -0.1697,
        -0.0695, -0.0583,  0.0260, -0.2903,  0.0984, -0.2412, -0.2001, -0.2629,
         0.2755, -0.2994,  0.2386, -0.0106, -0.0368,  0.1978, -0.0292,  0.1983,
         0.2286, -0.2746,  0.1217,  0.0597,  0.0680,  0.0462,  0.0865, -0.1521,
        -0.0405,  0.3005,  0.2125, -0.0119, -0.2974,  0.0139, -0.2153,  0.2572,
        -0.1920, -0.0228, -0.0702,  0.0563,  0.2976,  0.0300,  0.1831,  0.2455,
         0.2553, -0.1092, -0.0707,  0.1524, -0.0863,  0.1481, -0.0691, -0.2145,
         0.1287,  0.0485,  0.1410,  0.3142,  0.2159,  0.2998,  0.0169, -0.2720,
        -0.2218, -0.1964, -0.2787, -0.1585, -0.2911, -0.2918, -0.1890, -0.3117,
        -0.1941,  0.1206,  0.2638, -0.0941, -0.0920,  0.1689, -0.1560, -0.1495,
         0.1948, -0.2755,  0.0387,  0.2793,  0.0542,  0.0860, -0.1842, -0.0044,
         0.0174,  0.0776,  0.1229,  0.2748, -0.2414,  0.0095, -0.1580, -0.2502,
        -0.0253, -0.2784,  0.2207,  0.0366], device='cuda:1')
rank: local_param 0 tensor([-0.0762,  0.0739, -0.1338, -0.0547, -0.0276, -0.1202, -0.0899, -0.0231,
         0.1073,  0.1366,  0.0900, -0.0844, -0.0925,  0.1234,  0.0500,  0.0038,
         0.0191, -0.1137, -0.0472,  0.1361, -0.0349, -0.0071, -0.1174, -0.0791,
        -0.0029, -0.0878, -0.0175,  0.0576, -0.1383,  0.0420, -0.0935, -0.0690,
         0.0543,  0.1124, -0.0387, -0.0581, -0.1279, -0.0729, -0.1238, -0.0324,
         0.0289, -0.1325,  0.1235,  0.0887, -0.1384, -0.0675,  0.0461, -0.0291,
        -0.0154, -0.0639,  0.1136, -0.0791,  0.1173,  0.0091,  0.0284,  0.1103,
        -0.0233, -0.0805, -0.0229,  0.1147, -0.1049,  0.0321, -0.1390,  0.0741,
         0.0523,  0.0060,  0.0607,  0.0002,  0.0783, -0.1120, -0.0208,  0.0627,
         0.1408,  0.0720, -0.1028,  0.1088, -0.0315, -0.0302, -0.1285, -0.0223,
         0.1000,  0.0197, -0.0824,  0.0435, -0.0453,  0.1291, -0.1227, -0.0447,
        -0.1366, -0.0557,  0.0446,  0.1361,  0.0238,  0.1386,  0.0277,  0.0817,
         0.1134,  0.1182, -0.0792,  0.1300,  0.0857, -0.0661, -0.0675, -0.1186,
         0.0355, -0.1146,  0.0597,  0.0447, -0.1229,  0.0385, -0.0115,  0.0646,
         0.0811, -0.1406,  0.1297,  0.1186,  0.0563, -0.1293, -0.0505, -0.0410,
        -0.0363,  0.0798,  0.0514,  0.1120, -0.0530,  0.0476,  0.0503, -0.1177,
        -0.1372, -0.0734,  0.0968, -0.1331, -0.1231,  0.0792,  0.0763,  0.1163,
        -0.1068, -0.1035,  0.0725,  0.1230,  0.0846,  0.0222,  0.0466,  0.1342,
        -0.0912, -0.0642,  0.0989, -0.0968, -0.0780,  0.1032,  0.0446,  0.0457,
        -0.0599, -0.0020,  0.1294, -0.0849,  0.0011,  0.0673, -0.0976,  0.1373,
        -0.0707, -0.0340, -0.0383, -0.0922, -0.1388,  0.0797,  0.0376, -0.1325,
        -0.0910,  0.1398,  0.0541,  0.0567, -0.0846, -0.0620, -0.0213, -0.0259,
        -0.0969,  0.0117,  0.0141, -0.0179,  0.0196, -0.0561,  0.0368,  0.0533,
        -0.0745, -0.1402,  0.0740,  0.0337, -0.0719,  0.1363, -0.0640,  0.0956,
         0.0717, -0.1186,  0.0912, -0.1300, -0.0783, -0.0236, -0.0953,  0.1382,
        -0.0284,  0.0562, -0.1263,  0.0814, -0.0440, -0.1076,  0.0207,  0.0685,
         0.1224, -0.0864, -0.0696,  0.0272,  0.0384,  0.0544,  0.0776, -0.0321,
         0.0786,  0.1043, -0.0369,  0.1006,  0.0691,  0.1247, -0.0804, -0.0698,
        -0.0409,  0.0072,  0.0849, -0.0807,  0.0708, -0.0507,  0.0854, -0.0067,
        -0.1239, -0.0778, -0.1024,  0.0701, -0.0948, -0.0118,  0.0305, -0.0776,
         0.0408, -0.1381, -0.1012, -0.1281, -0.0428, -0.0515,  0.0203, -0.0262,
         0.0665,  0.1297], device='cuda:0', requires_grad=True)
rank: flatten_data 0 tensor([-7.6220e-02,  7.3904e-02, -1.3385e-01, -5.4702e-02, -2.7552e-02,
        -1.2017e-01, -8.9928e-02, -2.3083e-02,  1.0731e-01,  1.3656e-01,
         8.9981e-02, -8.4446e-02, -9.2521e-02,  1.2342e-01,  5.0023e-02,
         3.7572e-03,  1.9139e-02, -1.1366e-01, -4.7219e-02,  1.3613e-01,
        -3.4879e-02, -7.0943e-03, -1.1743e-01, -7.9112e-02, -2.8878e-03,
        -8.7845e-02, -1.7538e-02,  5.7553e-02, -1.3834e-01,  4.2004e-02,
        -9.3509e-02, -6.9021e-02,  5.4293e-02,  1.1245e-01, -3.8652e-02,
        -5.8063e-02, -1.2788e-01, -7.2925e-02, -1.2383e-01, -3.2367e-02,
         2.8858e-02, -1.3249e-01,  1.2348e-01,  8.8726e-02, -1.3844e-01,
        -6.7548e-02,  4.6125e-02, -2.9056e-02, -1.5412e-02, -6.3854e-02,
         1.1359e-01, -7.9054e-02,  1.1728e-01,  9.1248e-03,  2.8429e-02,
         1.1033e-01, -2.3301e-02, -8.0517e-02, -2.2873e-02,  1.1470e-01,
        -1.0493e-01,  3.2100e-02, -1.3899e-01,  7.4148e-02,  5.2251e-02,
         5.9952e-03,  6.0697e-02,  1.5906e-04,  7.8256e-02, -1.1195e-01,
        -2.0768e-02,  6.2737e-02,  1.4083e-01,  7.2039e-02, -1.0284e-01,
         1.0877e-01, -3.1537e-02, -3.0196e-02, -1.2854e-01, -2.2262e-02,
         1.0003e-01,  1.9720e-02, -8.2371e-02,  4.3531e-02, -4.5346e-02,
         1.2912e-01, -1.2275e-01, -4.4672e-02, -1.3655e-01, -5.5696e-02,
         4.4583e-02,  1.3613e-01,  2.3751e-02,  1.3864e-01,  2.7669e-02,
         8.1676e-02,  1.1337e-01,  1.1822e-01, -7.9157e-02,  1.3002e-01,
         8.5668e-02, -6.6126e-02, -6.7487e-02, -1.1862e-01,  3.5516e-02,
        -1.1463e-01,  5.9740e-02,  4.4661e-02, -1.2287e-01,  3.8537e-02,
        -1.1502e-02,  6.4604e-02,  8.1146e-02, -1.4059e-01,  1.2970e-01,
         1.1860e-01,  5.6269e-02, -1.2925e-01, -5.0519e-02, -4.0985e-02,
        -3.6345e-02,  7.9751e-02,  5.1417e-02,  1.1203e-01, -5.2966e-02,
         4.7594e-02,  5.0317e-02, -1.1775e-01, -1.3718e-01, -7.3382e-02,
         9.6810e-02, -1.3314e-01, -1.2310e-01,  7.9224e-02,  7.6301e-02,
         1.1630e-01, -1.0676e-01, -1.0351e-01,  7.2547e-02,  1.2298e-01,
         8.4618e-02,  2.2154e-02,  4.6609e-02,  1.3423e-01, -9.1246e-02,
        -6.4207e-02,  9.8920e-02, -9.6766e-02, -7.7982e-02,  1.0324e-01,
         4.4622e-02,  4.5689e-02, -5.9940e-02, -1.9517e-03,  1.2943e-01,
        -8.4884e-02,  1.1119e-03,  6.7260e-02, -9.7631e-02,  1.3735e-01,
        -7.0656e-02, -3.3960e-02, -3.8264e-02, -9.2158e-02, -1.3877e-01,
         7.9741e-02,  3.7572e-02, -1.3246e-01, -9.1023e-02,  1.3978e-01,
         5.4056e-02,  5.6745e-02, -8.4612e-02, -6.1999e-02, -2.1348e-02,
        -2.5863e-02, -9.6909e-02,  1.1651e-02,  1.4056e-02, -1.7907e-02,
         1.9606e-02, -5.6052e-02,  3.6805e-02,  5.3336e-02, -7.4492e-02,
        -1.4023e-01,  7.4025e-02,  3.3734e-02, -7.1925e-02,  1.3629e-01,
        -6.3958e-02,  9.5565e-02,  7.1747e-02, -1.1857e-01,  9.1208e-02,
        -1.3003e-01, -7.8350e-02, -2.3577e-02, -9.5325e-02,  1.3816e-01,
        -2.8366e-02,  5.6171e-02, -1.2628e-01,  8.1412e-02, -4.3951e-02,
        -1.0758e-01,  2.0679e-02,  6.8513e-02,  1.2239e-01, -8.6379e-02,
        -6.9594e-02,  2.7190e-02,  3.8362e-02,  5.4373e-02,  7.7623e-02,
        -3.2068e-02,  7.8569e-02,  1.0427e-01, -3.6942e-02,  1.0062e-01,
         6.9096e-02,  1.2474e-01, -8.0366e-02, -6.9835e-02, -4.0890e-02,
         7.1738e-03,  8.4881e-02, -8.0732e-02,  7.0803e-02, -5.0683e-02,
         8.5434e-02, -6.7143e-03, -1.2390e-01, -7.7817e-02, -1.0235e-01,
         7.0140e-02, -9.4830e-02, -1.1783e-02,  3.0512e-02, -7.7555e-02,
         4.0796e-02, -1.3809e-01, -1.0119e-01, -1.2815e-01, -4.2777e-02,
        -5.1519e-02,  2.0251e-02, -2.6151e-02,  6.6480e-02,  1.2965e-01,
         5.0741e-02, -5.5715e-02, -1.3242e-01,  5.1223e-02, -7.0068e-02,
         7.1966e-02,  9.4538e-02,  5.4549e-02,  1.3270e-01,  1.3432e-01,
         2.9945e-02, -1.0304e-01,  1.2635e-01, -6.7104e-02, -6.6801e-02,
         1.1834e-01,  1.0957e-01,  4.2731e-02,  8.8648e-03, -1.1896e-01,
        -1.4680e-02,  1.3564e-01,  3.6014e-02,  1.2108e-02, -2.9366e-02,
        -4.9325e-02,  8.4290e-02,  8.7212e-03,  9.2005e-02, -2.5031e-02,
         6.1788e-02,  5.8374e-02,  2.2552e-02,  8.8865e-02,  8.8621e-02,
         1.3109e-01,  1.0872e-01, -3.6161e-02, -1.1973e-01,  2.5854e-02,
        -1.2344e-03, -3.6886e-02, -2.3682e-02,  6.6514e-03,  1.0319e-01,
         4.4087e-02, -5.0218e-02, -5.8156e-02, -3.5020e-02, -5.4660e-02,
         1.2717e-01,  7.4903e-02,  1.2770e-01,  4.5165e-04,  2.8521e-02,
         4.9040e-02, -1.3386e-01,  1.2628e-02, -9.4597e-03, -7.9288e-02,
        -1.0974e-01,  1.2520e-01,  1.1498e-01,  6.5544e-02,  1.3495e-01,
        -5.7390e-02, -2.4427e-02,  5.3545e-02, -2.3367e-02, -2.7752e-02,
        -1.1689e-01,  3.7994e-02, -8.5465e-02,  5.1430e-03,  1.3788e-01,
        -4.3532e-02, -4.4575e-02,  8.5321e-02, -5.1994e-02, -1.2145e-02,
         1.3205e-01, -5.7979e-02, -1.0117e-01, -7.9146e-02, -3.9208e-02,
        -6.7104e-02, -7.3388e-02,  5.7126e-02,  2.4033e-02, -4.5264e-02,
        -1.0987e-01, -4.4528e-02, -5.9685e-02, -4.6021e-02, -1.2758e-01,
         3.0466e-02, -1.0391e-01, -1.1014e-01, -1.1555e-01,  5.9027e-02,
        -8.5139e-02, -5.8372e-02,  1.1085e-01,  7.5090e-02,  8.1090e-02,
        -1.3428e-01, -1.0141e-01, -5.3388e-02,  1.1683e-01,  1.4467e-02,
        -1.0577e-01,  8.8556e-04, -1.0984e-01, -3.0985e-02, -3.8887e-02,
         1.2242e-01,  4.3803e-02, -2.4660e-02,  2.3890e-02, -4.0823e-02,
         5.5565e-02,  5.5941e-02,  3.7978e-02, -5.5123e-02,  1.2065e-01,
        -2.0417e-02, -5.5058e-02,  8.8574e-02,  1.1527e-01,  1.4074e-01,
         4.1897e-02, -4.8210e-02,  7.1827e-02,  1.2133e-01, -1.3871e-01,
        -1.7520e-02, -9.6444e-02,  2.6355e-02,  5.8490e-02, -2.9216e-02,
        -1.1831e-02,  6.3655e-02, -2.3769e-02, -1.1876e-01,  1.1316e-01,
        -7.1179e-02, -1.5536e-02,  1.3340e-02, -8.4990e-03, -1.3303e-01,
         6.4884e-02, -6.4238e-02, -7.3350e-02,  3.3788e-02, -7.3802e-02,
        -6.5359e-02, -4.7652e-02, -5.3129e-02, -5.9063e-02, -3.8139e-02,
         3.6752e-02, -1.1444e-01, -8.5600e-02,  2.0635e-03,  1.9667e-02,
         7.8106e-02, -9.9341e-02,  4.5141e-02,  8.0382e-02,  7.8526e-02,
        -1.3172e-01, -5.3967e-02, -1.2156e-01, -8.9493e-02,  7.8769e-02,
        -2.1117e-02,  6.0063e-02, -8.3015e-02,  2.1490e-02, -8.5540e-02,
         7.0695e-02, -6.1855e-02, -3.5463e-02, -1.2270e-01,  4.6719e-04,
         1.3428e-01,  6.8643e-02, -7.5454e-02,  1.9019e-03, -1.5507e-02,
        -1.1385e-01,  1.1089e-01,  2.2798e-03,  2.9783e-02, -5.7110e-02,
        -6.6174e-02,  2.3319e-02,  5.2285e-02,  3.1721e-02, -6.8157e-02,
         1.3731e-01, -2.0818e-02, -8.6609e-02, -6.6145e-02,  1.3922e-01,
         6.8109e-06, -1.9197e-02, -5.8854e-02, -3.7073e-02, -1.1911e-01,
        -1.1239e-01,  8.2772e-02,  1.2098e-01,  1.3496e-01, -1.0210e-01,
         7.6490e-02, -8.7535e-02,  8.4366e-02,  1.0204e-01,  1.0944e-01,
         1.0183e-01,  8.8469e-02,  2.7526e-03,  6.4981e-02, -5.0596e-02,
         6.1580e-02, -4.5453e-02, -2.3747e-03, -1.2309e-01, -3.6978e-02,
        -7.4370e-02, -4.7704e-02, -9.0310e-02, -1.2720e-01,  9.2089e-03,
         9.1780e-02,  1.2880e-01,  8.2527e-02, -7.3304e-02, -1.3987e-01,
         5.3643e-02,  7.9240e-02, -1.2141e-01,  5.0712e-02,  1.1957e-01,
         8.5668e-03, -8.5201e-02,  1.1595e-01,  6.0389e-02,  9.3649e-02],
       device='cuda:0')
rank: local_param 1 tensor([ 5.0741e-02, -5.5715e-02, -1.3242e-01,  5.1223e-02, -7.0068e-02,
         7.1966e-02,  9.4538e-02,  5.4549e-02,  1.3270e-01,  1.3432e-01,
         2.9945e-02, -1.0304e-01,  1.2635e-01, -6.7104e-02, -6.6801e-02,
         1.1834e-01,  1.0957e-01,  4.2731e-02,  8.8648e-03, -1.1896e-01,
        -1.4680e-02,  1.3564e-01,  3.6014e-02,  1.2108e-02, -2.9366e-02,
        -4.9325e-02,  8.4290e-02,  8.7212e-03,  9.2005e-02, -2.5031e-02,
         6.1788e-02,  5.8374e-02,  2.2552e-02,  8.8865e-02,  8.8621e-02,
         1.3109e-01,  1.0872e-01, -3.6161e-02, -1.1973e-01,  2.5854e-02,
        -1.2344e-03, -3.6886e-02, -2.3682e-02,  6.6514e-03,  1.0319e-01,
         4.4087e-02, -5.0218e-02, -5.8156e-02, -3.5020e-02, -5.4660e-02,
         1.2717e-01,  7.4903e-02,  1.2770e-01,  4.5165e-04,  2.8521e-02,
         4.9040e-02, -1.3386e-01,  1.2628e-02, -9.4597e-03, -7.9288e-02,
        -1.0974e-01,  1.2520e-01,  1.1498e-01,  6.5544e-02,  1.3495e-01,
        -5.7390e-02, -2.4427e-02,  5.3545e-02, -2.3367e-02, -2.7752e-02,
        -1.1689e-01,  3.7994e-02, -8.5465e-02,  5.1430e-03,  1.3788e-01,
        -4.3532e-02, -4.4575e-02,  8.5321e-02, -5.1994e-02, -1.2145e-02,
         1.3205e-01, -5.7979e-02, -1.0117e-01, -7.9146e-02, -3.9208e-02,
        -6.7104e-02, -7.3388e-02,  5.7126e-02,  2.4033e-02, -4.5264e-02,
        -1.0987e-01, -4.4528e-02, -5.9685e-02, -4.6021e-02, -1.2758e-01,
         3.0466e-02, -1.0391e-01, -1.1014e-01, -1.1555e-01,  5.9027e-02,
        -8.5139e-02, -5.8372e-02,  1.1085e-01,  7.5090e-02,  8.1090e-02,
        -1.3428e-01, -1.0141e-01, -5.3388e-02,  1.1683e-01,  1.4467e-02,
        -1.0577e-01,  8.8556e-04, -1.0984e-01, -3.0985e-02, -3.8887e-02,
         1.2242e-01,  4.3803e-02, -2.4660e-02,  2.3890e-02, -4.0823e-02,
         5.5565e-02,  5.5941e-02,  3.7978e-02, -5.5123e-02,  1.2065e-01,
        -2.0417e-02, -5.5058e-02,  8.8574e-02,  1.1527e-01,  1.4074e-01,
         4.1897e-02, -4.8210e-02,  7.1827e-02,  1.2133e-01, -1.3871e-01,
        -1.7520e-02, -9.6444e-02,  2.6355e-02,  5.8490e-02, -2.9216e-02,
        -1.1831e-02,  6.3655e-02, -2.3769e-02, -1.1876e-01,  1.1316e-01,
        -7.1179e-02, -1.5536e-02,  1.3340e-02, -8.4990e-03, -1.3303e-01,
         6.4884e-02, -6.4238e-02, -7.3350e-02,  3.3788e-02, -7.3802e-02,
        -6.5359e-02, -4.7652e-02, -5.3129e-02, -5.9063e-02, -3.8139e-02,
         3.6752e-02, -1.1444e-01, -8.5600e-02,  2.0635e-03,  1.9667e-02,
         7.8106e-02, -9.9341e-02,  4.5141e-02,  8.0382e-02,  7.8526e-02,
        -1.3172e-01, -5.3967e-02, -1.2156e-01, -8.9493e-02,  7.8769e-02,
        -2.1117e-02,  6.0063e-02, -8.3015e-02,  2.1490e-02, -8.5540e-02,
         7.0695e-02, -6.1855e-02, -3.5463e-02, -1.2270e-01,  4.6719e-04,
         1.3428e-01,  6.8643e-02, -7.5454e-02,  1.9019e-03, -1.5507e-02,
        -1.1385e-01,  1.1089e-01,  2.2798e-03,  2.9783e-02, -5.7110e-02,
        -6.6174e-02,  2.3319e-02,  5.2285e-02,  3.1721e-02, -6.8157e-02,
         1.3731e-01, -2.0818e-02, -8.6609e-02, -6.6145e-02,  1.3922e-01,
         6.8109e-06, -1.9197e-02, -5.8854e-02, -3.7073e-02, -1.1911e-01,
        -1.1239e-01,  8.2772e-02,  1.2098e-01,  1.3496e-01, -1.0210e-01,
         7.6490e-02, -8.7535e-02,  8.4366e-02,  1.0204e-01,  1.0944e-01,
         1.0183e-01,  8.8469e-02,  2.7526e-03,  6.4981e-02, -5.0596e-02,
         6.1580e-02, -4.5453e-02, -2.3747e-03, -1.2309e-01, -3.6978e-02,
        -7.4370e-02, -4.7704e-02, -9.0310e-02, -1.2720e-01,  9.2089e-03,
         9.1780e-02,  1.2880e-01,  8.2527e-02, -7.3304e-02, -1.3987e-01,
         5.3643e-02,  7.9240e-02, -1.2141e-01,  5.0712e-02,  1.1957e-01,
         8.5668e-03, -8.5201e-02,  1.1595e-01,  6.0389e-02,  9.3649e-02],
       device='cuda:1', requires_grad=True)
rank: flatten_data 1 tensor([-7.6220e-02,  7.3904e-02, -1.3385e-01, -5.4702e-02, -2.7552e-02,
        -1.2017e-01, -8.9928e-02, -2.3083e-02,  1.0731e-01,  1.3656e-01,
         8.9981e-02, -8.4446e-02, -9.2521e-02,  1.2342e-01,  5.0023e-02,
         3.7572e-03,  1.9139e-02, -1.1366e-01, -4.7219e-02,  1.3613e-01,
        -3.4879e-02, -7.0943e-03, -1.1743e-01, -7.9112e-02, -2.8878e-03,
        -8.7845e-02, -1.7538e-02,  5.7553e-02, -1.3834e-01,  4.2004e-02,
        -9.3509e-02, -6.9021e-02,  5.4293e-02,  1.1245e-01, -3.8652e-02,
        -5.8063e-02, -1.2788e-01, -7.2925e-02, -1.2383e-01, -3.2367e-02,
         2.8858e-02, -1.3249e-01,  1.2348e-01,  8.8726e-02, -1.3844e-01,
        -6.7548e-02,  4.6125e-02, -2.9056e-02, -1.5412e-02, -6.3854e-02,
         1.1359e-01, -7.9054e-02,  1.1728e-01,  9.1248e-03,  2.8429e-02,
         1.1033e-01, -2.3301e-02, -8.0517e-02, -2.2873e-02,  1.1470e-01,
        -1.0493e-01,  3.2100e-02, -1.3899e-01,  7.4148e-02,  5.2251e-02,
         5.9952e-03,  6.0697e-02,  1.5906e-04,  7.8256e-02, -1.1195e-01,
        -2.0768e-02,  6.2737e-02,  1.4083e-01,  7.2039e-02, -1.0284e-01,
         1.0877e-01, -3.1537e-02, -3.0196e-02, -1.2854e-01, -2.2262e-02,
         1.0003e-01,  1.9720e-02, -8.2371e-02,  4.3531e-02, -4.5346e-02,
         1.2912e-01, -1.2275e-01, -4.4672e-02, -1.3655e-01, -5.5696e-02,
         4.4583e-02,  1.3613e-01,  2.3751e-02,  1.3864e-01,  2.7669e-02,
         8.1676e-02,  1.1337e-01,  1.1822e-01, -7.9157e-02,  1.3002e-01,
         8.5668e-02, -6.6126e-02, -6.7487e-02, -1.1862e-01,  3.5516e-02,
        -1.1463e-01,  5.9740e-02,  4.4661e-02, -1.2287e-01,  3.8537e-02,
        -1.1502e-02,  6.4604e-02,  8.1146e-02, -1.4059e-01,  1.2970e-01,
         1.1860e-01,  5.6269e-02, -1.2925e-01, -5.0519e-02, -4.0985e-02,
        -3.6345e-02,  7.9751e-02,  5.1417e-02,  1.1203e-01, -5.2966e-02,
         4.7594e-02,  5.0317e-02, -1.1775e-01, -1.3718e-01, -7.3382e-02,
         9.6810e-02, -1.3314e-01, -1.2310e-01,  7.9224e-02,  7.6301e-02,
         1.1630e-01, -1.0676e-01, -1.0351e-01,  7.2547e-02,  1.2298e-01,
         8.4618e-02,  2.2154e-02,  4.6609e-02,  1.3423e-01, -9.1246e-02,
        -6.4207e-02,  9.8920e-02, -9.6766e-02, -7.7982e-02,  1.0324e-01,
         4.4622e-02,  4.5689e-02, -5.9940e-02, -1.9517e-03,  1.2943e-01,
        -8.4884e-02,  1.1119e-03,  6.7260e-02, -9.7631e-02,  1.3735e-01,
        -7.0656e-02, -3.3960e-02, -3.8264e-02, -9.2158e-02, -1.3877e-01,
         7.9741e-02,  3.7572e-02, -1.3246e-01, -9.1023e-02,  1.3978e-01,
         5.4056e-02,  5.6745e-02, -8.4612e-02, -6.1999e-02, -2.1348e-02,
        -2.5863e-02, -9.6909e-02,  1.1651e-02,  1.4056e-02, -1.7907e-02,
         1.9606e-02, -5.6052e-02,  3.6805e-02,  5.3336e-02, -7.4492e-02,
        -1.4023e-01,  7.4025e-02,  3.3734e-02, -7.1925e-02,  1.3629e-01,
        -6.3958e-02,  9.5565e-02,  7.1747e-02, -1.1857e-01,  9.1208e-02,
        -1.3003e-01, -7.8350e-02, -2.3577e-02, -9.5325e-02,  1.3816e-01,
        -2.8366e-02,  5.6171e-02, -1.2628e-01,  8.1412e-02, -4.3951e-02,
        -1.0758e-01,  2.0679e-02,  6.8513e-02,  1.2239e-01, -8.6379e-02,
        -6.9594e-02,  2.7190e-02,  3.8362e-02,  5.4373e-02,  7.7623e-02,
        -3.2068e-02,  7.8569e-02,  1.0427e-01, -3.6942e-02,  1.0062e-01,
         6.9096e-02,  1.2474e-01, -8.0366e-02, -6.9835e-02, -4.0890e-02,
         7.1738e-03,  8.4881e-02, -8.0732e-02,  7.0803e-02, -5.0683e-02,
         8.5434e-02, -6.7143e-03, -1.2390e-01, -7.7817e-02, -1.0235e-01,
         7.0140e-02, -9.4830e-02, -1.1783e-02,  3.0512e-02, -7.7555e-02,
         4.0796e-02, -1.3809e-01, -1.0119e-01, -1.2815e-01, -4.2777e-02,
        -5.1519e-02,  2.0251e-02, -2.6151e-02,  6.6480e-02,  1.2965e-01,
         5.0741e-02, -5.5715e-02, -1.3242e-01,  5.1223e-02, -7.0068e-02,
         7.1966e-02,  9.4538e-02,  5.4549e-02,  1.3270e-01,  1.3432e-01,
         2.9945e-02, -1.0304e-01,  1.2635e-01, -6.7104e-02, -6.6801e-02,
         1.1834e-01,  1.0957e-01,  4.2731e-02,  8.8648e-03, -1.1896e-01,
        -1.4680e-02,  1.3564e-01,  3.6014e-02,  1.2108e-02, -2.9366e-02,
        -4.9325e-02,  8.4290e-02,  8.7212e-03,  9.2005e-02, -2.5031e-02,
         6.1788e-02,  5.8374e-02,  2.2552e-02,  8.8865e-02,  8.8621e-02,
         1.3109e-01,  1.0872e-01, -3.6161e-02, -1.1973e-01,  2.5854e-02,
        -1.2344e-03, -3.6886e-02, -2.3682e-02,  6.6514e-03,  1.0319e-01,
         4.4087e-02, -5.0218e-02, -5.8156e-02, -3.5020e-02, -5.4660e-02,
         1.2717e-01,  7.4903e-02,  1.2770e-01,  4.5165e-04,  2.8521e-02,
         4.9040e-02, -1.3386e-01,  1.2628e-02, -9.4597e-03, -7.9288e-02,
        -1.0974e-01,  1.2520e-01,  1.1498e-01,  6.5544e-02,  1.3495e-01,
        -5.7390e-02, -2.4427e-02,  5.3545e-02, -2.3367e-02, -2.7752e-02,
        -1.1689e-01,  3.7994e-02, -8.5465e-02,  5.1430e-03,  1.3788e-01,
        -4.3532e-02, -4.4575e-02,  8.5321e-02, -5.1994e-02, -1.2145e-02,
         1.3205e-01, -5.7979e-02, -1.0117e-01, -7.9146e-02, -3.9208e-02,
        -6.7104e-02, -7.3388e-02,  5.7126e-02,  2.4033e-02, -4.5264e-02,
        -1.0987e-01, -4.4528e-02, -5.9685e-02, -4.6021e-02, -1.2758e-01,
         3.0466e-02, -1.0391e-01, -1.1014e-01, -1.1555e-01,  5.9027e-02,
        -8.5139e-02, -5.8372e-02,  1.1085e-01,  7.5090e-02,  8.1090e-02,
        -1.3428e-01, -1.0141e-01, -5.3388e-02,  1.1683e-01,  1.4467e-02,
        -1.0577e-01,  8.8556e-04, -1.0984e-01, -3.0985e-02, -3.8887e-02,
         1.2242e-01,  4.3803e-02, -2.4660e-02,  2.3890e-02, -4.0823e-02,
         5.5565e-02,  5.5941e-02,  3.7978e-02, -5.5123e-02,  1.2065e-01,
        -2.0417e-02, -5.5058e-02,  8.8574e-02,  1.1527e-01,  1.4074e-01,
         4.1897e-02, -4.8210e-02,  7.1827e-02,  1.2133e-01, -1.3871e-01,
        -1.7520e-02, -9.6444e-02,  2.6355e-02,  5.8490e-02, -2.9216e-02,
        -1.1831e-02,  6.3655e-02, -2.3769e-02, -1.1876e-01,  1.1316e-01,
        -7.1179e-02, -1.5536e-02,  1.3340e-02, -8.4990e-03, -1.3303e-01,
         6.4884e-02, -6.4238e-02, -7.3350e-02,  3.3788e-02, -7.3802e-02,
        -6.5359e-02, -4.7652e-02, -5.3129e-02, -5.9063e-02, -3.8139e-02,
         3.6752e-02, -1.1444e-01, -8.5600e-02,  2.0635e-03,  1.9667e-02,
         7.8106e-02, -9.9341e-02,  4.5141e-02,  8.0382e-02,  7.8526e-02,
        -1.3172e-01, -5.3967e-02, -1.2156e-01, -8.9493e-02,  7.8769e-02,
        -2.1117e-02,  6.0063e-02, -8.3015e-02,  2.1490e-02, -8.5540e-02,
         7.0695e-02, -6.1855e-02, -3.5463e-02, -1.2270e-01,  4.6719e-04,
         1.3428e-01,  6.8643e-02, -7.5454e-02,  1.9019e-03, -1.5507e-02,
        -1.1385e-01,  1.1089e-01,  2.2798e-03,  2.9783e-02, -5.7110e-02,
        -6.6174e-02,  2.3319e-02,  5.2285e-02,  3.1721e-02, -6.8157e-02,
         1.3731e-01, -2.0818e-02, -8.6609e-02, -6.6145e-02,  1.3922e-01,
         6.8109e-06, -1.9197e-02, -5.8854e-02, -3.7073e-02, -1.1911e-01,
        -1.1239e-01,  8.2772e-02,  1.2098e-01,  1.3496e-01, -1.0210e-01,
         7.6490e-02, -8.7535e-02,  8.4366e-02,  1.0204e-01,  1.0944e-01,
         1.0183e-01,  8.8469e-02,  2.7526e-03,  6.4981e-02, -5.0596e-02,
         6.1580e-02, -4.5453e-02, -2.3747e-03, -1.2309e-01, -3.6978e-02,
        -7.4370e-02, -4.7704e-02, -9.0310e-02, -1.2720e-01,  9.2089e-03,
         9.1780e-02,  1.2880e-01,  8.2527e-02, -7.3304e-02, -1.3987e-01,
         5.3643e-02,  7.9240e-02, -1.2141e-01,  5.0712e-02,  1.1957e-01,
         8.5668e-03, -8.5201e-02,  1.1595e-01,  6.0389e-02,  9.3649e-02],
       device='cuda:1')
rank: local_param 0 tensor([-0.1264,  0.0707, -0.1273, -0.0172,  0.0084,  0.1005, -0.0512,  0.0407,
         0.0219,  0.0832,  0.0084,  0.0530, -0.0854, -0.0983,  0.1260, -0.1030,
        -0.0241, -0.0171,  0.1383, -0.0306, -0.1077, -0.0359,  0.0729,  0.0560,
         0.1170, -0.0290,  0.0666, -0.1331,  0.0547,  0.0650,  0.0912, -0.0811,
        -0.0378,  0.0342, -0.1005, -0.1125, -0.1361,  0.0079,  0.0878,  0.0363,
         0.0086,  0.0493, -0.0889,  0.0149, -0.0351, -0.0700,  0.1220, -0.1094,
         0.0207, -0.1243, -0.0048, -0.0628,  0.0465, -0.0794,  0.0905, -0.1148,
         0.0849, -0.1062,  0.0757, -0.0595, -0.0003, -0.0258,  0.0918,  0.0463,
        -0.1246,  0.0130, -0.0976,  0.1057,  0.0232, -0.0364, -0.0721,  0.0490,
        -0.0847,  0.0671,  0.0772,  0.0868,  0.0369, -0.1238,  0.1017, -0.0439,
        -0.0418, -0.0152,  0.1034,  0.1087,  0.0218,  0.0675, -0.1318,  0.0003,
        -0.1251,  0.0481, -0.1008, -0.0504,  0.0989,  0.1352, -0.0849, -0.0785,
         0.0175,  0.0556, -0.0230, -0.0442, -0.0929,  0.0604,  0.1386, -0.0685,
         0.0667,  0.0691,  0.1137, -0.0161,  0.0045,  0.1039,  0.0894,  0.1397,
        -0.0405,  0.0560,  0.0988, -0.0960,  0.0281, -0.0316,  0.0909, -0.0635,
         0.0099,  0.0846, -0.1296, -0.1194, -0.0724], device='cuda:0',
       requires_grad=True)
rank: flatten_data 0 tensor([-0.1264,  0.0707, -0.1273, -0.0172,  0.0084,  0.1005, -0.0512,  0.0407,
         0.0219,  0.0832,  0.0084,  0.0530, -0.0854, -0.0983,  0.1260, -0.1030,
        -0.0241, -0.0171,  0.1383, -0.0306, -0.1077, -0.0359,  0.0729,  0.0560,
         0.1170, -0.0290,  0.0666, -0.1331,  0.0547,  0.0650,  0.0912, -0.0811,
        -0.0378,  0.0342, -0.1005, -0.1125, -0.1361,  0.0079,  0.0878,  0.0363,
         0.0086,  0.0493, -0.0889,  0.0149, -0.0351, -0.0700,  0.1220, -0.1094,
         0.0207, -0.1243, -0.0048, -0.0628,  0.0465, -0.0794,  0.0905, -0.1148,
         0.0849, -0.1062,  0.0757, -0.0595, -0.0003, -0.0258,  0.0918,  0.0463,
        -0.1246,  0.0130, -0.0976,  0.1057,  0.0232, -0.0364, -0.0721,  0.0490,
        -0.0847,  0.0671,  0.0772,  0.0868,  0.0369, -0.1238,  0.1017, -0.0439,
        -0.0418, -0.0152,  0.1034,  0.1087,  0.0218,  0.0675, -0.1318,  0.0003,
        -0.1251,  0.0481, -0.1008, -0.0504,  0.0989,  0.1352, -0.0849, -0.0785,
         0.0175,  0.0556, -0.0230, -0.0442, -0.0929,  0.0604,  0.1386, -0.0685,
         0.0667,  0.0691,  0.1137, -0.0161,  0.0045,  0.1039,  0.0894,  0.1397,
        -0.0405,  0.0560,  0.0988, -0.0960,  0.0281, -0.0316,  0.0909, -0.0635,
         0.0099,  0.0846, -0.1296, -0.1194, -0.0724,  0.0907,  0.0948, -0.0966,
         0.0270, -0.0749, -0.0656,  0.1220,  0.0683, -0.0387,  0.0208,  0.0274,
         0.0331, -0.0484, -0.0833,  0.0936,  0.0190,  0.0592, -0.0536,  0.0685,
         0.1029,  0.0860,  0.0385,  0.1391, -0.0003,  0.0301,  0.1344,  0.1374,
        -0.0597,  0.1274,  0.0522, -0.0158,  0.1235, -0.0733,  0.0919,  0.1401,
        -0.0975, -0.0835, -0.1401, -0.0255, -0.1284, -0.0474,  0.0429,  0.1000,
         0.0788,  0.0785,  0.0587, -0.0877, -0.1123,  0.0059,  0.1343,  0.0080,
        -0.0122, -0.0960, -0.0701, -0.1090,  0.1132, -0.0230, -0.1249,  0.0152,
         0.0103, -0.0175,  0.0506,  0.0761, -0.1330, -0.1083, -0.0068, -0.1311,
        -0.1285,  0.1249, -0.0108, -0.0699, -0.0485, -0.1104,  0.1104, -0.0307,
        -0.0795, -0.1073,  0.0827, -0.0195, -0.0149, -0.0369, -0.0683,  0.0252,
         0.1088, -0.0820,  0.0068, -0.1076, -0.0663,  0.1241,  0.0015,  0.1362,
        -0.0248, -0.0771, -0.0845,  0.1253, -0.1088,  0.0742,  0.0352,  0.0417,
         0.0798, -0.0370,  0.0875, -0.1127, -0.0498,  0.1035,  0.0420, -0.0188,
        -0.0330, -0.0864,  0.0860, -0.0045, -0.0048,  0.0334,  0.1044, -0.0722,
        -0.0487,  0.0958,  0.0799, -0.0696, -0.1399,  0.0262,  0.0744,  0.0338,
         0.1003, -0.1122], device='cuda:0')
rank: local_param 0 tensor([ 0.2418,  0.2625, -0.0741,  0.2905, -0.0693,  0.0638, -0.1540,  0.1857,
         0.2788, -0.2320,  0.2749,  0.0592,  0.2336,  0.0428,  0.1525, -0.0446,
         0.2438,  0.0467, -0.1476,  0.0806, -0.1457, -0.0371, -0.1284,  0.2098,
        -0.2496, -0.1458, -0.0893, -0.1901,  0.0298, -0.3123,  0.2856, -0.2686,
         0.2441,  0.0526, -0.1027,  0.1954,  0.0493,  0.2555,  0.0346, -0.0997,
         0.0850, -0.0858,  0.1331,  0.2823,  0.1828, -0.1382,  0.1825,  0.0566,
         0.1606, -0.1927], device='cuda:0', requires_grad=True)
rank: flatten_data 0 tensor([ 0.2418,  0.2625, -0.0741,  0.2905, -0.0693,  0.0638, -0.1540,  0.1857,
         0.2788, -0.2320,  0.2749,  0.0592,  0.2336,  0.0428,  0.1525, -0.0446,
         0.2438,  0.0467, -0.1476,  0.0806, -0.1457, -0.0371, -0.1284,  0.2098,
        -0.2496, -0.1458, -0.0893, -0.1901,  0.0298, -0.3123,  0.2856, -0.2686,
         0.2441,  0.0526, -0.1027,  0.1954,  0.0493,  0.2555,  0.0346, -0.0997,
         0.0850, -0.0858,  0.1331,  0.2823,  0.1828, -0.1382,  0.1825,  0.0566,
         0.1606, -0.1927, -0.3130, -0.1222, -0.2426,  0.2595,  0.0911,  0.1310,
         0.1000, -0.0055,  0.2475, -0.2247,  0.0199, -0.2158,  0.0975, -0.1089,
         0.0969, -0.0659,  0.2623, -0.1874, -0.1886, -0.1886,  0.2844,  0.1054,
         0.3043, -0.2610, -0.3137, -0.2474, -0.2127,  0.1281,  0.1132,  0.2628,
        -0.1633, -0.2156,  0.1678, -0.1278,  0.1919, -0.0750,  0.1809, -0.2457,
        -0.1596,  0.0964,  0.0669, -0.0806,  0.1885,  0.2150, -0.2293, -0.1688,
         0.2896, -0.1067, -0.1121, -0.3060], device='cuda:0')
rank: local_param 0 tensor([-0.1811,  0.0790, -0.0417, -0.2295,  0.0074, -0.2160, -0.2683, -0.1741,
        -0.2768, -0.2014,  0.3161,  0.0597,  0.0974, -0.2949, -0.2077, -0.1053,
         0.0494, -0.2783, -0.1363, -0.1893,  0.0009, -0.1177, -0.0219, -0.2143,
        -0.2171, -0.1845, -0.1082, -0.2496,  0.2651, -0.0628,  0.2721,  0.0985,
        -0.2678,  0.2188, -0.0870, -0.1212, -0.2625, -0.3144,  0.0905, -0.0691,
         0.1231, -0.2595,  0.2348, -0.2321, -0.0546,  0.0661,  0.1633,  0.2553,
         0.2881, -0.2507,  0.0796, -0.1360, -0.0347, -0.2367,  0.2880, -0.2321,
         0.1690,  0.1111,  0.1028, -0.1710,  0.2874,  0.0695,  0.0407, -0.2787,
         0.1327, -0.0474, -0.1449,  0.2716,  0.0705, -0.1750, -0.1601, -0.0151,
         0.1766, -0.0808, -0.1804, -0.1083, -0.2362,  0.1128,  0.2448, -0.2977,
         0.0734,  0.1634,  0.0573, -0.1126,  0.1651,  0.1662,  0.1182, -0.0556,
        -0.0837,  0.0338, -0.0559, -0.0942,  0.2021,  0.2718, -0.0313, -0.0708,
         0.0046, -0.0189,  0.0760,  0.0886, -0.2872, -0.1167,  0.2663,  0.1232,
        -0.0157, -0.1907, -0.1935, -0.2833, -0.1031,  0.1068,  0.2016,  0.1460,
        -0.2795, -0.1902, -0.0499,  0.3059,  0.0457, -0.0819,  0.1308, -0.1204,
        -0.2047,  0.2308, -0.1438, -0.0634, -0.3146,  0.2116,  0.2396,  0.1152,
        -0.2205, -0.3121, -0.2568,  0.2358,  0.1518,  0.2661,  0.1657,  0.0800,
        -0.0031, -0.2405, -0.2709, -0.2958,  0.1295, -0.1553, -0.0636, -0.1820,
        -0.0576, -0.2226, -0.2066,  0.1049, -0.0940,  0.1952, -0.1014, -0.2320,
        -0.0558, -0.1533, -0.0967, -0.3010,  0.1769, -0.2202,  0.1589,  0.1435,
         0.2259, -0.2426,  0.2274, -0.1495,  0.1173,  0.2970, -0.0446, -0.0024,
        -0.0728, -0.2640,  0.1518, -0.3139,  0.1963,  0.2366,  0.2991, -0.0746,
        -0.2598,  0.0711,  0.1747, -0.3147, -0.0718, -0.1896, -0.0277, -0.1557,
        -0.1293, -0.1004, -0.3005,  0.2595,  0.2651, -0.0496, -0.0360, -0.1291,
        -0.2856, -0.3077,  0.1175, -0.1736, -0.2033, -0.0247, -0.1053, -0.1023,
         0.0102, -0.0671, -0.1089, -0.1514, -0.2574,  0.2652, -0.1266,  0.0838,
        -0.1097,  0.0257,  0.2948,  0.1457, -0.2740,  0.1255,  0.3002,  0.0832,
         0.2120,  0.3118, -0.0485,  0.0656, -0.2198, -0.0652,  0.2342,  0.1621,
        -0.2001, -0.2536, -0.2161, -0.3121, -0.2440, -0.0782,  0.2134,  0.0529,
        -0.2405, -0.2537,  0.1573, -0.2352, -0.0389,  0.1517, -0.1464, -0.0345,
        -0.0275, -0.0748, -0.1603, -0.2819, -0.2556, -0.1693,  0.3054, -0.1527,
        -0.2124,  0.0767], device='cuda:0', requires_grad=True)
rank: flatten_data 0 tensor([-0.1811,  0.0790, -0.0417, -0.2295,  0.0074, -0.2160, -0.2683, -0.1741,
        -0.2768, -0.2014,  0.3161,  0.0597,  0.0974, -0.2949, -0.2077, -0.1053,
         0.0494, -0.2783, -0.1363, -0.1893,  0.0009, -0.1177, -0.0219, -0.2143,
        -0.2171, -0.1845, -0.1082, -0.2496,  0.2651, -0.0628,  0.2721,  0.0985,
        -0.2678,  0.2188, -0.0870, -0.1212, -0.2625, -0.3144,  0.0905, -0.0691,
         0.1231, -0.2595,  0.2348, -0.2321, -0.0546,  0.0661,  0.1633,  0.2553,
         0.2881, -0.2507,  0.0796, -0.1360, -0.0347, -0.2367,  0.2880, -0.2321,
         0.1690,  0.1111,  0.1028, -0.1710,  0.2874,  0.0695,  0.0407, -0.2787,
         0.1327, -0.0474, -0.1449,  0.2716,  0.0705, -0.1750, -0.1601, -0.0151,
         0.1766, -0.0808, -0.1804, -0.1083, -0.2362,  0.1128,  0.2448, -0.2977,
         0.0734,  0.1634,  0.0573, -0.1126,  0.1651,  0.1662,  0.1182, -0.0556,
        -0.0837,  0.0338, -0.0559, -0.0942,  0.2021,  0.2718, -0.0313, -0.0708,
         0.0046, -0.0189,  0.0760,  0.0886, -0.2872, -0.1167,  0.2663,  0.1232,
        -0.0157, -0.1907, -0.1935, -0.2833, -0.1031,  0.1068,  0.2016,  0.1460,
        -0.2795, -0.1902, -0.0499,  0.3059,  0.0457, -0.0819,  0.1308, -0.1204,
        -0.2047,  0.2308, -0.1438, -0.0634, -0.3146,  0.2116,  0.2396,  0.1152,
        -0.2205, -0.3121, -0.2568,  0.2358,  0.1518,  0.2661,  0.1657,  0.0800,
        -0.0031, -0.2405, -0.2709, -0.2958,  0.1295, -0.1553, -0.0636, -0.1820,
        -0.0576, -0.2226, -0.2066,  0.1049, -0.0940,  0.1952, -0.1014, -0.2320,
        -0.0558, -0.1533, -0.0967, -0.3010,  0.1769, -0.2202,  0.1589,  0.1435,
         0.2259, -0.2426,  0.2274, -0.1495,  0.1173,  0.2970, -0.0446, -0.0024,
        -0.0728, -0.2640,  0.1518, -0.3139,  0.1963,  0.2366,  0.2991, -0.0746,
        -0.2598,  0.0711,  0.1747, -0.3147, -0.0718, -0.1896, -0.0277, -0.1557,
        -0.1293, -0.1004, -0.3005,  0.2595,  0.2651, -0.0496, -0.0360, -0.1291,
        -0.2856, -0.3077,  0.1175, -0.1736, -0.2033, -0.0247, -0.1053, -0.1023,
         0.0102, -0.0671, -0.1089, -0.1514, -0.2574,  0.2652, -0.1266,  0.0838,
        -0.1097,  0.0257,  0.2948,  0.1457, -0.2740,  0.1255,  0.3002,  0.0832,
         0.2120,  0.3118, -0.0485,  0.0656, -0.2198, -0.0652,  0.2342,  0.1621,
        -0.2001, -0.2536, -0.2161, -0.3121, -0.2440, -0.0782,  0.2134,  0.0529,
        -0.2405, -0.2537,  0.1573, -0.2352, -0.0389,  0.1517, -0.1464, -0.0345,
        -0.0275, -0.0748, -0.1603, -0.2819, -0.2556, -0.1693,  0.3054, -0.1527,
        -0.2124,  0.0767,  0.0872,  0.1733,  0.2404,  0.1761, -0.3135,  0.0280,
         0.1916, -0.0292, -0.1863,  0.3015, -0.1183, -0.1800, -0.2851,  0.0141,
         0.1401,  0.0700,  0.0625, -0.2398, -0.2953,  0.0056,  0.2883,  0.1824,
        -0.1841, -0.0410, -0.2331, -0.1526,  0.0573,  0.1722,  0.2620, -0.2903,
         0.2114, -0.2230,  0.1184,  0.2676,  0.0044,  0.2877, -0.2694, -0.1208,
         0.1844, -0.0689, -0.0647, -0.1318,  0.2180,  0.1551,  0.1013, -0.1777,
        -0.2567,  0.0342,  0.0937, -0.1460, -0.0885,  0.2136,  0.0252,  0.0143,
        -0.0778, -0.2864, -0.2973, -0.1512, -0.1607,  0.0985, -0.0921, -0.1237,
         0.3015,  0.1101,  0.2254, -0.1531, -0.1292,  0.1162, -0.2107, -0.2067,
        -0.0153, -0.1157, -0.2371,  0.1876,  0.2543,  0.0513, -0.0551, -0.2929,
        -0.1152,  0.0805,  0.1491, -0.0400, -0.1250,  0.1762, -0.2518,  0.1999,
        -0.1227,  0.0048, -0.0625,  0.0383, -0.0956,  0.2299, -0.0082,  0.2468,
         0.3040, -0.1541, -0.2307,  0.2537,  0.2478, -0.2415, -0.0244, -0.3118,
        -0.2589,  0.0611,  0.0841,  0.0670, -0.0861,  0.2917,  0.0452, -0.1866,
        -0.0179,  0.0759,  0.1107, -0.2236,  0.1185, -0.1616, -0.2628, -0.1727,
         0.3050,  0.2703,  0.2832,  0.1856,  0.2389, -0.0423, -0.1740,  0.1580,
        -0.1639, -0.2134, -0.1010,  0.0664,  0.1628, -0.1228, -0.1861,  0.0427,
        -0.1864, -0.2059,  0.1648, -0.0531,  0.2890,  0.3076,  0.0946,  0.1088,
         0.0728,  0.0050, -0.0230,  0.0043,  0.1181,  0.2940, -0.0820, -0.1337,
        -0.0766, -0.1528,  0.0538,  0.2360,  0.2473,  0.1452, -0.2327, -0.1697,
        -0.0695, -0.0583,  0.0260, -0.2903,  0.0984, -0.2412, -0.2001, -0.2629,
         0.2755, -0.2994,  0.2386, -0.0106, -0.0368,  0.1978, -0.0292,  0.1983,
         0.2286, -0.2746,  0.1217,  0.0597,  0.0680,  0.0462,  0.0865, -0.1521,
        -0.0405,  0.3005,  0.2125, -0.0119, -0.2974,  0.0139, -0.2153,  0.2572,
        -0.1920, -0.0228, -0.0702,  0.0563,  0.2976,  0.0300,  0.1831,  0.2455,
         0.2553, -0.1092, -0.0707,  0.1524, -0.0863,  0.1481, -0.0691, -0.2145,
         0.1287,  0.0485,  0.1410,  0.3142,  0.2159,  0.2998,  0.0169, -0.2720,
        -0.2218, -0.1964, -0.2787, -0.1585, -0.2911, -0.2918, -0.1890, -0.3117,
        -0.1941,  0.1206,  0.2638, -0.0941, -0.0920,  0.1689, -0.1560, -0.1495,
         0.1948, -0.2755,  0.0387,  0.2793,  0.0542,  0.0860, -0.1842, -0.0044,
         0.0174,  0.0776,  0.1229,  0.2748, -0.2414,  0.0095, -0.1580, -0.2502,
        -0.0253, -0.2784,  0.2207,  0.0366], device='cuda:0')
rank: local_param 1 tensor([ 0.0907,  0.0948, -0.0966,  0.0270, -0.0749, -0.0656,  0.1220,  0.0683,
        -0.0387,  0.0208,  0.0274,  0.0331, -0.0484, -0.0833,  0.0936,  0.0190,
         0.0592, -0.0536,  0.0685,  0.1029,  0.0860,  0.0385,  0.1391, -0.0003,
         0.0301,  0.1344,  0.1374, -0.0597,  0.1274,  0.0522, -0.0158,  0.1235,
        -0.0733,  0.0919,  0.1401, -0.0975, -0.0835, -0.1401, -0.0255, -0.1284,
        -0.0474,  0.0429,  0.1000,  0.0788,  0.0785,  0.0587, -0.0877, -0.1123,
         0.0059,  0.1343,  0.0080, -0.0122, -0.0960, -0.0701, -0.1090,  0.1132,
        -0.0230, -0.1249,  0.0152,  0.0103, -0.0175,  0.0506,  0.0761, -0.1330,
        -0.1083, -0.0068, -0.1311, -0.1285,  0.1249, -0.0108, -0.0699, -0.0485,
        -0.1104,  0.1104, -0.0307, -0.0795, -0.1073,  0.0827, -0.0195, -0.0149,
        -0.0369, -0.0683,  0.0252,  0.1088, -0.0820,  0.0068, -0.1076, -0.0663,
         0.1241,  0.0015,  0.1362, -0.0248, -0.0771, -0.0845,  0.1253, -0.1088,
         0.0742,  0.0352,  0.0417,  0.0798, -0.0370,  0.0875, -0.1127, -0.0498,
         0.1035,  0.0420, -0.0188, -0.0330, -0.0864,  0.0860, -0.0045, -0.0048,
         0.0334,  0.1044, -0.0722, -0.0487,  0.0958,  0.0799, -0.0696, -0.1399,
         0.0262,  0.0744,  0.0338,  0.1003, -0.1122], device='cuda:1',
       requires_grad=True)
rank: flatten_data 1 tensor([-0.1264,  0.0707, -0.1273, -0.0172,  0.0084,  0.1005, -0.0512,  0.0407,
         0.0219,  0.0832,  0.0084,  0.0530, -0.0854, -0.0983,  0.1260, -0.1030,
        -0.0241, -0.0171,  0.1383, -0.0306, -0.1077, -0.0359,  0.0729,  0.0560,
         0.1170, -0.0290,  0.0666, -0.1331,  0.0547,  0.0650,  0.0912, -0.0811,
        -0.0378,  0.0342, -0.1005, -0.1125, -0.1361,  0.0079,  0.0878,  0.0363,
         0.0086,  0.0493, -0.0889,  0.0149, -0.0351, -0.0700,  0.1220, -0.1094,
         0.0207, -0.1243, -0.0048, -0.0628,  0.0465, -0.0794,  0.0905, -0.1148,
         0.0849, -0.1062,  0.0757, -0.0595, -0.0003, -0.0258,  0.0918,  0.0463,
        -0.1246,  0.0130, -0.0976,  0.1057,  0.0232, -0.0364, -0.0721,  0.0490,
        -0.0847,  0.0671,  0.0772,  0.0868,  0.0369, -0.1238,  0.1017, -0.0439,
        -0.0418, -0.0152,  0.1034,  0.1087,  0.0218,  0.0675, -0.1318,  0.0003,
        -0.1251,  0.0481, -0.1008, -0.0504,  0.0989,  0.1352, -0.0849, -0.0785,
         0.0175,  0.0556, -0.0230, -0.0442, -0.0929,  0.0604,  0.1386, -0.0685,
         0.0667,  0.0691,  0.1137, -0.0161,  0.0045,  0.1039,  0.0894,  0.1397,
        -0.0405,  0.0560,  0.0988, -0.0960,  0.0281, -0.0316,  0.0909, -0.0635,
         0.0099,  0.0846, -0.1296, -0.1194, -0.0724,  0.0907,  0.0948, -0.0966,
         0.0270, -0.0749, -0.0656,  0.1220,  0.0683, -0.0387,  0.0208,  0.0274,
         0.0331, -0.0484, -0.0833,  0.0936,  0.0190,  0.0592, -0.0536,  0.0685,
         0.1029,  0.0860,  0.0385,  0.1391, -0.0003,  0.0301,  0.1344,  0.1374,
        -0.0597,  0.1274,  0.0522, -0.0158,  0.1235, -0.0733,  0.0919,  0.1401,
        -0.0975, -0.0835, -0.1401, -0.0255, -0.1284, -0.0474,  0.0429,  0.1000,
         0.0788,  0.0785,  0.0587, -0.0877, -0.1123,  0.0059,  0.1343,  0.0080,
        -0.0122, -0.0960, -0.0701, -0.1090,  0.1132, -0.0230, -0.1249,  0.0152,
         0.0103, -0.0175,  0.0506,  0.0761, -0.1330, -0.1083, -0.0068, -0.1311,
        -0.1285,  0.1249, -0.0108, -0.0699, -0.0485, -0.1104,  0.1104, -0.0307,
        -0.0795, -0.1073,  0.0827, -0.0195, -0.0149, -0.0369, -0.0683,  0.0252,
         0.1088, -0.0820,  0.0068, -0.1076, -0.0663,  0.1241,  0.0015,  0.1362,
        -0.0248, -0.0771, -0.0845,  0.1253, -0.1088,  0.0742,  0.0352,  0.0417,
         0.0798, -0.0370,  0.0875, -0.1127, -0.0498,  0.1035,  0.0420, -0.0188,
        -0.0330, -0.0864,  0.0860, -0.0045, -0.0048,  0.0334,  0.1044, -0.0722,
        -0.0487,  0.0958,  0.0799, -0.0696, -0.1399,  0.0262,  0.0744,  0.0338,
         0.1003, -0.1122], device='cuda:1')
rank: local_param 1 tensor([-0.3130, -0.1222, -0.2426,  0.2595,  0.0911,  0.1310,  0.1000, -0.0055,
         0.2475, -0.2247,  0.0199, -0.2158,  0.0975, -0.1089,  0.0969, -0.0659,
         0.2623, -0.1874, -0.1886, -0.1886,  0.2844,  0.1054,  0.3043, -0.2610,
        -0.3137, -0.2474, -0.2127,  0.1281,  0.1132,  0.2628, -0.1633, -0.2156,
         0.1678, -0.1278,  0.1919, -0.0750,  0.1809, -0.2457, -0.1596,  0.0964,
         0.0669, -0.0806,  0.1885,  0.2150, -0.2293, -0.1688,  0.2896, -0.1067,
        -0.1121, -0.3060], device='cuda:1', requires_grad=True)
rank: flatten_data 1 tensor([ 0.2418,  0.2625, -0.0741,  0.2905, -0.0693,  0.0638, -0.1540,  0.1857,
         0.2788, -0.2320,  0.2749,  0.0592,  0.2336,  0.0428,  0.1525, -0.0446,
         0.2438,  0.0467, -0.1476,  0.0806, -0.1457, -0.0371, -0.1284,  0.2098,
        -0.2496, -0.1458, -0.0893, -0.1901,  0.0298, -0.3123,  0.2856, -0.2686,
         0.2441,  0.0526, -0.1027,  0.1954,  0.0493,  0.2555,  0.0346, -0.0997,
         0.0850, -0.0858,  0.1331,  0.2823,  0.1828, -0.1382,  0.1825,  0.0566,
         0.1606, -0.1927, -0.3130, -0.1222, -0.2426,  0.2595,  0.0911,  0.1310,
         0.1000, -0.0055,  0.2475, -0.2247,  0.0199, -0.2158,  0.0975, -0.1089,
         0.0969, -0.0659,  0.2623, -0.1874, -0.1886, -0.1886,  0.2844,  0.1054,
         0.3043, -0.2610, -0.3137, -0.2474, -0.2127,  0.1281,  0.1132,  0.2628,
        -0.1633, -0.2156,  0.1678, -0.1278,  0.1919, -0.0750,  0.1809, -0.2457,
        -0.1596,  0.0964,  0.0669, -0.0806,  0.1885,  0.2150, -0.2293, -0.1688,
         0.2896, -0.1067, -0.1121, -0.3060], device='cuda:1')
rank: local_param 1 tensor([ 0.0872,  0.1733,  0.2404,  0.1761, -0.3135,  0.0280,  0.1916, -0.0292,
        -0.1863,  0.3015, -0.1183, -0.1800, -0.2851,  0.0141,  0.1401,  0.0700,
         0.0625, -0.2398, -0.2953,  0.0056,  0.2883,  0.1824, -0.1841, -0.0410,
        -0.2331, -0.1526,  0.0573,  0.1722,  0.2620, -0.2903,  0.2114, -0.2230,
         0.1184,  0.2676,  0.0044,  0.2877, -0.2694, -0.1208,  0.1844, -0.0689,
        -0.0647, -0.1318,  0.2180,  0.1551,  0.1013, -0.1777, -0.2567,  0.0342,
         0.0937, -0.1460, -0.0885,  0.2136,  0.0252,  0.0143, -0.0778, -0.2864,
        -0.2973, -0.1512, -0.1607,  0.0985, -0.0921, -0.1237,  0.3015,  0.1101,
         0.2254, -0.1531, -0.1292,  0.1162, -0.2107, -0.2067, -0.0153, -0.1157,
        -0.2371,  0.1876,  0.2543,  0.0513, -0.0551, -0.2929, -0.1152,  0.0805,
         0.1491, -0.0400, -0.1250,  0.1762, -0.2518,  0.1999, -0.1227,  0.0048,
        -0.0625,  0.0383, -0.0956,  0.2299, -0.0082,  0.2468,  0.3040, -0.1541,
        -0.2307,  0.2537,  0.2478, -0.2415, -0.0244, -0.3118, -0.2589,  0.0611,
         0.0841,  0.0670, -0.0861,  0.2917,  0.0452, -0.1866, -0.0179,  0.0759,
         0.1107, -0.2236,  0.1185, -0.1616, -0.2628, -0.1727,  0.3050,  0.2703,
         0.2832,  0.1856,  0.2389, -0.0423, -0.1740,  0.1580, -0.1639, -0.2134,
        -0.1010,  0.0664,  0.1628, -0.1228, -0.1861,  0.0427, -0.1864, -0.2059,
         0.1648, -0.0531,  0.2890,  0.3076,  0.0946,  0.1088,  0.0728,  0.0050,
        -0.0230,  0.0043,  0.1181,  0.2940, -0.0820, -0.1337, -0.0766, -0.1528,
         0.0538,  0.2360,  0.2473,  0.1452, -0.2327, -0.1697, -0.0695, -0.0583,
         0.0260, -0.2903,  0.0984, -0.2412, -0.2001, -0.2629,  0.2755, -0.2994,
         0.2386, -0.0106, -0.0368,  0.1978, -0.0292,  0.1983,  0.2286, -0.2746,
         0.1217,  0.0597,  0.0680,  0.0462,  0.0865, -0.1521, -0.0405,  0.3005,
         0.2125, -0.0119, -0.2974,  0.0139, -0.2153,  0.2572, -0.1920, -0.0228,
        -0.0702,  0.0563,  0.2976,  0.0300,  0.1831,  0.2455,  0.2553, -0.1092,
        -0.0707,  0.1524, -0.0863,  0.1481, -0.0691, -0.2145,  0.1287,  0.0485,
         0.1410,  0.3142,  0.2159,  0.2998,  0.0169, -0.2720, -0.2218, -0.1964,
        -0.2787, -0.1585, -0.2911, -0.2918, -0.1890, -0.3117, -0.1941,  0.1206,
         0.2638, -0.0941, -0.0920,  0.1689, -0.1560, -0.1495,  0.1948, -0.2755,
         0.0387,  0.2793,  0.0542,  0.0860, -0.1842, -0.0044,  0.0174,  0.0776,
         0.1229,  0.2748, -0.2414,  0.0095, -0.1580, -0.2502, -0.0253, -0.2784,
         0.2207,  0.0366], device='cuda:1', requires_grad=True)
rank: flatten_data 1 tensor([-0.1811,  0.0790, -0.0417, -0.2295,  0.0074, -0.2160, -0.2683, -0.1741,
        -0.2768, -0.2014,  0.3161,  0.0597,  0.0974, -0.2949, -0.2077, -0.1053,
         0.0494, -0.2783, -0.1363, -0.1893,  0.0009, -0.1177, -0.0219, -0.2143,
        -0.2171, -0.1845, -0.1082, -0.2496,  0.2651, -0.0628,  0.2721,  0.0985,
        -0.2678,  0.2188, -0.0870, -0.1212, -0.2625, -0.3144,  0.0905, -0.0691,
         0.1231, -0.2595,  0.2348, -0.2321, -0.0546,  0.0661,  0.1633,  0.2553,
         0.2881, -0.2507,  0.0796, -0.1360, -0.0347, -0.2367,  0.2880, -0.2321,
         0.1690,  0.1111,  0.1028, -0.1710,  0.2874,  0.0695,  0.0407, -0.2787,
         0.1327, -0.0474, -0.1449,  0.2716,  0.0705, -0.1750, -0.1601, -0.0151,
         0.1766, -0.0808, -0.1804, -0.1083, -0.2362,  0.1128,  0.2448, -0.2977,
         0.0734,  0.1634,  0.0573, -0.1126,  0.1651,  0.1662,  0.1182, -0.0556,
        -0.0837,  0.0338, -0.0559, -0.0942,  0.2021,  0.2718, -0.0313, -0.0708,
         0.0046, -0.0189,  0.0760,  0.0886, -0.2872, -0.1167,  0.2663,  0.1232,
        -0.0157, -0.1907, -0.1935, -0.2833, -0.1031,  0.1068,  0.2016,  0.1460,
        -0.2795, -0.1902, -0.0499,  0.3059,  0.0457, -0.0819,  0.1308, -0.1204,
        -0.2047,  0.2308, -0.1438, -0.0634, -0.3146,  0.2116,  0.2396,  0.1152,
        -0.2205, -0.3121, -0.2568,  0.2358,  0.1518,  0.2661,  0.1657,  0.0800,
        -0.0031, -0.2405, -0.2709, -0.2958,  0.1295, -0.1553, -0.0636, -0.1820,
        -0.0576, -0.2226, -0.2066,  0.1049, -0.0940,  0.1952, -0.1014, -0.2320,
        -0.0558, -0.1533, -0.0967, -0.3010,  0.1769, -0.2202,  0.1589,  0.1435,
         0.2259, -0.2426,  0.2274, -0.1495,  0.1173,  0.2970, -0.0446, -0.0024,
        -0.0728, -0.2640,  0.1518, -0.3139,  0.1963,  0.2366,  0.2991, -0.0746,
        -0.2598,  0.0711,  0.1747, -0.3147, -0.0718, -0.1896, -0.0277, -0.1557,
        -0.1293, -0.1004, -0.3005,  0.2595,  0.2651, -0.0496, -0.0360, -0.1291,
        -0.2856, -0.3077,  0.1175, -0.1736, -0.2033, -0.0247, -0.1053, -0.1023,
         0.0102, -0.0671, -0.1089, -0.1514, -0.2574,  0.2652, -0.1266,  0.0838,
        -0.1097,  0.0257,  0.2948,  0.1457, -0.2740,  0.1255,  0.3002,  0.0832,
         0.2120,  0.3118, -0.0485,  0.0656, -0.2198, -0.0652,  0.2342,  0.1621,
        -0.2001, -0.2536, -0.2161, -0.3121, -0.2440, -0.0782,  0.2134,  0.0529,
        -0.2405, -0.2537,  0.1573, -0.2352, -0.0389,  0.1517, -0.1464, -0.0345,
        -0.0275, -0.0748, -0.1603, -0.2819, -0.2556, -0.1693,  0.3054, -0.1527,
        -0.2124,  0.0767,  0.0872,  0.1733,  0.2404,  0.1761, -0.3135,  0.0280,
         0.1916, -0.0292, -0.1863,  0.3015, -0.1183, -0.1800, -0.2851,  0.0141,
         0.1401,  0.0700,  0.0625, -0.2398, -0.2953,  0.0056,  0.2883,  0.1824,
        -0.1841, -0.0410, -0.2331, -0.1526,  0.0573,  0.1722,  0.2620, -0.2903,
         0.2114, -0.2230,  0.1184,  0.2676,  0.0044,  0.2877, -0.2694, -0.1208,
         0.1844, -0.0689, -0.0647, -0.1318,  0.2180,  0.1551,  0.1013, -0.1777,
        -0.2567,  0.0342,  0.0937, -0.1460, -0.0885,  0.2136,  0.0252,  0.0143,
        -0.0778, -0.2864, -0.2973, -0.1512, -0.1607,  0.0985, -0.0921, -0.1237,
         0.3015,  0.1101,  0.2254, -0.1531, -0.1292,  0.1162, -0.2107, -0.2067,
        -0.0153, -0.1157, -0.2371,  0.1876,  0.2543,  0.0513, -0.0551, -0.2929,
        -0.1152,  0.0805,  0.1491, -0.0400, -0.1250,  0.1762, -0.2518,  0.1999,
        -0.1227,  0.0048, -0.0625,  0.0383, -0.0956,  0.2299, -0.0082,  0.2468,
         0.3040, -0.1541, -0.2307,  0.2537,  0.2478, -0.2415, -0.0244, -0.3118,
        -0.2589,  0.0611,  0.0841,  0.0670, -0.0861,  0.2917,  0.0452, -0.1866,
        -0.0179,  0.0759,  0.1107, -0.2236,  0.1185, -0.1616, -0.2628, -0.1727,
         0.3050,  0.2703,  0.2832,  0.1856,  0.2389, -0.0423, -0.1740,  0.1580,
        -0.1639, -0.2134, -0.1010,  0.0664,  0.1628, -0.1228, -0.1861,  0.0427,
        -0.1864, -0.2059,  0.1648, -0.0531,  0.2890,  0.3076,  0.0946,  0.1088,
         0.0728,  0.0050, -0.0230,  0.0043,  0.1181,  0.2940, -0.0820, -0.1337,
        -0.0766, -0.1528,  0.0538,  0.2360,  0.2473,  0.1452, -0.2327, -0.1697,
        -0.0695, -0.0583,  0.0260, -0.2903,  0.0984, -0.2412, -0.2001, -0.2629,
         0.2755, -0.2994,  0.2386, -0.0106, -0.0368,  0.1978, -0.0292,  0.1983,
         0.2286, -0.2746,  0.1217,  0.0597,  0.0680,  0.0462,  0.0865, -0.1521,
        -0.0405,  0.3005,  0.2125, -0.0119, -0.2974,  0.0139, -0.2153,  0.2572,
        -0.1920, -0.0228, -0.0702,  0.0563,  0.2976,  0.0300,  0.1831,  0.2455,
         0.2553, -0.1092, -0.0707,  0.1524, -0.0863,  0.1481, -0.0691, -0.2145,
         0.1287,  0.0485,  0.1410,  0.3142,  0.2159,  0.2998,  0.0169, -0.2720,
        -0.2218, -0.1964, -0.2787, -0.1585, -0.2911, -0.2918, -0.1890, -0.3117,
        -0.1941,  0.1206,  0.2638, -0.0941, -0.0920,  0.1689, -0.1560, -0.1495,
         0.1948, -0.2755,  0.0387,  0.2793,  0.0542,  0.0860, -0.1842, -0.0044,
         0.0174,  0.0776,  0.1229,  0.2748, -0.2414,  0.0095, -0.1580, -0.2502,
        -0.0253, -0.2784,  0.2207,  0.0366], device='cuda:1')
rank: local_param 1 tensor([ 5.0741e-02, -5.5715e-02, -1.3242e-01,  5.1223e-02, -7.0068e-02,
         7.1966e-02,  9.4538e-02,  5.4549e-02,  1.3270e-01,  1.3432e-01,
         2.9945e-02, -1.0304e-01,  1.2635e-01, -6.7104e-02, -6.6801e-02,
         1.1834e-01,  1.0957e-01,  4.2731e-02,  8.8648e-03, -1.1896e-01,
        -1.4680e-02,  1.3564e-01,  3.6014e-02,  1.2108e-02, -2.9366e-02,
        -4.9325e-02,  8.4290e-02,  8.7212e-03,  9.2005e-02, -2.5031e-02,
         6.1788e-02,  5.8374e-02,  2.2552e-02,  8.8865e-02,  8.8621e-02,
         1.3109e-01,  1.0872e-01, -3.6161e-02, -1.1973e-01,  2.5854e-02,
        -1.2344e-03, -3.6886e-02, -2.3682e-02,  6.6514e-03,  1.0319e-01,
         4.4087e-02, -5.0218e-02, -5.8156e-02, -3.5020e-02, -5.4660e-02,
         1.2717e-01,  7.4903e-02,  1.2770e-01,  4.5165e-04,  2.8521e-02,
         4.9040e-02, -1.3386e-01,  1.2628e-02, -9.4597e-03, -7.9288e-02,
        -1.0974e-01,  1.2520e-01,  1.1498e-01,  6.5544e-02,  1.3495e-01,
        -5.7390e-02, -2.4427e-02,  5.3545e-02, -2.3367e-02, -2.7752e-02,
        -1.1689e-01,  3.7994e-02, -8.5465e-02,  5.1430e-03,  1.3788e-01,
        -4.3532e-02, -4.4575e-02,  8.5321e-02, -5.1994e-02, -1.2145e-02,
         1.3205e-01, -5.7979e-02, -1.0117e-01, -7.9146e-02, -3.9208e-02,
        -6.7104e-02, -7.3388e-02,  5.7126e-02,  2.4033e-02, -4.5264e-02,
        -1.0987e-01, -4.4528e-02, -5.9685e-02, -4.6021e-02, -1.2758e-01,
         3.0466e-02, -1.0391e-01, -1.1014e-01, -1.1555e-01,  5.9027e-02,
        -8.5139e-02, -5.8372e-02,  1.1085e-01,  7.5090e-02,  8.1090e-02,
        -1.3428e-01, -1.0141e-01, -5.3388e-02,  1.1683e-01,  1.4467e-02,
        -1.0577e-01,  8.8556e-04, -1.0984e-01, -3.0985e-02, -3.8887e-02,
         1.2242e-01,  4.3803e-02, -2.4660e-02,  2.3890e-02, -4.0823e-02,
         5.5565e-02,  5.5941e-02,  3.7978e-02, -5.5123e-02,  1.2065e-01,
        -2.0417e-02, -5.5058e-02,  8.8574e-02,  1.1527e-01,  1.4074e-01,
         4.1897e-02, -4.8210e-02,  7.1827e-02,  1.2133e-01, -1.3871e-01,
        -1.7520e-02, -9.6444e-02,  2.6355e-02,  5.8490e-02, -2.9216e-02,
        -1.1831e-02,  6.3655e-02, -2.3769e-02, -1.1876e-01,  1.1316e-01,
        -7.1179e-02, -1.5536e-02,  1.3340e-02, -8.4990e-03, -1.3303e-01,
         6.4884e-02, -6.4238e-02, -7.3350e-02,  3.3788e-02, -7.3802e-02,
        -6.5359e-02, -4.7652e-02, -5.3129e-02, -5.9063e-02, -3.8139e-02,
         3.6752e-02, -1.1444e-01, -8.5600e-02,  2.0635e-03,  1.9667e-02,
         7.8106e-02, -9.9341e-02,  4.5141e-02,  8.0382e-02,  7.8526e-02,
        -1.3172e-01, -5.3967e-02, -1.2156e-01, -8.9493e-02,  7.8769e-02,
        -2.1117e-02,  6.0063e-02, -8.3015e-02,  2.1490e-02, -8.5540e-02,
         7.0695e-02, -6.1855e-02, -3.5463e-02, -1.2270e-01,  4.6719e-04,
         1.3428e-01,  6.8643e-02, -7.5454e-02,  1.9019e-03, -1.5507e-02,
        -1.1385e-01,  1.1089e-01,  2.2798e-03,  2.9783e-02, -5.7110e-02,
        -6.6174e-02,  2.3319e-02,  5.2285e-02,  3.1721e-02, -6.8157e-02,
         1.3731e-01, -2.0818e-02, -8.6609e-02, -6.6145e-02,  1.3922e-01,
         6.8109e-06, -1.9197e-02, -5.8854e-02, -3.7073e-02, -1.1911e-01,
        -1.1239e-01,  8.2772e-02,  1.2098e-01,  1.3496e-01, -1.0210e-01,
         7.6490e-02, -8.7535e-02,  8.4366e-02,  1.0204e-01,  1.0944e-01,
         1.0183e-01,  8.8469e-02,  2.7526e-03,  6.4981e-02, -5.0596e-02,
         6.1580e-02, -4.5453e-02, -2.3747e-03, -1.2309e-01, -3.6978e-02,
        -7.4370e-02, -4.7704e-02, -9.0310e-02, -1.2720e-01,  9.2089e-03,
         9.1780e-02,  1.2880e-01,  8.2527e-02, -7.3304e-02, -1.3987e-01,
         5.3643e-02,  7.9240e-02, -1.2141e-01,  5.0712e-02,  1.1957e-01,
         8.5668e-03, -8.5201e-02,  1.1595e-01,  6.0389e-02,  9.3649e-02],
       device='cuda:1', requires_grad=True)
rank: flatten_data 1 tensor([-7.6220e-02,  7.3904e-02, -1.3385e-01, -5.4702e-02, -2.7552e-02,
        -1.2017e-01, -8.9928e-02, -2.3083e-02,  1.0731e-01,  1.3656e-01,
         8.9981e-02, -8.4446e-02, -9.2521e-02,  1.2342e-01,  5.0023e-02,
         3.7572e-03,  1.9139e-02, -1.1366e-01, -4.7219e-02,  1.3613e-01,
        -3.4879e-02, -7.0943e-03, -1.1743e-01, -7.9112e-02, -2.8878e-03,
        -8.7845e-02, -1.7538e-02,  5.7553e-02, -1.3834e-01,  4.2004e-02,
        -9.3509e-02, -6.9021e-02,  5.4293e-02,  1.1245e-01, -3.8652e-02,
        -5.8063e-02, -1.2788e-01, -7.2925e-02, -1.2383e-01, -3.2367e-02,
         2.8858e-02, -1.3249e-01,  1.2348e-01,  8.8726e-02, -1.3844e-01,
        -6.7548e-02,  4.6125e-02, -2.9056e-02, -1.5412e-02, -6.3854e-02,
         1.1359e-01, -7.9054e-02,  1.1728e-01,  9.1248e-03,  2.8429e-02,
         1.1033e-01, -2.3301e-02, -8.0517e-02, -2.2873e-02,  1.1470e-01,
        -1.0493e-01,  3.2100e-02, -1.3899e-01,  7.4148e-02,  5.2251e-02,
         5.9952e-03,  6.0697e-02,  1.5906e-04,  7.8256e-02, -1.1195e-01,
        -2.0768e-02,  6.2737e-02,  1.4083e-01,  7.2039e-02, -1.0284e-01,
         1.0877e-01, -3.1537e-02, -3.0196e-02, -1.2854e-01, -2.2262e-02,
         1.0003e-01,  1.9720e-02, -8.2371e-02,  4.3531e-02, -4.5346e-02,
         1.2912e-01, -1.2275e-01, -4.4672e-02, -1.3655e-01, -5.5696e-02,
         4.4583e-02,  1.3613e-01,  2.3751e-02,  1.3864e-01,  2.7669e-02,
         8.1676e-02,  1.1337e-01,  1.1822e-01, -7.9157e-02,  1.3002e-01,
         8.5668e-02, -6.6126e-02, -6.7487e-02, -1.1862e-01,  3.5516e-02,
        -1.1463e-01,  5.9740e-02,  4.4661e-02, -1.2287e-01,  3.8537e-02,
        -1.1502e-02,  6.4604e-02,  8.1146e-02, -1.4059e-01,  1.2970e-01,
         1.1860e-01,  5.6269e-02, -1.2925e-01, -5.0519e-02, -4.0985e-02,
        -3.6345e-02,  7.9751e-02,  5.1417e-02,  1.1203e-01, -5.2966e-02,
         4.7594e-02,  5.0317e-02, -1.1775e-01, -1.3718e-01, -7.3382e-02,
         9.6810e-02, -1.3314e-01, -1.2310e-01,  7.9224e-02,  7.6301e-02,
         1.1630e-01, -1.0676e-01, -1.0351e-01,  7.2547e-02,  1.2298e-01,
         8.4618e-02,  2.2154e-02,  4.6609e-02,  1.3423e-01, -9.1246e-02,
        -6.4207e-02,  9.8920e-02, -9.6766e-02, -7.7982e-02,  1.0324e-01,
         4.4622e-02,  4.5689e-02, -5.9940e-02, -1.9517e-03,  1.2943e-01,
        -8.4884e-02,  1.1119e-03,  6.7260e-02, -9.7631e-02,  1.3735e-01,
        -7.0656e-02, -3.3960e-02, -3.8264e-02, -9.2158e-02, -1.3877e-01,
         7.9741e-02,  3.7572e-02, -1.3246e-01, -9.1023e-02,  1.3978e-01,
         5.4056e-02,  5.6745e-02, -8.4612e-02, -6.1999e-02, -2.1348e-02,
        -2.5863e-02, -9.6909e-02,  1.1651e-02,  1.4056e-02, -1.7907e-02,
         1.9606e-02, -5.6052e-02,  3.6805e-02,  5.3336e-02, -7.4492e-02,
        -1.4023e-01,  7.4025e-02,  3.3734e-02, -7.1925e-02,  1.3629e-01,
        -6.3958e-02,  9.5565e-02,  7.1747e-02, -1.1857e-01,  9.1208e-02,
        -1.3003e-01, -7.8350e-02, -2.3577e-02, -9.5325e-02,  1.3816e-01,
        -2.8366e-02,  5.6171e-02, -1.2628e-01,  8.1412e-02, -4.3951e-02,
        -1.0758e-01,  2.0679e-02,  6.8513e-02,  1.2239e-01, -8.6379e-02,
        -6.9594e-02,  2.7190e-02,  3.8362e-02,  5.4373e-02,  7.7623e-02,
        -3.2068e-02,  7.8569e-02,  1.0427e-01, -3.6942e-02,  1.0062e-01,
         6.9096e-02,  1.2474e-01, -8.0366e-02, -6.9835e-02, -4.0890e-02,
         7.1738e-03,  8.4881e-02, -8.0732e-02,  7.0803e-02, -5.0683e-02,
         8.5434e-02, -6.7143e-03, -1.2390e-01, -7.7817e-02, -1.0235e-01,
         7.0140e-02, -9.4830e-02, -1.1783e-02,  3.0512e-02, -7.7555e-02,
         4.0796e-02, -1.3809e-01, -1.0119e-01, -1.2815e-01, -4.2777e-02,
        -5.1519e-02,  2.0251e-02, -2.6151e-02,  6.6480e-02,  1.2965e-01,
         5.0741e-02, -5.5715e-02, -1.3242e-01,  5.1223e-02, -7.0068e-02,
         7.1966e-02,  9.4538e-02,  5.4549e-02,  1.3270e-01,  1.3432e-01,
         2.9945e-02, -1.0304e-01,  1.2635e-01, -6.7104e-02, -6.6801e-02,
         1.1834e-01,  1.0957e-01,  4.2731e-02,  8.8648e-03, -1.1896e-01,
        -1.4680e-02,  1.3564e-01,  3.6014e-02,  1.2108e-02, -2.9366e-02,
        -4.9325e-02,  8.4290e-02,  8.7212e-03,  9.2005e-02, -2.5031e-02,
         6.1788e-02,  5.8374e-02,  2.2552e-02,  8.8865e-02,  8.8621e-02,
         1.3109e-01,  1.0872e-01, -3.6161e-02, -1.1973e-01,  2.5854e-02,
        -1.2344e-03, -3.6886e-02, -2.3682e-02,  6.6514e-03,  1.0319e-01,
         4.4087e-02, -5.0218e-02, -5.8156e-02, -3.5020e-02, -5.4660e-02,
         1.2717e-01,  7.4903e-02,  1.2770e-01,  4.5165e-04,  2.8521e-02,
         4.9040e-02, -1.3386e-01,  1.2628e-02, -9.4597e-03, -7.9288e-02,
        -1.0974e-01,  1.2520e-01,  1.1498e-01,  6.5544e-02,  1.3495e-01,
        -5.7390e-02, -2.4427e-02,  5.3545e-02, -2.3367e-02, -2.7752e-02,
        -1.1689e-01,  3.7994e-02, -8.5465e-02,  5.1430e-03,  1.3788e-01,
        -4.3532e-02, -4.4575e-02,  8.5321e-02, -5.1994e-02, -1.2145e-02,
         1.3205e-01, -5.7979e-02, -1.0117e-01, -7.9146e-02, -3.9208e-02,
        -6.7104e-02, -7.3388e-02,  5.7126e-02,  2.4033e-02, -4.5264e-02,
        -1.0987e-01, -4.4528e-02, -5.9685e-02, -4.6021e-02, -1.2758e-01,
         3.0466e-02, -1.0391e-01, -1.1014e-01, -1.1555e-01,  5.9027e-02,
        -8.5139e-02, -5.8372e-02,  1.1085e-01,  7.5090e-02,  8.1090e-02,
        -1.3428e-01, -1.0141e-01, -5.3388e-02,  1.1683e-01,  1.4467e-02,
        -1.0577e-01,  8.8556e-04, -1.0984e-01, -3.0985e-02, -3.8887e-02,
         1.2242e-01,  4.3803e-02, -2.4660e-02,  2.3890e-02, -4.0823e-02,
         5.5565e-02,  5.5941e-02,  3.7978e-02, -5.5123e-02,  1.2065e-01,
        -2.0417e-02, -5.5058e-02,  8.8574e-02,  1.1527e-01,  1.4074e-01,
         4.1897e-02, -4.8210e-02,  7.1827e-02,  1.2133e-01, -1.3871e-01,
        -1.7520e-02, -9.6444e-02,  2.6355e-02,  5.8490e-02, -2.9216e-02,
        -1.1831e-02,  6.3655e-02, -2.3769e-02, -1.1876e-01,  1.1316e-01,
        -7.1179e-02, -1.5536e-02,  1.3340e-02, -8.4990e-03, -1.3303e-01,
         6.4884e-02, -6.4238e-02, -7.3350e-02,  3.3788e-02, -7.3802e-02,
        -6.5359e-02, -4.7652e-02, -5.3129e-02, -5.9063e-02, -3.8139e-02,
         3.6752e-02, -1.1444e-01, -8.5600e-02,  2.0635e-03,  1.9667e-02,
         7.8106e-02, -9.9341e-02,  4.5141e-02,  8.0382e-02,  7.8526e-02,
        -1.3172e-01, -5.3967e-02, -1.2156e-01, -8.9493e-02,  7.8769e-02,
        -2.1117e-02,  6.0063e-02, -8.3015e-02,  2.1490e-02, -8.5540e-02,
         7.0695e-02, -6.1855e-02, -3.5463e-02, -1.2270e-01,  4.6719e-04,
         1.3428e-01,  6.8643e-02, -7.5454e-02,  1.9019e-03, -1.5507e-02,
        -1.1385e-01,  1.1089e-01,  2.2798e-03,  2.9783e-02, -5.7110e-02,
        -6.6174e-02,  2.3319e-02,  5.2285e-02,  3.1721e-02, -6.8157e-02,
         1.3731e-01, -2.0818e-02, -8.6609e-02, -6.6145e-02,  1.3922e-01,
         6.8109e-06, -1.9197e-02, -5.8854e-02, -3.7073e-02, -1.1911e-01,
        -1.1239e-01,  8.2772e-02,  1.2098e-01,  1.3496e-01, -1.0210e-01,
         7.6490e-02, -8.7535e-02,  8.4366e-02,  1.0204e-01,  1.0944e-01,
         1.0183e-01,  8.8469e-02,  2.7526e-03,  6.4981e-02, -5.0596e-02,
         6.1580e-02, -4.5453e-02, -2.3747e-03, -1.2309e-01, -3.6978e-02,
        -7.4370e-02, -4.7704e-02, -9.0310e-02, -1.2720e-01,  9.2089e-03,
         9.1780e-02,  1.2880e-01,  8.2527e-02, -7.3304e-02, -1.3987e-01,
         5.3643e-02,  7.9240e-02, -1.2141e-01,  5.0712e-02,  1.1957e-01,
         8.5668e-03, -8.5201e-02,  1.1595e-01,  6.0389e-02,  9.3649e-02],
       device='cuda:1')
rank: local_param 0 tensor([-0.0762,  0.0739, -0.1338, -0.0547, -0.0276, -0.1202, -0.0899, -0.0231,
         0.1073,  0.1366,  0.0900, -0.0844, -0.0925,  0.1234,  0.0500,  0.0038,
         0.0191, -0.1137, -0.0472,  0.1361, -0.0349, -0.0071, -0.1174, -0.0791,
        -0.0029, -0.0878, -0.0175,  0.0576, -0.1383,  0.0420, -0.0935, -0.0690,
         0.0543,  0.1124, -0.0387, -0.0581, -0.1279, -0.0729, -0.1238, -0.0324,
         0.0289, -0.1325,  0.1235,  0.0887, -0.1384, -0.0675,  0.0461, -0.0291,
        -0.0154, -0.0639,  0.1136, -0.0791,  0.1173,  0.0091,  0.0284,  0.1103,
        -0.0233, -0.0805, -0.0229,  0.1147, -0.1049,  0.0321, -0.1390,  0.0741,
         0.0523,  0.0060,  0.0607,  0.0002,  0.0783, -0.1120, -0.0208,  0.0627,
         0.1408,  0.0720, -0.1028,  0.1088, -0.0315, -0.0302, -0.1285, -0.0223,
         0.1000,  0.0197, -0.0824,  0.0435, -0.0453,  0.1291, -0.1227, -0.0447,
        -0.1366, -0.0557,  0.0446,  0.1361,  0.0238,  0.1386,  0.0277,  0.0817,
         0.1134,  0.1182, -0.0792,  0.1300,  0.0857, -0.0661, -0.0675, -0.1186,
         0.0355, -0.1146,  0.0597,  0.0447, -0.1229,  0.0385, -0.0115,  0.0646,
         0.0811, -0.1406,  0.1297,  0.1186,  0.0563, -0.1293, -0.0505, -0.0410,
        -0.0363,  0.0798,  0.0514,  0.1120, -0.0530,  0.0476,  0.0503, -0.1177,
        -0.1372, -0.0734,  0.0968, -0.1331, -0.1231,  0.0792,  0.0763,  0.1163,
        -0.1068, -0.1035,  0.0725,  0.1230,  0.0846,  0.0222,  0.0466,  0.1342,
        -0.0912, -0.0642,  0.0989, -0.0968, -0.0780,  0.1032,  0.0446,  0.0457,
        -0.0599, -0.0020,  0.1294, -0.0849,  0.0011,  0.0673, -0.0976,  0.1373,
        -0.0707, -0.0340, -0.0383, -0.0922, -0.1388,  0.0797,  0.0376, -0.1325,
        -0.0910,  0.1398,  0.0541,  0.0567, -0.0846, -0.0620, -0.0213, -0.0259,
        -0.0969,  0.0117,  0.0141, -0.0179,  0.0196, -0.0561,  0.0368,  0.0533,
        -0.0745, -0.1402,  0.0740,  0.0337, -0.0719,  0.1363, -0.0640,  0.0956,
         0.0717, -0.1186,  0.0912, -0.1300, -0.0783, -0.0236, -0.0953,  0.1382,
        -0.0284,  0.0562, -0.1263,  0.0814, -0.0440, -0.1076,  0.0207,  0.0685,
         0.1224, -0.0864, -0.0696,  0.0272,  0.0384,  0.0544,  0.0776, -0.0321,
         0.0786,  0.1043, -0.0369,  0.1006,  0.0691,  0.1247, -0.0804, -0.0698,
        -0.0409,  0.0072,  0.0849, -0.0807,  0.0708, -0.0507,  0.0854, -0.0067,
        -0.1239, -0.0778, -0.1024,  0.0701, -0.0948, -0.0118,  0.0305, -0.0776,
         0.0408, -0.1381, -0.1012, -0.1281, -0.0428, -0.0515,  0.0203, -0.0262,
         0.0665,  0.1297], device='cuda:0', requires_grad=True)
rank: flatten_data 0 tensor([-7.6220e-02,  7.3904e-02, -1.3385e-01, -5.4702e-02, -2.7552e-02,
        -1.2017e-01, -8.9928e-02, -2.3083e-02,  1.0731e-01,  1.3656e-01,
         8.9981e-02, -8.4446e-02, -9.2521e-02,  1.2342e-01,  5.0023e-02,
         3.7572e-03,  1.9139e-02, -1.1366e-01, -4.7219e-02,  1.3613e-01,
        -3.4879e-02, -7.0943e-03, -1.1743e-01, -7.9112e-02, -2.8878e-03,
        -8.7845e-02, -1.7538e-02,  5.7553e-02, -1.3834e-01,  4.2004e-02,
        -9.3509e-02, -6.9021e-02,  5.4293e-02,  1.1245e-01, -3.8652e-02,
        -5.8063e-02, -1.2788e-01, -7.2925e-02, -1.2383e-01, -3.2367e-02,
         2.8858e-02, -1.3249e-01,  1.2348e-01,  8.8726e-02, -1.3844e-01,
        -6.7548e-02,  4.6125e-02, -2.9056e-02, -1.5412e-02, -6.3854e-02,
         1.1359e-01, -7.9054e-02,  1.1728e-01,  9.1248e-03,  2.8429e-02,
         1.1033e-01, -2.3301e-02, -8.0517e-02, -2.2873e-02,  1.1470e-01,
        -1.0493e-01,  3.2100e-02, -1.3899e-01,  7.4148e-02,  5.2251e-02,
         5.9952e-03,  6.0697e-02,  1.5906e-04,  7.8256e-02, -1.1195e-01,
        -2.0768e-02,  6.2737e-02,  1.4083e-01,  7.2039e-02, -1.0284e-01,
         1.0877e-01, -3.1537e-02, -3.0196e-02, -1.2854e-01, -2.2262e-02,
         1.0003e-01,  1.9720e-02, -8.2371e-02,  4.3531e-02, -4.5346e-02,
         1.2912e-01, -1.2275e-01, -4.4672e-02, -1.3655e-01, -5.5696e-02,
         4.4583e-02,  1.3613e-01,  2.3751e-02,  1.3864e-01,  2.7669e-02,
         8.1676e-02,  1.1337e-01,  1.1822e-01, -7.9157e-02,  1.3002e-01,
         8.5668e-02, -6.6126e-02, -6.7487e-02, -1.1862e-01,  3.5516e-02,
        -1.1463e-01,  5.9740e-02,  4.4661e-02, -1.2287e-01,  3.8537e-02,
        -1.1502e-02,  6.4604e-02,  8.1146e-02, -1.4059e-01,  1.2970e-01,
         1.1860e-01,  5.6269e-02, -1.2925e-01, -5.0519e-02, -4.0985e-02,
        -3.6345e-02,  7.9751e-02,  5.1417e-02,  1.1203e-01, -5.2966e-02,
         4.7594e-02,  5.0317e-02, -1.1775e-01, -1.3718e-01, -7.3382e-02,
         9.6810e-02, -1.3314e-01, -1.2310e-01,  7.9224e-02,  7.6301e-02,
         1.1630e-01, -1.0676e-01, -1.0351e-01,  7.2547e-02,  1.2298e-01,
         8.4618e-02,  2.2154e-02,  4.6609e-02,  1.3423e-01, -9.1246e-02,
        -6.4207e-02,  9.8920e-02, -9.6766e-02, -7.7982e-02,  1.0324e-01,
         4.4622e-02,  4.5689e-02, -5.9940e-02, -1.9517e-03,  1.2943e-01,
        -8.4884e-02,  1.1119e-03,  6.7260e-02, -9.7631e-02,  1.3735e-01,
        -7.0656e-02, -3.3960e-02, -3.8264e-02, -9.2158e-02, -1.3877e-01,
         7.9741e-02,  3.7572e-02, -1.3246e-01, -9.1023e-02,  1.3978e-01,
         5.4056e-02,  5.6745e-02, -8.4612e-02, -6.1999e-02, -2.1348e-02,
        -2.5863e-02, -9.6909e-02,  1.1651e-02,  1.4056e-02, -1.7907e-02,
         1.9606e-02, -5.6052e-02,  3.6805e-02,  5.3336e-02, -7.4492e-02,
        -1.4023e-01,  7.4025e-02,  3.3734e-02, -7.1925e-02,  1.3629e-01,
        -6.3958e-02,  9.5565e-02,  7.1747e-02, -1.1857e-01,  9.1208e-02,
        -1.3003e-01, -7.8350e-02, -2.3577e-02, -9.5325e-02,  1.3816e-01,
        -2.8366e-02,  5.6171e-02, -1.2628e-01,  8.1412e-02, -4.3951e-02,
        -1.0758e-01,  2.0679e-02,  6.8513e-02,  1.2239e-01, -8.6379e-02,
        -6.9594e-02,  2.7190e-02,  3.8362e-02,  5.4373e-02,  7.7623e-02,
        -3.2068e-02,  7.8569e-02,  1.0427e-01, -3.6942e-02,  1.0062e-01,
         6.9096e-02,  1.2474e-01, -8.0366e-02, -6.9835e-02, -4.0890e-02,
         7.1738e-03,  8.4881e-02, -8.0732e-02,  7.0803e-02, -5.0683e-02,
         8.5434e-02, -6.7143e-03, -1.2390e-01, -7.7817e-02, -1.0235e-01,
         7.0140e-02, -9.4830e-02, -1.1783e-02,  3.0512e-02, -7.7555e-02,
         4.0796e-02, -1.3809e-01, -1.0119e-01, -1.2815e-01, -4.2777e-02,
        -5.1519e-02,  2.0251e-02, -2.6151e-02,  6.6480e-02,  1.2965e-01,
         5.0741e-02, -5.5715e-02, -1.3242e-01,  5.1223e-02, -7.0068e-02,
         7.1966e-02,  9.4538e-02,  5.4549e-02,  1.3270e-01,  1.3432e-01,
         2.9945e-02, -1.0304e-01,  1.2635e-01, -6.7104e-02, -6.6801e-02,
         1.1834e-01,  1.0957e-01,  4.2731e-02,  8.8648e-03, -1.1896e-01,
        -1.4680e-02,  1.3564e-01,  3.6014e-02,  1.2108e-02, -2.9366e-02,
        -4.9325e-02,  8.4290e-02,  8.7212e-03,  9.2005e-02, -2.5031e-02,
         6.1788e-02,  5.8374e-02,  2.2552e-02,  8.8865e-02,  8.8621e-02,
         1.3109e-01,  1.0872e-01, -3.6161e-02, -1.1973e-01,  2.5854e-02,
        -1.2344e-03, -3.6886e-02, -2.3682e-02,  6.6514e-03,  1.0319e-01,
         4.4087e-02, -5.0218e-02, -5.8156e-02, -3.5020e-02, -5.4660e-02,
         1.2717e-01,  7.4903e-02,  1.2770e-01,  4.5165e-04,  2.8521e-02,
         4.9040e-02, -1.3386e-01,  1.2628e-02, -9.4597e-03, -7.9288e-02,
        -1.0974e-01,  1.2520e-01,  1.1498e-01,  6.5544e-02,  1.3495e-01,
        -5.7390e-02, -2.4427e-02,  5.3545e-02, -2.3367e-02, -2.7752e-02,
        -1.1689e-01,  3.7994e-02, -8.5465e-02,  5.1430e-03,  1.3788e-01,
        -4.3532e-02, -4.4575e-02,  8.5321e-02, -5.1994e-02, -1.2145e-02,
         1.3205e-01, -5.7979e-02, -1.0117e-01, -7.9146e-02, -3.9208e-02,
        -6.7104e-02, -7.3388e-02,  5.7126e-02,  2.4033e-02, -4.5264e-02,
        -1.0987e-01, -4.4528e-02, -5.9685e-02, -4.6021e-02, -1.2758e-01,
         3.0466e-02, -1.0391e-01, -1.1014e-01, -1.1555e-01,  5.9027e-02,
        -8.5139e-02, -5.8372e-02,  1.1085e-01,  7.5090e-02,  8.1090e-02,
        -1.3428e-01, -1.0141e-01, -5.3388e-02,  1.1683e-01,  1.4467e-02,
        -1.0577e-01,  8.8556e-04, -1.0984e-01, -3.0985e-02, -3.8887e-02,
         1.2242e-01,  4.3803e-02, -2.4660e-02,  2.3890e-02, -4.0823e-02,
         5.5565e-02,  5.5941e-02,  3.7978e-02, -5.5123e-02,  1.2065e-01,
        -2.0417e-02, -5.5058e-02,  8.8574e-02,  1.1527e-01,  1.4074e-01,
         4.1897e-02, -4.8210e-02,  7.1827e-02,  1.2133e-01, -1.3871e-01,
        -1.7520e-02, -9.6444e-02,  2.6355e-02,  5.8490e-02, -2.9216e-02,
        -1.1831e-02,  6.3655e-02, -2.3769e-02, -1.1876e-01,  1.1316e-01,
        -7.1179e-02, -1.5536e-02,  1.3340e-02, -8.4990e-03, -1.3303e-01,
         6.4884e-02, -6.4238e-02, -7.3350e-02,  3.3788e-02, -7.3802e-02,
        -6.5359e-02, -4.7652e-02, -5.3129e-02, -5.9063e-02, -3.8139e-02,
         3.6752e-02, -1.1444e-01, -8.5600e-02,  2.0635e-03,  1.9667e-02,
         7.8106e-02, -9.9341e-02,  4.5141e-02,  8.0382e-02,  7.8526e-02,
        -1.3172e-01, -5.3967e-02, -1.2156e-01, -8.9493e-02,  7.8769e-02,
        -2.1117e-02,  6.0063e-02, -8.3015e-02,  2.1490e-02, -8.5540e-02,
         7.0695e-02, -6.1855e-02, -3.5463e-02, -1.2270e-01,  4.6719e-04,
         1.3428e-01,  6.8643e-02, -7.5454e-02,  1.9019e-03, -1.5507e-02,
        -1.1385e-01,  1.1089e-01,  2.2798e-03,  2.9783e-02, -5.7110e-02,
        -6.6174e-02,  2.3319e-02,  5.2285e-02,  3.1721e-02, -6.8157e-02,
         1.3731e-01, -2.0818e-02, -8.6609e-02, -6.6145e-02,  1.3922e-01,
         6.8109e-06, -1.9197e-02, -5.8854e-02, -3.7073e-02, -1.1911e-01,
        -1.1239e-01,  8.2772e-02,  1.2098e-01,  1.3496e-01, -1.0210e-01,
         7.6490e-02, -8.7535e-02,  8.4366e-02,  1.0204e-01,  1.0944e-01,
         1.0183e-01,  8.8469e-02,  2.7526e-03,  6.4981e-02, -5.0596e-02,
         6.1580e-02, -4.5453e-02, -2.3747e-03, -1.2309e-01, -3.6978e-02,
        -7.4370e-02, -4.7704e-02, -9.0310e-02, -1.2720e-01,  9.2089e-03,
         9.1780e-02,  1.2880e-01,  8.2527e-02, -7.3304e-02, -1.3987e-01,
         5.3643e-02,  7.9240e-02, -1.2141e-01,  5.0712e-02,  1.1957e-01,
         8.5668e-03, -8.5201e-02,  1.1595e-01,  6.0389e-02,  9.3649e-02],
       device='cuda:0')
rank: local_param 1 tensor([ 0.0907,  0.0948, -0.0966,  0.0270, -0.0749, -0.0656,  0.1220,  0.0683,
        -0.0387,  0.0208,  0.0274,  0.0331, -0.0484, -0.0833,  0.0936,  0.0190,
         0.0592, -0.0536,  0.0685,  0.1029,  0.0860,  0.0385,  0.1391, -0.0003,
         0.0301,  0.1344,  0.1374, -0.0597,  0.1274,  0.0522, -0.0158,  0.1235,
        -0.0733,  0.0919,  0.1401, -0.0975, -0.0835, -0.1401, -0.0255, -0.1284,
        -0.0474,  0.0429,  0.1000,  0.0788,  0.0785,  0.0587, -0.0877, -0.1123,
         0.0059,  0.1343,  0.0080, -0.0122, -0.0960, -0.0701, -0.1090,  0.1132,
        -0.0230, -0.1249,  0.0152,  0.0103, -0.0175,  0.0506,  0.0761, -0.1330,
        -0.1083, -0.0068, -0.1311, -0.1285,  0.1249, -0.0108, -0.0699, -0.0485,
        -0.1104,  0.1104, -0.0307, -0.0795, -0.1073,  0.0827, -0.0195, -0.0149,
        -0.0369, -0.0683,  0.0252,  0.1088, -0.0820,  0.0068, -0.1076, -0.0663,
         0.1241,  0.0015,  0.1362, -0.0248, -0.0771, -0.0845,  0.1253, -0.1088,
         0.0742,  0.0352,  0.0417,  0.0798, -0.0370,  0.0875, -0.1127, -0.0498,
         0.1035,  0.0420, -0.0188, -0.0330, -0.0864,  0.0860, -0.0045, -0.0048,
         0.0334,  0.1044, -0.0722, -0.0487,  0.0958,  0.0799, -0.0696, -0.1399,
         0.0262,  0.0744,  0.0338,  0.1003, -0.1122], device='cuda:1',
       requires_grad=True)
rank: flatten_data 1 tensor([-0.1264,  0.0707, -0.1273, -0.0172,  0.0084,  0.1005, -0.0512,  0.0407,
         0.0219,  0.0832,  0.0084,  0.0530, -0.0854, -0.0983,  0.1260, -0.1030,
        -0.0241, -0.0171,  0.1383, -0.0306, -0.1077, -0.0359,  0.0729,  0.0560,
         0.1170, -0.0290,  0.0666, -0.1331,  0.0547,  0.0650,  0.0912, -0.0811,
        -0.0378,  0.0342, -0.1005, -0.1125, -0.1361,  0.0079,  0.0878,  0.0363,
         0.0086,  0.0493, -0.0889,  0.0149, -0.0351, -0.0700,  0.1220, -0.1094,
         0.0207, -0.1243, -0.0048, -0.0628,  0.0465, -0.0794,  0.0905, -0.1148,
         0.0849, -0.1062,  0.0757, -0.0595, -0.0003, -0.0258,  0.0918,  0.0463,
        -0.1246,  0.0130, -0.0976,  0.1057,  0.0232, -0.0364, -0.0721,  0.0490,
        -0.0847,  0.0671,  0.0772,  0.0868,  0.0369, -0.1238,  0.1017, -0.0439,
        -0.0418, -0.0152,  0.1034,  0.1087,  0.0218,  0.0675, -0.1318,  0.0003,
        -0.1251,  0.0481, -0.1008, -0.0504,  0.0989,  0.1352, -0.0849, -0.0785,
         0.0175,  0.0556, -0.0230, -0.0442, -0.0929,  0.0604,  0.1386, -0.0685,
         0.0667,  0.0691,  0.1137, -0.0161,  0.0045,  0.1039,  0.0894,  0.1397,
        -0.0405,  0.0560,  0.0988, -0.0960,  0.0281, -0.0316,  0.0909, -0.0635,
         0.0099,  0.0846, -0.1296, -0.1194, -0.0724,  0.0907,  0.0948, -0.0966,
         0.0270, -0.0749, -0.0656,  0.1220,  0.0683, -0.0387,  0.0208,  0.0274,
         0.0331, -0.0484, -0.0833,  0.0936,  0.0190,  0.0592, -0.0536,  0.0685,
         0.1029,  0.0860,  0.0385,  0.1391, -0.0003,  0.0301,  0.1344,  0.1374,
        -0.0597,  0.1274,  0.0522, -0.0158,  0.1235, -0.0733,  0.0919,  0.1401,
        -0.0975, -0.0835, -0.1401, -0.0255, -0.1284, -0.0474,  0.0429,  0.1000,
         0.0788,  0.0785,  0.0587, -0.0877, -0.1123,  0.0059,  0.1343,  0.0080,
        -0.0122, -0.0960, -0.0701, -0.1090,  0.1132, -0.0230, -0.1249,  0.0152,
         0.0103, -0.0175,  0.0506,  0.0761, -0.1330, -0.1083, -0.0068, -0.1311,
        -0.1285,  0.1249, -0.0108, -0.0699, -0.0485, -0.1104,  0.1104, -0.0307,
        -0.0795, -0.1073,  0.0827, -0.0195, -0.0149, -0.0369, -0.0683,  0.0252,
         0.1088, -0.0820,  0.0068, -0.1076, -0.0663,  0.1241,  0.0015,  0.1362,
        -0.0248, -0.0771, -0.0845,  0.1253, -0.1088,  0.0742,  0.0352,  0.0417,
         0.0798, -0.0370,  0.0875, -0.1127, -0.0498,  0.1035,  0.0420, -0.0188,
        -0.0330, -0.0864,  0.0860, -0.0045, -0.0048,  0.0334,  0.1044, -0.0722,
        -0.0487,  0.0958,  0.0799, -0.0696, -0.1399,  0.0262,  0.0744,  0.0338,
         0.1003, -0.1122], device='cuda:1')
rank: local_param 1 tensor([-0.3130, -0.1222, -0.2426,  0.2595,  0.0911,  0.1310,  0.1000, -0.0055,
         0.2475, -0.2247,  0.0199, -0.2158,  0.0975, -0.1089,  0.0969, -0.0659,
         0.2623, -0.1874, -0.1886, -0.1886,  0.2844,  0.1054,  0.3043, -0.2610,
        -0.3137, -0.2474, -0.2127,  0.1281,  0.1132,  0.2628, -0.1633, -0.2156,
         0.1678, -0.1278,  0.1919, -0.0750,  0.1809, -0.2457, -0.1596,  0.0964,
         0.0669, -0.0806,  0.1885,  0.2150, -0.2293, -0.1688,  0.2896, -0.1067,
        -0.1121, -0.3060], device='cuda:1', requires_grad=True)
rank: flatten_data 1 tensor([ 0.2418,  0.2625, -0.0741,  0.2905, -0.0693,  0.0638, -0.1540,  0.1857,
         0.2788, -0.2320,  0.2749,  0.0592,  0.2336,  0.0428,  0.1525, -0.0446,
         0.2438,  0.0467, -0.1476,  0.0806, -0.1457, -0.0371, -0.1284,  0.2098,
        -0.2496, -0.1458, -0.0893, -0.1901,  0.0298, -0.3123,  0.2856, -0.2686,
         0.2441,  0.0526, -0.1027,  0.1954,  0.0493,  0.2555,  0.0346, -0.0997,
         0.0850, -0.0858,  0.1331,  0.2823,  0.1828, -0.1382,  0.1825,  0.0566,
         0.1606, -0.1927, -0.3130, -0.1222, -0.2426,  0.2595,  0.0911,  0.1310,
         0.1000, -0.0055,  0.2475, -0.2247,  0.0199, -0.2158,  0.0975, -0.1089,
         0.0969, -0.0659,  0.2623, -0.1874, -0.1886, -0.1886,  0.2844,  0.1054,
         0.3043, -0.2610, -0.3137, -0.2474, -0.2127,  0.1281,  0.1132,  0.2628,
        -0.1633, -0.2156,  0.1678, -0.1278,  0.1919, -0.0750,  0.1809, -0.2457,
        -0.1596,  0.0964,  0.0669, -0.0806,  0.1885,  0.2150, -0.2293, -0.1688,
         0.2896, -0.1067, -0.1121, -0.3060], device='cuda:1')
rank: local_param 1 tensor([ 0.0872,  0.1733,  0.2404,  0.1761, -0.3135,  0.0280,  0.1916, -0.0292,
        -0.1863,  0.3015, -0.1183, -0.1800, -0.2851,  0.0141,  0.1401,  0.0700,
         0.0625, -0.2398, -0.2953,  0.0056,  0.2883,  0.1824, -0.1841, -0.0410,
        -0.2331, -0.1526,  0.0573,  0.1722,  0.2620, -0.2903,  0.2114, -0.2230,
         0.1184,  0.2676,  0.0044,  0.2877, -0.2694, -0.1208,  0.1844, -0.0689,
        -0.0647, -0.1318,  0.2180,  0.1551,  0.1013, -0.1777, -0.2567,  0.0342,
         0.0937, -0.1460, -0.0885,  0.2136,  0.0252,  0.0143, -0.0778, -0.2864,
        -0.2973, -0.1512, -0.1607,  0.0985, -0.0921, -0.1237,  0.3015,  0.1101,
         0.2254, -0.1531, -0.1292,  0.1162, -0.2107, -0.2067, -0.0153, -0.1157,
        -0.2371,  0.1876,  0.2543,  0.0513, -0.0551, -0.2929, -0.1152,  0.0805,
         0.1491, -0.0400, -0.1250,  0.1762, -0.2518,  0.1999, -0.1227,  0.0048,
        -0.0625,  0.0383, -0.0956,  0.2299, -0.0082,  0.2468,  0.3040, -0.1541,
        -0.2307,  0.2537,  0.2478, -0.2415, -0.0244, -0.3118, -0.2589,  0.0611,
         0.0841,  0.0670, -0.0861,  0.2917,  0.0452, -0.1866, -0.0179,  0.0759,
         0.1107, -0.2236,  0.1185, -0.1616, -0.2628, -0.1727,  0.3050,  0.2703,
         0.2832,  0.1856,  0.2389, -0.0423, -0.1740,  0.1580, -0.1639, -0.2134,
        -0.1010,  0.0664,  0.1628, -0.1228, -0.1861,  0.0427, -0.1864, -0.2059,
         0.1648, -0.0531,  0.2890,  0.3076,  0.0946,  0.1088,  0.0728,  0.0050,
        -0.0230,  0.0043,  0.1181,  0.2940, -0.0820, -0.1337, -0.0766, -0.1528,
         0.0538,  0.2360,  0.2473,  0.1452, -0.2327, -0.1697, -0.0695, -0.0583,
         0.0260, -0.2903,  0.0984, -0.2412, -0.2001, -0.2629,  0.2755, -0.2994,
         0.2386, -0.0106, -0.0368,  0.1978, -0.0292,  0.1983,  0.2286, -0.2746,
         0.1217,  0.0597,  0.0680,  0.0462,  0.0865, -0.1521, -0.0405,  0.3005,
         0.2125, -0.0119, -0.2974,  0.0139, -0.2153,  0.2572, -0.1920, -0.0228,
        -0.0702,  0.0563,  0.2976,  0.0300,  0.1831,  0.2455,  0.2553, -0.1092,
        -0.0707,  0.1524, -0.0863,  0.1481, -0.0691, -0.2145,  0.1287,  0.0485,
         0.1410,  0.3142,  0.2159,  0.2998,  0.0169, -0.2720, -0.2218, -0.1964,
        -0.2787, -0.1585, -0.2911, -0.2918, -0.1890, -0.3117, -0.1941,  0.1206,
         0.2638, -0.0941, -0.0920,  0.1689, -0.1560, -0.1495,  0.1948, -0.2755,
         0.0387,  0.2793,  0.0542,  0.0860, -0.1842, -0.0044,  0.0174,  0.0776,
         0.1229,  0.2748, -0.2414,  0.0095, -0.1580, -0.2502, -0.0253, -0.2784,
         0.2207,  0.0366], device='cuda:1', requires_grad=True)
rank: flatten_data 1 tensor([-0.1811,  0.0790, -0.0417, -0.2295,  0.0074, -0.2160, -0.2683, -0.1741,
        -0.2768, -0.2014,  0.3161,  0.0597,  0.0974, -0.2949, -0.2077, -0.1053,
         0.0494, -0.2783, -0.1363, -0.1893,  0.0009, -0.1177, -0.0219, -0.2143,
        -0.2171, -0.1845, -0.1082, -0.2496,  0.2651, -0.0628,  0.2721,  0.0985,
        -0.2678,  0.2188, -0.0870, -0.1212, -0.2625, -0.3144,  0.0905, -0.0691,
         0.1231, -0.2595,  0.2348, -0.2321, -0.0546,  0.0661,  0.1633,  0.2553,
         0.2881, -0.2507,  0.0796, -0.1360, -0.0347, -0.2367,  0.2880, -0.2321,
         0.1690,  0.1111,  0.1028, -0.1710,  0.2874,  0.0695,  0.0407, -0.2787,
         0.1327, -0.0474, -0.1449,  0.2716,  0.0705, -0.1750, -0.1601, -0.0151,
         0.1766, -0.0808, -0.1804, -0.1083, -0.2362,  0.1128,  0.2448, -0.2977,
         0.0734,  0.1634,  0.0573, -0.1126,  0.1651,  0.1662,  0.1182, -0.0556,
        -0.0837,  0.0338, -0.0559, -0.0942,  0.2021,  0.2718, -0.0313, -0.0708,
         0.0046, -0.0189,  0.0760,  0.0886, -0.2872, -0.1167,  0.2663,  0.1232,
        -0.0157, -0.1907, -0.1935, -0.2833, -0.1031,  0.1068,  0.2016,  0.1460,
        -0.2795, -0.1902, -0.0499,  0.3059,  0.0457, -0.0819,  0.1308, -0.1204,
        -0.2047,  0.2308, -0.1438, -0.0634, -0.3146,  0.2116,  0.2396,  0.1152,
        -0.2205, -0.3121, -0.2568,  0.2358,  0.1518,  0.2661,  0.1657,  0.0800,
        -0.0031, -0.2405, -0.2709, -0.2958,  0.1295, -0.1553, -0.0636, -0.1820,
        -0.0576, -0.2226, -0.2066,  0.1049, -0.0940,  0.1952, -0.1014, -0.2320,
        -0.0558, -0.1533, -0.0967, -0.3010,  0.1769, -0.2202,  0.1589,  0.1435,
         0.2259, -0.2426,  0.2274, -0.1495,  0.1173,  0.2970, -0.0446, -0.0024,
        -0.0728, -0.2640,  0.1518, -0.3139,  0.1963,  0.2366,  0.2991, -0.0746,
        -0.2598,  0.0711,  0.1747, -0.3147, -0.0718, -0.1896, -0.0277, -0.1557,
        -0.1293, -0.1004, -0.3005,  0.2595,  0.2651, -0.0496, -0.0360, -0.1291,
        -0.2856, -0.3077,  0.1175, -0.1736, -0.2033, -0.0247, -0.1053, -0.1023,
         0.0102, -0.0671, -0.1089, -0.1514, -0.2574,  0.2652, -0.1266,  0.0838,
        -0.1097,  0.0257,  0.2948,  0.1457, -0.2740,  0.1255,  0.3002,  0.0832,
         0.2120,  0.3118, -0.0485,  0.0656, -0.2198, -0.0652,  0.2342,  0.1621,
        -0.2001, -0.2536, -0.2161, -0.3121, -0.2440, -0.0782,  0.2134,  0.0529,
        -0.2405, -0.2537,  0.1573, -0.2352, -0.0389,  0.1517, -0.1464, -0.0345,
        -0.0275, -0.0748, -0.1603, -0.2819, -0.2556, -0.1693,  0.3054, -0.1527,
        -0.2124,  0.0767,  0.0872,  0.1733,  0.2404,  0.1761, -0.3135,  0.0280,
         0.1916, -0.0292, -0.1863,  0.3015, -0.1183, -0.1800, -0.2851,  0.0141,
         0.1401,  0.0700,  0.0625, -0.2398, -0.2953,  0.0056,  0.2883,  0.1824,
        -0.1841, -0.0410, -0.2331, -0.1526,  0.0573,  0.1722,  0.2620, -0.2903,
         0.2114, -0.2230,  0.1184,  0.2676,  0.0044,  0.2877, -0.2694, -0.1208,
         0.1844, -0.0689, -0.0647, -0.1318,  0.2180,  0.1551,  0.1013, -0.1777,
        -0.2567,  0.0342,  0.0937, -0.1460, -0.0885,  0.2136,  0.0252,  0.0143,
        -0.0778, -0.2864, -0.2973, -0.1512, -0.1607,  0.0985, -0.0921, -0.1237,
         0.3015,  0.1101,  0.2254, -0.1531, -0.1292,  0.1162, -0.2107, -0.2067,
        -0.0153, -0.1157, -0.2371,  0.1876,  0.2543,  0.0513, -0.0551, -0.2929,
        -0.1152,  0.0805,  0.1491, -0.0400, -0.1250,  0.1762, -0.2518,  0.1999,
        -0.1227,  0.0048, -0.0625,  0.0383, -0.0956,  0.2299, -0.0082,  0.2468,
         0.3040, -0.1541, -0.2307,  0.2537,  0.2478, -0.2415, -0.0244, -0.3118,
        -0.2589,  0.0611,  0.0841,  0.0670, -0.0861,  0.2917,  0.0452, -0.1866,
        -0.0179,  0.0759,  0.1107, -0.2236,  0.1185, -0.1616, -0.2628, -0.1727,
         0.3050,  0.2703,  0.2832,  0.1856,  0.2389, -0.0423, -0.1740,  0.1580,
        -0.1639, -0.2134, -0.1010,  0.0664,  0.1628, -0.1228, -0.1861,  0.0427,
        -0.1864, -0.2059,  0.1648, -0.0531,  0.2890,  0.3076,  0.0946,  0.1088,
         0.0728,  0.0050, -0.0230,  0.0043,  0.1181,  0.2940, -0.0820, -0.1337,
        -0.0766, -0.1528,  0.0538,  0.2360,  0.2473,  0.1452, -0.2327, -0.1697,
        -0.0695, -0.0583,  0.0260, -0.2903,  0.0984, -0.2412, -0.2001, -0.2629,
         0.2755, -0.2994,  0.2386, -0.0106, -0.0368,  0.1978, -0.0292,  0.1983,
         0.2286, -0.2746,  0.1217,  0.0597,  0.0680,  0.0462,  0.0865, -0.1521,
        -0.0405,  0.3005,  0.2125, -0.0119, -0.2974,  0.0139, -0.2153,  0.2572,
        -0.1920, -0.0228, -0.0702,  0.0563,  0.2976,  0.0300,  0.1831,  0.2455,
         0.2553, -0.1092, -0.0707,  0.1524, -0.0863,  0.1481, -0.0691, -0.2145,
         0.1287,  0.0485,  0.1410,  0.3142,  0.2159,  0.2998,  0.0169, -0.2720,
        -0.2218, -0.1964, -0.2787, -0.1585, -0.2911, -0.2918, -0.1890, -0.3117,
        -0.1941,  0.1206,  0.2638, -0.0941, -0.0920,  0.1689, -0.1560, -0.1495,
         0.1948, -0.2755,  0.0387,  0.2793,  0.0542,  0.0860, -0.1842, -0.0044,
         0.0174,  0.0776,  0.1229,  0.2748, -0.2414,  0.0095, -0.1580, -0.2502,
        -0.0253, -0.2784,  0.2207,  0.0366], device='cuda:1')
rank: local_param 0 tensor([-0.1264,  0.0707, -0.1273, -0.0172,  0.0084,  0.1005, -0.0512,  0.0407,
         0.0219,  0.0832,  0.0084,  0.0530, -0.0854, -0.0983,  0.1260, -0.1030,
        -0.0241, -0.0171,  0.1383, -0.0306, -0.1077, -0.0359,  0.0729,  0.0560,
         0.1170, -0.0290,  0.0666, -0.1331,  0.0547,  0.0650,  0.0912, -0.0811,
        -0.0378,  0.0342, -0.1005, -0.1125, -0.1361,  0.0079,  0.0878,  0.0363,
         0.0086,  0.0493, -0.0889,  0.0149, -0.0351, -0.0700,  0.1220, -0.1094,
         0.0207, -0.1243, -0.0048, -0.0628,  0.0465, -0.0794,  0.0905, -0.1148,
         0.0849, -0.1062,  0.0757, -0.0595, -0.0003, -0.0258,  0.0918,  0.0463,
        -0.1246,  0.0130, -0.0976,  0.1057,  0.0232, -0.0364, -0.0721,  0.0490,
        -0.0847,  0.0671,  0.0772,  0.0868,  0.0369, -0.1238,  0.1017, -0.0439,
        -0.0418, -0.0152,  0.1034,  0.1087,  0.0218,  0.0675, -0.1318,  0.0003,
        -0.1251,  0.0481, -0.1008, -0.0504,  0.0989,  0.1352, -0.0849, -0.0785,
         0.0175,  0.0556, -0.0230, -0.0442, -0.0929,  0.0604,  0.1386, -0.0685,
         0.0667,  0.0691,  0.1137, -0.0161,  0.0045,  0.1039,  0.0894,  0.1397,
        -0.0405,  0.0560,  0.0988, -0.0960,  0.0281, -0.0316,  0.0909, -0.0635,
         0.0099,  0.0846, -0.1296, -0.1194, -0.0724], device='cuda:0',
       requires_grad=True)
rank: flatten_data 0 tensor([-0.1264,  0.0707, -0.1273, -0.0172,  0.0084,  0.1005, -0.0512,  0.0407,
         0.0219,  0.0832,  0.0084,  0.0530, -0.0854, -0.0983,  0.1260, -0.1030,
        -0.0241, -0.0171,  0.1383, -0.0306, -0.1077, -0.0359,  0.0729,  0.0560,
         0.1170, -0.0290,  0.0666, -0.1331,  0.0547,  0.0650,  0.0912, -0.0811,
        -0.0378,  0.0342, -0.1005, -0.1125, -0.1361,  0.0079,  0.0878,  0.0363,
         0.0086,  0.0493, -0.0889,  0.0149, -0.0351, -0.0700,  0.1220, -0.1094,
         0.0207, -0.1243, -0.0048, -0.0628,  0.0465, -0.0794,  0.0905, -0.1148,
         0.0849, -0.1062,  0.0757, -0.0595, -0.0003, -0.0258,  0.0918,  0.0463,
        -0.1246,  0.0130, -0.0976,  0.1057,  0.0232, -0.0364, -0.0721,  0.0490,
        -0.0847,  0.0671,  0.0772,  0.0868,  0.0369, -0.1238,  0.1017, -0.0439,
        -0.0418, -0.0152,  0.1034,  0.1087,  0.0218,  0.0675, -0.1318,  0.0003,
        -0.1251,  0.0481, -0.1008, -0.0504,  0.0989,  0.1352, -0.0849, -0.0785,
         0.0175,  0.0556, -0.0230, -0.0442, -0.0929,  0.0604,  0.1386, -0.0685,
         0.0667,  0.0691,  0.1137, -0.0161,  0.0045,  0.1039,  0.0894,  0.1397,
        -0.0405,  0.0560,  0.0988, -0.0960,  0.0281, -0.0316,  0.0909, -0.0635,
         0.0099,  0.0846, -0.1296, -0.1194, -0.0724,  0.0907,  0.0948, -0.0966,
         0.0270, -0.0749, -0.0656,  0.1220,  0.0683, -0.0387,  0.0208,  0.0274,
         0.0331, -0.0484, -0.0833,  0.0936,  0.0190,  0.0592, -0.0536,  0.0685,
         0.1029,  0.0860,  0.0385,  0.1391, -0.0003,  0.0301,  0.1344,  0.1374,
        -0.0597,  0.1274,  0.0522, -0.0158,  0.1235, -0.0733,  0.0919,  0.1401,
        -0.0975, -0.0835, -0.1401, -0.0255, -0.1284, -0.0474,  0.0429,  0.1000,
         0.0788,  0.0785,  0.0587, -0.0877, -0.1123,  0.0059,  0.1343,  0.0080,
        -0.0122, -0.0960, -0.0701, -0.1090,  0.1132, -0.0230, -0.1249,  0.0152,
         0.0103, -0.0175,  0.0506,  0.0761, -0.1330, -0.1083, -0.0068, -0.1311,
        -0.1285,  0.1249, -0.0108, -0.0699, -0.0485, -0.1104,  0.1104, -0.0307,
        -0.0795, -0.1073,  0.0827, -0.0195, -0.0149, -0.0369, -0.0683,  0.0252,
         0.1088, -0.0820,  0.0068, -0.1076, -0.0663,  0.1241,  0.0015,  0.1362,
        -0.0248, -0.0771, -0.0845,  0.1253, -0.1088,  0.0742,  0.0352,  0.0417,
         0.0798, -0.0370,  0.0875, -0.1127, -0.0498,  0.1035,  0.0420, -0.0188,
        -0.0330, -0.0864,  0.0860, -0.0045, -0.0048,  0.0334,  0.1044, -0.0722,
        -0.0487,  0.0958,  0.0799, -0.0696, -0.1399,  0.0262,  0.0744,  0.0338,
         0.1003, -0.1122], device='cuda:0')
rank: local_param 0 tensor([ 0.2418,  0.2625, -0.0741,  0.2905, -0.0693,  0.0638, -0.1540,  0.1857,
         0.2788, -0.2320,  0.2749,  0.0592,  0.2336,  0.0428,  0.1525, -0.0446,
         0.2438,  0.0467, -0.1476,  0.0806, -0.1457, -0.0371, -0.1284,  0.2098,
        -0.2496, -0.1458, -0.0893, -0.1901,  0.0298, -0.3123,  0.2856, -0.2686,
         0.2441,  0.0526, -0.1027,  0.1954,  0.0493,  0.2555,  0.0346, -0.0997,
         0.0850, -0.0858,  0.1331,  0.2823,  0.1828, -0.1382,  0.1825,  0.0566,
         0.1606, -0.1927], device='cuda:0', requires_grad=True)
rank: flatten_data 0 tensor([ 0.2418,  0.2625, -0.0741,  0.2905, -0.0693,  0.0638, -0.1540,  0.1857,
         0.2788, -0.2320,  0.2749,  0.0592,  0.2336,  0.0428,  0.1525, -0.0446,
         0.2438,  0.0467, -0.1476,  0.0806, -0.1457, -0.0371, -0.1284,  0.2098,
        -0.2496, -0.1458, -0.0893, -0.1901,  0.0298, -0.3123,  0.2856, -0.2686,
         0.2441,  0.0526, -0.1027,  0.1954,  0.0493,  0.2555,  0.0346, -0.0997,
         0.0850, -0.0858,  0.1331,  0.2823,  0.1828, -0.1382,  0.1825,  0.0566,
         0.1606, -0.1927, -0.3130, -0.1222, -0.2426,  0.2595,  0.0911,  0.1310,
         0.1000, -0.0055,  0.2475, -0.2247,  0.0199, -0.2158,  0.0975, -0.1089,
         0.0969, -0.0659,  0.2623, -0.1874, -0.1886, -0.1886,  0.2844,  0.1054,
         0.3043, -0.2610, -0.3137, -0.2474, -0.2127,  0.1281,  0.1132,  0.2628,
        -0.1633, -0.2156,  0.1678, -0.1278,  0.1919, -0.0750,  0.1809, -0.2457,
        -0.1596,  0.0964,  0.0669, -0.0806,  0.1885,  0.2150, -0.2293, -0.1688,
         0.2896, -0.1067, -0.1121, -0.3060], device='cuda:0')
rank: local_param 0 tensor([-0.1811,  0.0790, -0.0417, -0.2295,  0.0074, -0.2160, -0.2683, -0.1741,
        -0.2768, -0.2014,  0.3161,  0.0597,  0.0974, -0.2949, -0.2077, -0.1053,
         0.0494, -0.2783, -0.1363, -0.1893,  0.0009, -0.1177, -0.0219, -0.2143,
        -0.2171, -0.1845, -0.1082, -0.2496,  0.2651, -0.0628,  0.2721,  0.0985,
        -0.2678,  0.2188, -0.0870, -0.1212, -0.2625, -0.3144,  0.0905, -0.0691,
         0.1231, -0.2595,  0.2348, -0.2321, -0.0546,  0.0661,  0.1633,  0.2553,
         0.2881, -0.2507,  0.0796, -0.1360, -0.0347, -0.2367,  0.2880, -0.2321,
         0.1690,  0.1111,  0.1028, -0.1710,  0.2874,  0.0695,  0.0407, -0.2787,
         0.1327, -0.0474, -0.1449,  0.2716,  0.0705, -0.1750, -0.1601, -0.0151,
         0.1766, -0.0808, -0.1804, -0.1083, -0.2362,  0.1128,  0.2448, -0.2977,
         0.0734,  0.1634,  0.0573, -0.1126,  0.1651,  0.1662,  0.1182, -0.0556,
        -0.0837,  0.0338, -0.0559, -0.0942,  0.2021,  0.2718, -0.0313, -0.0708,
         0.0046, -0.0189,  0.0760,  0.0886, -0.2872, -0.1167,  0.2663,  0.1232,
        -0.0157, -0.1907, -0.1935, -0.2833, -0.1031,  0.1068,  0.2016,  0.1460,
        -0.2795, -0.1902, -0.0499,  0.3059,  0.0457, -0.0819,  0.1308, -0.1204,
        -0.2047,  0.2308, -0.1438, -0.0634, -0.3146,  0.2116,  0.2396,  0.1152,
        -0.2205, -0.3121, -0.2568,  0.2358,  0.1518,  0.2661,  0.1657,  0.0800,
        -0.0031, -0.2405, -0.2709, -0.2958,  0.1295, -0.1553, -0.0636, -0.1820,
        -0.0576, -0.2226, -0.2066,  0.1049, -0.0940,  0.1952, -0.1014, -0.2320,
        -0.0558, -0.1533, -0.0967, -0.3010,  0.1769, -0.2202,  0.1589,  0.1435,
         0.2259, -0.2426,  0.2274, -0.1495,  0.1173,  0.2970, -0.0446, -0.0024,
        -0.0728, -0.2640,  0.1518, -0.3139,  0.1963,  0.2366,  0.2991, -0.0746,
        -0.2598,  0.0711,  0.1747, -0.3147, -0.0718, -0.1896, -0.0277, -0.1557,
        -0.1293, -0.1004, -0.3005,  0.2595,  0.2651, -0.0496, -0.0360, -0.1291,
        -0.2856, -0.3077,  0.1175, -0.1736, -0.2033, -0.0247, -0.1053, -0.1023,
         0.0102, -0.0671, -0.1089, -0.1514, -0.2574,  0.2652, -0.1266,  0.0838,
        -0.1097,  0.0257,  0.2948,  0.1457, -0.2740,  0.1255,  0.3002,  0.0832,
         0.2120,  0.3118, -0.0485,  0.0656, -0.2198, -0.0652,  0.2342,  0.1621,
        -0.2001, -0.2536, -0.2161, -0.3121, -0.2440, -0.0782,  0.2134,  0.0529,
        -0.2405, -0.2537,  0.1573, -0.2352, -0.0389,  0.1517, -0.1464, -0.0345,
        -0.0275, -0.0748, -0.1603, -0.2819, -0.2556, -0.1693,  0.3054, -0.1527,
        -0.2124,  0.0767], device='cuda:0', requires_grad=True)
rank: flatten_data 0 tensor([-0.1811,  0.0790, -0.0417, -0.2295,  0.0074, -0.2160, -0.2683, -0.1741,
        -0.2768, -0.2014,  0.3161,  0.0597,  0.0974, -0.2949, -0.2077, -0.1053,
         0.0494, -0.2783, -0.1363, -0.1893,  0.0009, -0.1177, -0.0219, -0.2143,
        -0.2171, -0.1845, -0.1082, -0.2496,  0.2651, -0.0628,  0.2721,  0.0985,
        -0.2678,  0.2188, -0.0870, -0.1212, -0.2625, -0.3144,  0.0905, -0.0691,
         0.1231, -0.2595,  0.2348, -0.2321, -0.0546,  0.0661,  0.1633,  0.2553,
         0.2881, -0.2507,  0.0796, -0.1360, -0.0347, -0.2367,  0.2880, -0.2321,
         0.1690,  0.1111,  0.1028, -0.1710,  0.2874,  0.0695,  0.0407, -0.2787,
         0.1327, -0.0474, -0.1449,  0.2716,  0.0705, -0.1750, -0.1601, -0.0151,
         0.1766, -0.0808, -0.1804, -0.1083, -0.2362,  0.1128,  0.2448, -0.2977,
         0.0734,  0.1634,  0.0573, -0.1126,  0.1651,  0.1662,  0.1182, -0.0556,
        -0.0837,  0.0338, -0.0559, -0.0942,  0.2021,  0.2718, -0.0313, -0.0708,
         0.0046, -0.0189,  0.0760,  0.0886, -0.2872, -0.1167,  0.2663,  0.1232,
        -0.0157, -0.1907, -0.1935, -0.2833, -0.1031,  0.1068,  0.2016,  0.1460,
        -0.2795, -0.1902, -0.0499,  0.3059,  0.0457, -0.0819,  0.1308, -0.1204,
        -0.2047,  0.2308, -0.1438, -0.0634, -0.3146,  0.2116,  0.2396,  0.1152,
        -0.2205, -0.3121, -0.2568,  0.2358,  0.1518,  0.2661,  0.1657,  0.0800,
        -0.0031, -0.2405, -0.2709, -0.2958,  0.1295, -0.1553, -0.0636, -0.1820,
        -0.0576, -0.2226, -0.2066,  0.1049, -0.0940,  0.1952, -0.1014, -0.2320,
        -0.0558, -0.1533, -0.0967, -0.3010,  0.1769, -0.2202,  0.1589,  0.1435,
         0.2259, -0.2426,  0.2274, -0.1495,  0.1173,  0.2970, -0.0446, -0.0024,
        -0.0728, -0.2640,  0.1518, -0.3139,  0.1963,  0.2366,  0.2991, -0.0746,
        -0.2598,  0.0711,  0.1747, -0.3147, -0.0718, -0.1896, -0.0277, -0.1557,
        -0.1293, -0.1004, -0.3005,  0.2595,  0.2651, -0.0496, -0.0360, -0.1291,
        -0.2856, -0.3077,  0.1175, -0.1736, -0.2033, -0.0247, -0.1053, -0.1023,
         0.0102, -0.0671, -0.1089, -0.1514, -0.2574,  0.2652, -0.1266,  0.0838,
        -0.1097,  0.0257,  0.2948,  0.1457, -0.2740,  0.1255,  0.3002,  0.0832,
         0.2120,  0.3118, -0.0485,  0.0656, -0.2198, -0.0652,  0.2342,  0.1621,
        -0.2001, -0.2536, -0.2161, -0.3121, -0.2440, -0.0782,  0.2134,  0.0529,
        -0.2405, -0.2537,  0.1573, -0.2352, -0.0389,  0.1517, -0.1464, -0.0345,
        -0.0275, -0.0748, -0.1603, -0.2819, -0.2556, -0.1693,  0.3054, -0.1527,
        -0.2124,  0.0767,  0.0872,  0.1733,  0.2404,  0.1761, -0.3135,  0.0280,
         0.1916, -0.0292, -0.1863,  0.3015, -0.1183, -0.1800, -0.2851,  0.0141,
         0.1401,  0.0700,  0.0625, -0.2398, -0.2953,  0.0056,  0.2883,  0.1824,
        -0.1841, -0.0410, -0.2331, -0.1526,  0.0573,  0.1722,  0.2620, -0.2903,
         0.2114, -0.2230,  0.1184,  0.2676,  0.0044,  0.2877, -0.2694, -0.1208,
         0.1844, -0.0689, -0.0647, -0.1318,  0.2180,  0.1551,  0.1013, -0.1777,
        -0.2567,  0.0342,  0.0937, -0.1460, -0.0885,  0.2136,  0.0252,  0.0143,
        -0.0778, -0.2864, -0.2973, -0.1512, -0.1607,  0.0985, -0.0921, -0.1237,
         0.3015,  0.1101,  0.2254, -0.1531, -0.1292,  0.1162, -0.2107, -0.2067,
        -0.0153, -0.1157, -0.2371,  0.1876,  0.2543,  0.0513, -0.0551, -0.2929,
        -0.1152,  0.0805,  0.1491, -0.0400, -0.1250,  0.1762, -0.2518,  0.1999,
        -0.1227,  0.0048, -0.0625,  0.0383, -0.0956,  0.2299, -0.0082,  0.2468,
         0.3040, -0.1541, -0.2307,  0.2537,  0.2478, -0.2415, -0.0244, -0.3118,
        -0.2589,  0.0611,  0.0841,  0.0670, -0.0861,  0.2917,  0.0452, -0.1866,
        -0.0179,  0.0759,  0.1107, -0.2236,  0.1185, -0.1616, -0.2628, -0.1727,
         0.3050,  0.2703,  0.2832,  0.1856,  0.2389, -0.0423, -0.1740,  0.1580,
        -0.1639, -0.2134, -0.1010,  0.0664,  0.1628, -0.1228, -0.1861,  0.0427,
        -0.1864, -0.2059,  0.1648, -0.0531,  0.2890,  0.3076,  0.0946,  0.1088,
         0.0728,  0.0050, -0.0230,  0.0043,  0.1181,  0.2940, -0.0820, -0.1337,
        -0.0766, -0.1528,  0.0538,  0.2360,  0.2473,  0.1452, -0.2327, -0.1697,
        -0.0695, -0.0583,  0.0260, -0.2903,  0.0984, -0.2412, -0.2001, -0.2629,
         0.2755, -0.2994,  0.2386, -0.0106, -0.0368,  0.1978, -0.0292,  0.1983,
         0.2286, -0.2746,  0.1217,  0.0597,  0.0680,  0.0462,  0.0865, -0.1521,
        -0.0405,  0.3005,  0.2125, -0.0119, -0.2974,  0.0139, -0.2153,  0.2572,
        -0.1920, -0.0228, -0.0702,  0.0563,  0.2976,  0.0300,  0.1831,  0.2455,
         0.2553, -0.1092, -0.0707,  0.1524, -0.0863,  0.1481, -0.0691, -0.2145,
         0.1287,  0.0485,  0.1410,  0.3142,  0.2159,  0.2998,  0.0169, -0.2720,
        -0.2218, -0.1964, -0.2787, -0.1585, -0.2911, -0.2918, -0.1890, -0.3117,
        -0.1941,  0.1206,  0.2638, -0.0941, -0.0920,  0.1689, -0.1560, -0.1495,
         0.1948, -0.2755,  0.0387,  0.2793,  0.0542,  0.0860, -0.1842, -0.0044,
         0.0174,  0.0776,  0.1229,  0.2748, -0.2414,  0.0095, -0.1580, -0.2502,
        -0.0253, -0.2784,  0.2207,  0.0366], device='cuda:0')
rank: local_param 0 tensor([-0.0762,  0.0739, -0.1338, -0.0547, -0.0276, -0.1202, -0.0899, -0.0231,
         0.1073,  0.1366,  0.0900, -0.0844, -0.0925,  0.1234,  0.0500,  0.0038,
         0.0191, -0.1137, -0.0472,  0.1361, -0.0349, -0.0071, -0.1174, -0.0791,
        -0.0029, -0.0878, -0.0175,  0.0576, -0.1383,  0.0420, -0.0935, -0.0690,
         0.0543,  0.1124, -0.0387, -0.0581, -0.1279, -0.0729, -0.1238, -0.0324,
         0.0289, -0.1325,  0.1235,  0.0887, -0.1384, -0.0675,  0.0461, -0.0291,
        -0.0154, -0.0639,  0.1136, -0.0791,  0.1173,  0.0091,  0.0284,  0.1103,
        -0.0233, -0.0805, -0.0229,  0.1147, -0.1049,  0.0321, -0.1390,  0.0741,
         0.0523,  0.0060,  0.0607,  0.0002,  0.0783, -0.1120, -0.0208,  0.0627,
         0.1408,  0.0720, -0.1028,  0.1088, -0.0315, -0.0302, -0.1285, -0.0223,
         0.1000,  0.0197, -0.0824,  0.0435, -0.0453,  0.1291, -0.1227, -0.0447,
        -0.1366, -0.0557,  0.0446,  0.1361,  0.0238,  0.1386,  0.0277,  0.0817,
         0.1134,  0.1182, -0.0792,  0.1300,  0.0857, -0.0661, -0.0675, -0.1186,
         0.0355, -0.1146,  0.0597,  0.0447, -0.1229,  0.0385, -0.0115,  0.0646,
         0.0811, -0.1406,  0.1297,  0.1186,  0.0563, -0.1293, -0.0505, -0.0410,
        -0.0363,  0.0798,  0.0514,  0.1120, -0.0530,  0.0476,  0.0503, -0.1177,
        -0.1372, -0.0734,  0.0968, -0.1331, -0.1231,  0.0792,  0.0763,  0.1163,
        -0.1068, -0.1035,  0.0725,  0.1230,  0.0846,  0.0222,  0.0466,  0.1342,
        -0.0912, -0.0642,  0.0989, -0.0968, -0.0780,  0.1032,  0.0446,  0.0457,
        -0.0599, -0.0020,  0.1294, -0.0849,  0.0011,  0.0673, -0.0976,  0.1373,
        -0.0707, -0.0340, -0.0383, -0.0922, -0.1388,  0.0797,  0.0376, -0.1325,
        -0.0910,  0.1398,  0.0541,  0.0567, -0.0846, -0.0620, -0.0213, -0.0259,
        -0.0969,  0.0117,  0.0141, -0.0179,  0.0196, -0.0561,  0.0368,  0.0533,
        -0.0745, -0.1402,  0.0740,  0.0337, -0.0719,  0.1363, -0.0640,  0.0956,
         0.0717, -0.1186,  0.0912, -0.1300, -0.0783, -0.0236, -0.0953,  0.1382,
        -0.0284,  0.0562, -0.1263,  0.0814, -0.0440, -0.1076,  0.0207,  0.0685,
         0.1224, -0.0864, -0.0696,  0.0272,  0.0384,  0.0544,  0.0776, -0.0321,
         0.0786,  0.1043, -0.0369,  0.1006,  0.0691,  0.1247, -0.0804, -0.0698,
        -0.0409,  0.0072,  0.0849, -0.0807,  0.0708, -0.0507,  0.0854, -0.0067,
        -0.1239, -0.0778, -0.1024,  0.0701, -0.0948, -0.0118,  0.0305, -0.0776,
         0.0408, -0.1381, -0.1012, -0.1281, -0.0428, -0.0515,  0.0203, -0.0262,
         0.0665,  0.1297], device='cuda:0', requires_grad=True)
rank: flatten_data 0 tensor([-7.6220e-02,  7.3904e-02, -1.3385e-01, -5.4702e-02, -2.7552e-02,
        -1.2017e-01, -8.9928e-02, -2.3083e-02,  1.0731e-01,  1.3656e-01,
         8.9981e-02, -8.4446e-02, -9.2521e-02,  1.2342e-01,  5.0023e-02,
         3.7572e-03,  1.9139e-02, -1.1366e-01, -4.7219e-02,  1.3613e-01,
        -3.4879e-02, -7.0943e-03, -1.1743e-01, -7.9112e-02, -2.8878e-03,
        -8.7845e-02, -1.7538e-02,  5.7553e-02, -1.3834e-01,  4.2004e-02,
        -9.3509e-02, -6.9021e-02,  5.4293e-02,  1.1245e-01, -3.8652e-02,
        -5.8063e-02, -1.2788e-01, -7.2925e-02, -1.2383e-01, -3.2367e-02,
         2.8858e-02, -1.3249e-01,  1.2348e-01,  8.8726e-02, -1.3844e-01,
        -6.7548e-02,  4.6125e-02, -2.9056e-02, -1.5412e-02, -6.3854e-02,
         1.1359e-01, -7.9054e-02,  1.1728e-01,  9.1248e-03,  2.8429e-02,
         1.1033e-01, -2.3301e-02, -8.0517e-02, -2.2873e-02,  1.1470e-01,
        -1.0493e-01,  3.2100e-02, -1.3899e-01,  7.4148e-02,  5.2251e-02,
         5.9952e-03,  6.0697e-02,  1.5906e-04,  7.8256e-02, -1.1195e-01,
        -2.0768e-02,  6.2737e-02,  1.4083e-01,  7.2039e-02, -1.0284e-01,
         1.0877e-01, -3.1537e-02, -3.0196e-02, -1.2854e-01, -2.2262e-02,
         1.0003e-01,  1.9720e-02, -8.2371e-02,  4.3531e-02, -4.5346e-02,
         1.2912e-01, -1.2275e-01, -4.4672e-02, -1.3655e-01, -5.5696e-02,
         4.4583e-02,  1.3613e-01,  2.3751e-02,  1.3864e-01,  2.7669e-02,
         8.1676e-02,  1.1337e-01,  1.1822e-01, -7.9157e-02,  1.3002e-01,
         8.5668e-02, -6.6126e-02, -6.7487e-02, -1.1862e-01,  3.5516e-02,
        -1.1463e-01,  5.9740e-02,  4.4661e-02, -1.2287e-01,  3.8537e-02,
        -1.1502e-02,  6.4604e-02,  8.1146e-02, -1.4059e-01,  1.2970e-01,
         1.1860e-01,  5.6269e-02, -1.2925e-01, -5.0519e-02, -4.0985e-02,
        -3.6345e-02,  7.9751e-02,  5.1417e-02,  1.1203e-01, -5.2966e-02,
         4.7594e-02,  5.0317e-02, -1.1775e-01, -1.3718e-01, -7.3382e-02,
         9.6810e-02, -1.3314e-01, -1.2310e-01,  7.9224e-02,  7.6301e-02,
         1.1630e-01, -1.0676e-01, -1.0351e-01,  7.2547e-02,  1.2298e-01,
         8.4618e-02,  2.2154e-02,  4.6609e-02,  1.3423e-01, -9.1246e-02,
        -6.4207e-02,  9.8920e-02, -9.6766e-02, -7.7982e-02,  1.0324e-01,
         4.4622e-02,  4.5689e-02, -5.9940e-02, -1.9517e-03,  1.2943e-01,
        -8.4884e-02,  1.1119e-03,  6.7260e-02, -9.7631e-02,  1.3735e-01,
        -7.0656e-02, -3.3960e-02, -3.8264e-02, -9.2158e-02, -1.3877e-01,
         7.9741e-02,  3.7572e-02, -1.3246e-01, -9.1023e-02,  1.3978e-01,
         5.4056e-02,  5.6745e-02, -8.4612e-02, -6.1999e-02, -2.1348e-02,
        -2.5863e-02, -9.6909e-02,  1.1651e-02,  1.4056e-02, -1.7907e-02,
         1.9606e-02, -5.6052e-02,  3.6805e-02,  5.3336e-02, -7.4492e-02,
        -1.4023e-01,  7.4025e-02,  3.3734e-02, -7.1925e-02,  1.3629e-01,
        -6.3958e-02,  9.5565e-02,  7.1747e-02, -1.1857e-01,  9.1208e-02,
        -1.3003e-01, -7.8350e-02, -2.3577e-02, -9.5325e-02,  1.3816e-01,
        -2.8366e-02,  5.6171e-02, -1.2628e-01,  8.1412e-02, -4.3951e-02,
        -1.0758e-01,  2.0679e-02,  6.8513e-02,  1.2239e-01, -8.6379e-02,
        -6.9594e-02,  2.7190e-02,  3.8362e-02,  5.4373e-02,  7.7623e-02,
        -3.2068e-02,  7.8569e-02,  1.0427e-01, -3.6942e-02,  1.0062e-01,
         6.9096e-02,  1.2474e-01, -8.0366e-02, -6.9835e-02, -4.0890e-02,
         7.1738e-03,  8.4881e-02, -8.0732e-02,  7.0803e-02, -5.0683e-02,
         8.5434e-02, -6.7143e-03, -1.2390e-01, -7.7817e-02, -1.0235e-01,
         7.0140e-02, -9.4830e-02, -1.1783e-02,  3.0512e-02, -7.7555e-02,
         4.0796e-02, -1.3809e-01, -1.0119e-01, -1.2815e-01, -4.2777e-02,
        -5.1519e-02,  2.0251e-02, -2.6151e-02,  6.6480e-02,  1.2965e-01,
         5.0741e-02, -5.5715e-02, -1.3242e-01,  5.1223e-02, -7.0068e-02,
         7.1966e-02,  9.4538e-02,  5.4549e-02,  1.3270e-01,  1.3432e-01,
         2.9945e-02, -1.0304e-01,  1.2635e-01, -6.7104e-02, -6.6801e-02,
         1.1834e-01,  1.0957e-01,  4.2731e-02,  8.8648e-03, -1.1896e-01,
        -1.4680e-02,  1.3564e-01,  3.6014e-02,  1.2108e-02, -2.9366e-02,
        -4.9325e-02,  8.4290e-02,  8.7212e-03,  9.2005e-02, -2.5031e-02,
         6.1788e-02,  5.8374e-02,  2.2552e-02,  8.8865e-02,  8.8621e-02,
         1.3109e-01,  1.0872e-01, -3.6161e-02, -1.1973e-01,  2.5854e-02,
        -1.2344e-03, -3.6886e-02, -2.3682e-02,  6.6514e-03,  1.0319e-01,
         4.4087e-02, -5.0218e-02, -5.8156e-02, -3.5020e-02, -5.4660e-02,
         1.2717e-01,  7.4903e-02,  1.2770e-01,  4.5165e-04,  2.8521e-02,
         4.9040e-02, -1.3386e-01,  1.2628e-02, -9.4597e-03, -7.9288e-02,
        -1.0974e-01,  1.2520e-01,  1.1498e-01,  6.5544e-02,  1.3495e-01,
        -5.7390e-02, -2.4427e-02,  5.3545e-02, -2.3367e-02, -2.7752e-02,
        -1.1689e-01,  3.7994e-02, -8.5465e-02,  5.1430e-03,  1.3788e-01,
        -4.3532e-02, -4.4575e-02,  8.5321e-02, -5.1994e-02, -1.2145e-02,
         1.3205e-01, -5.7979e-02, -1.0117e-01, -7.9146e-02, -3.9208e-02,
        -6.7104e-02, -7.3388e-02,  5.7126e-02,  2.4033e-02, -4.5264e-02,
        -1.0987e-01, -4.4528e-02, -5.9685e-02, -4.6021e-02, -1.2758e-01,
         3.0466e-02, -1.0391e-01, -1.1014e-01, -1.1555e-01,  5.9027e-02,
        -8.5139e-02, -5.8372e-02,  1.1085e-01,  7.5090e-02,  8.1090e-02,
        -1.3428e-01, -1.0141e-01, -5.3388e-02,  1.1683e-01,  1.4467e-02,
        -1.0577e-01,  8.8556e-04, -1.0984e-01, -3.0985e-02, -3.8887e-02,
         1.2242e-01,  4.3803e-02, -2.4660e-02,  2.3890e-02, -4.0823e-02,
         5.5565e-02,  5.5941e-02,  3.7978e-02, -5.5123e-02,  1.2065e-01,
        -2.0417e-02, -5.5058e-02,  8.8574e-02,  1.1527e-01,  1.4074e-01,
         4.1897e-02, -4.8210e-02,  7.1827e-02,  1.2133e-01, -1.3871e-01,
        -1.7520e-02, -9.6444e-02,  2.6355e-02,  5.8490e-02, -2.9216e-02,
        -1.1831e-02,  6.3655e-02, -2.3769e-02, -1.1876e-01,  1.1316e-01,
        -7.1179e-02, -1.5536e-02,  1.3340e-02, -8.4990e-03, -1.3303e-01,
         6.4884e-02, -6.4238e-02, -7.3350e-02,  3.3788e-02, -7.3802e-02,
        -6.5359e-02, -4.7652e-02, -5.3129e-02, -5.9063e-02, -3.8139e-02,
         3.6752e-02, -1.1444e-01, -8.5600e-02,  2.0635e-03,  1.9667e-02,
         7.8106e-02, -9.9341e-02,  4.5141e-02,  8.0382e-02,  7.8526e-02,
        -1.3172e-01, -5.3967e-02, -1.2156e-01, -8.9493e-02,  7.8769e-02,
        -2.1117e-02,  6.0063e-02, -8.3015e-02,  2.1490e-02, -8.5540e-02,
         7.0695e-02, -6.1855e-02, -3.5463e-02, -1.2270e-01,  4.6719e-04,
         1.3428e-01,  6.8643e-02, -7.5454e-02,  1.9019e-03, -1.5507e-02,
        -1.1385e-01,  1.1089e-01,  2.2798e-03,  2.9783e-02, -5.7110e-02,
        -6.6174e-02,  2.3319e-02,  5.2285e-02,  3.1721e-02, -6.8157e-02,
         1.3731e-01, -2.0818e-02, -8.6609e-02, -6.6145e-02,  1.3922e-01,
         6.8109e-06, -1.9197e-02, -5.8854e-02, -3.7073e-02, -1.1911e-01,
        -1.1239e-01,  8.2772e-02,  1.2098e-01,  1.3496e-01, -1.0210e-01,
         7.6490e-02, -8.7535e-02,  8.4366e-02,  1.0204e-01,  1.0944e-01,
         1.0183e-01,  8.8469e-02,  2.7526e-03,  6.4981e-02, -5.0596e-02,
         6.1580e-02, -4.5453e-02, -2.3747e-03, -1.2309e-01, -3.6978e-02,
        -7.4370e-02, -4.7704e-02, -9.0310e-02, -1.2720e-01,  9.2089e-03,
         9.1780e-02,  1.2880e-01,  8.2527e-02, -7.3304e-02, -1.3987e-01,
         5.3643e-02,  7.9240e-02, -1.2141e-01,  5.0712e-02,  1.1957e-01,
         8.5668e-03, -8.5201e-02,  1.1595e-01,  6.0389e-02,  9.3649e-02],
       device='cuda:0')
rank: local_param 1 tensor([ 5.0741e-02, -5.5715e-02, -1.3242e-01,  5.1223e-02, -7.0068e-02,
         7.1966e-02,  9.4538e-02,  5.4549e-02,  1.3270e-01,  1.3432e-01,
         2.9945e-02, -1.0304e-01,  1.2635e-01, -6.7104e-02, -6.6801e-02,
         1.1834e-01,  1.0957e-01,  4.2731e-02,  8.8648e-03, -1.1896e-01,
        -1.4680e-02,  1.3564e-01,  3.6014e-02,  1.2108e-02, -2.9366e-02,
        -4.9325e-02,  8.4290e-02,  8.7212e-03,  9.2005e-02, -2.5031e-02,
         6.1788e-02,  5.8374e-02,  2.2552e-02,  8.8865e-02,  8.8621e-02,
         1.3109e-01,  1.0872e-01, -3.6161e-02, -1.1973e-01,  2.5854e-02,
        -1.2344e-03, -3.6886e-02, -2.3682e-02,  6.6514e-03,  1.0319e-01,
         4.4087e-02, -5.0218e-02, -5.8156e-02, -3.5020e-02, -5.4660e-02,
         1.2717e-01,  7.4903e-02,  1.2770e-01,  4.5165e-04,  2.8521e-02,
         4.9040e-02, -1.3386e-01,  1.2628e-02, -9.4597e-03, -7.9288e-02,
        -1.0974e-01,  1.2520e-01,  1.1498e-01,  6.5544e-02,  1.3495e-01,
        -5.7390e-02, -2.4427e-02,  5.3545e-02, -2.3367e-02, -2.7752e-02,
        -1.1689e-01,  3.7994e-02, -8.5465e-02,  5.1430e-03,  1.3788e-01,
        -4.3532e-02, -4.4575e-02,  8.5321e-02, -5.1994e-02, -1.2145e-02,
         1.3205e-01, -5.7979e-02, -1.0117e-01, -7.9146e-02, -3.9208e-02,
        -6.7104e-02, -7.3388e-02,  5.7126e-02,  2.4033e-02, -4.5264e-02,
        -1.0987e-01, -4.4528e-02, -5.9685e-02, -4.6021e-02, -1.2758e-01,
         3.0466e-02, -1.0391e-01, -1.1014e-01, -1.1555e-01,  5.9027e-02,
        -8.5139e-02, -5.8372e-02,  1.1085e-01,  7.5090e-02,  8.1090e-02,
        -1.3428e-01, -1.0141e-01, -5.3388e-02,  1.1683e-01,  1.4467e-02,
        -1.0577e-01,  8.8556e-04, -1.0984e-01, -3.0985e-02, -3.8887e-02,
         1.2242e-01,  4.3803e-02, -2.4660e-02,  2.3890e-02, -4.0823e-02,
         5.5565e-02,  5.5941e-02,  3.7978e-02, -5.5123e-02,  1.2065e-01,
        -2.0417e-02, -5.5058e-02,  8.8574e-02,  1.1527e-01,  1.4074e-01,
         4.1897e-02, -4.8210e-02,  7.1827e-02,  1.2133e-01, -1.3871e-01,
        -1.7520e-02, -9.6444e-02,  2.6355e-02,  5.8490e-02, -2.9216e-02,
        -1.1831e-02,  6.3655e-02, -2.3769e-02, -1.1876e-01,  1.1316e-01,
        -7.1179e-02, -1.5536e-02,  1.3340e-02, -8.4990e-03, -1.3303e-01,
         6.4884e-02, -6.4238e-02, -7.3350e-02,  3.3788e-02, -7.3802e-02,
        -6.5359e-02, -4.7652e-02, -5.3129e-02, -5.9063e-02, -3.8139e-02,
         3.6752e-02, -1.1444e-01, -8.5600e-02,  2.0635e-03,  1.9667e-02,
         7.8106e-02, -9.9341e-02,  4.5141e-02,  8.0382e-02,  7.8526e-02,
        -1.3172e-01, -5.3967e-02, -1.2156e-01, -8.9493e-02,  7.8769e-02,
        -2.1117e-02,  6.0063e-02, -8.3015e-02,  2.1490e-02, -8.5540e-02,
         7.0695e-02, -6.1855e-02, -3.5463e-02, -1.2270e-01,  4.6719e-04,
         1.3428e-01,  6.8643e-02, -7.5454e-02,  1.9019e-03, -1.5507e-02,
        -1.1385e-01,  1.1089e-01,  2.2798e-03,  2.9783e-02, -5.7110e-02,
        -6.6174e-02,  2.3319e-02,  5.2285e-02,  3.1721e-02, -6.8157e-02,
         1.3731e-01, -2.0818e-02, -8.6609e-02, -6.6145e-02,  1.3922e-01,
         6.8109e-06, -1.9197e-02, -5.8854e-02, -3.7073e-02, -1.1911e-01,
        -1.1239e-01,  8.2772e-02,  1.2098e-01,  1.3496e-01, -1.0210e-01,
         7.6490e-02, -8.7535e-02,  8.4366e-02,  1.0204e-01,  1.0944e-01,
         1.0183e-01,  8.8469e-02,  2.7526e-03,  6.4981e-02, -5.0596e-02,
         6.1580e-02, -4.5453e-02, -2.3747e-03, -1.2309e-01, -3.6978e-02,
        -7.4370e-02, -4.7704e-02, -9.0310e-02, -1.2720e-01,  9.2089e-03,
         9.1780e-02,  1.2880e-01,  8.2527e-02, -7.3304e-02, -1.3987e-01,
         5.3643e-02,  7.9240e-02, -1.2141e-01,  5.0712e-02,  1.1957e-01,
         8.5668e-03, -8.5201e-02,  1.1595e-01,  6.0389e-02,  9.3649e-02],
       device='cuda:1', requires_grad=True)
rank: flatten_data 1 tensor([-7.6220e-02,  7.3904e-02, -1.3385e-01, -5.4702e-02, -2.7552e-02,
        -1.2017e-01, -8.9928e-02, -2.3083e-02,  1.0731e-01,  1.3656e-01,
         8.9981e-02, -8.4446e-02, -9.2521e-02,  1.2342e-01,  5.0023e-02,
         3.7572e-03,  1.9139e-02, -1.1366e-01, -4.7219e-02,  1.3613e-01,
        -3.4879e-02, -7.0943e-03, -1.1743e-01, -7.9112e-02, -2.8878e-03,
        -8.7845e-02, -1.7538e-02,  5.7553e-02, -1.3834e-01,  4.2004e-02,
        -9.3509e-02, -6.9021e-02,  5.4293e-02,  1.1245e-01, -3.8652e-02,
        -5.8063e-02, -1.2788e-01, -7.2925e-02, -1.2383e-01, -3.2367e-02,
         2.8858e-02, -1.3249e-01,  1.2348e-01,  8.8726e-02, -1.3844e-01,
        -6.7548e-02,  4.6125e-02, -2.9056e-02, -1.5412e-02, -6.3854e-02,
         1.1359e-01, -7.9054e-02,  1.1728e-01,  9.1248e-03,  2.8429e-02,
         1.1033e-01, -2.3301e-02, -8.0517e-02, -2.2873e-02,  1.1470e-01,
        -1.0493e-01,  3.2100e-02, -1.3899e-01,  7.4148e-02,  5.2251e-02,
         5.9952e-03,  6.0697e-02,  1.5906e-04,  7.8256e-02, -1.1195e-01,
        -2.0768e-02,  6.2737e-02,  1.4083e-01,  7.2039e-02, -1.0284e-01,
         1.0877e-01, -3.1537e-02, -3.0196e-02, -1.2854e-01, -2.2262e-02,
         1.0003e-01,  1.9720e-02, -8.2371e-02,  4.3531e-02, -4.5346e-02,
         1.2912e-01, -1.2275e-01, -4.4672e-02, -1.3655e-01, -5.5696e-02,
         4.4583e-02,  1.3613e-01,  2.3751e-02,  1.3864e-01,  2.7669e-02,
         8.1676e-02,  1.1337e-01,  1.1822e-01, -7.9157e-02,  1.3002e-01,
         8.5668e-02, -6.6126e-02, -6.7487e-02, -1.1862e-01,  3.5516e-02,
        -1.1463e-01,  5.9740e-02,  4.4661e-02, -1.2287e-01,  3.8537e-02,
        -1.1502e-02,  6.4604e-02,  8.1146e-02, -1.4059e-01,  1.2970e-01,
         1.1860e-01,  5.6269e-02, -1.2925e-01, -5.0519e-02, -4.0985e-02,
        -3.6345e-02,  7.9751e-02,  5.1417e-02,  1.1203e-01, -5.2966e-02,
         4.7594e-02,  5.0317e-02, -1.1775e-01, -1.3718e-01, -7.3382e-02,
         9.6810e-02, -1.3314e-01, -1.2310e-01,  7.9224e-02,  7.6301e-02,
         1.1630e-01, -1.0676e-01, -1.0351e-01,  7.2547e-02,  1.2298e-01,
         8.4618e-02,  2.2154e-02,  4.6609e-02,  1.3423e-01, -9.1246e-02,
        -6.4207e-02,  9.8920e-02, -9.6766e-02, -7.7982e-02,  1.0324e-01,
         4.4622e-02,  4.5689e-02, -5.9940e-02, -1.9517e-03,  1.2943e-01,
        -8.4884e-02,  1.1119e-03,  6.7260e-02, -9.7631e-02,  1.3735e-01,
        -7.0656e-02, -3.3960e-02, -3.8264e-02, -9.2158e-02, -1.3877e-01,
         7.9741e-02,  3.7572e-02, -1.3246e-01, -9.1023e-02,  1.3978e-01,
         5.4056e-02,  5.6745e-02, -8.4612e-02, -6.1999e-02, -2.1348e-02,
        -2.5863e-02, -9.6909e-02,  1.1651e-02,  1.4056e-02, -1.7907e-02,
         1.9606e-02, -5.6052e-02,  3.6805e-02,  5.3336e-02, -7.4492e-02,
        -1.4023e-01,  7.4025e-02,  3.3734e-02, -7.1925e-02,  1.3629e-01,
        -6.3958e-02,  9.5565e-02,  7.1747e-02, -1.1857e-01,  9.1208e-02,
        -1.3003e-01, -7.8350e-02, -2.3577e-02, -9.5325e-02,  1.3816e-01,
        -2.8366e-02,  5.6171e-02, -1.2628e-01,  8.1412e-02, -4.3951e-02,
        -1.0758e-01,  2.0679e-02,  6.8513e-02,  1.2239e-01, -8.6379e-02,
        -6.9594e-02,  2.7190e-02,  3.8362e-02,  5.4373e-02,  7.7623e-02,
        -3.2068e-02,  7.8569e-02,  1.0427e-01, -3.6942e-02,  1.0062e-01,
         6.9096e-02,  1.2474e-01, -8.0366e-02, -6.9835e-02, -4.0890e-02,
         7.1738e-03,  8.4881e-02, -8.0732e-02,  7.0803e-02, -5.0683e-02,
         8.5434e-02, -6.7143e-03, -1.2390e-01, -7.7817e-02, -1.0235e-01,
         7.0140e-02, -9.4830e-02, -1.1783e-02,  3.0512e-02, -7.7555e-02,
         4.0796e-02, -1.3809e-01, -1.0119e-01, -1.2815e-01, -4.2777e-02,
        -5.1519e-02,  2.0251e-02, -2.6151e-02,  6.6480e-02,  1.2965e-01,
         5.0741e-02, -5.5715e-02, -1.3242e-01,  5.1223e-02, -7.0068e-02,
         7.1966e-02,  9.4538e-02,  5.4549e-02,  1.3270e-01,  1.3432e-01,
         2.9945e-02, -1.0304e-01,  1.2635e-01, -6.7104e-02, -6.6801e-02,
         1.1834e-01,  1.0957e-01,  4.2731e-02,  8.8648e-03, -1.1896e-01,
        -1.4680e-02,  1.3564e-01,  3.6014e-02,  1.2108e-02, -2.9366e-02,
        -4.9325e-02,  8.4290e-02,  8.7212e-03,  9.2005e-02, -2.5031e-02,
         6.1788e-02,  5.8374e-02,  2.2552e-02,  8.8865e-02,  8.8621e-02,
         1.3109e-01,  1.0872e-01, -3.6161e-02, -1.1973e-01,  2.5854e-02,
        -1.2344e-03, -3.6886e-02, -2.3682e-02,  6.6514e-03,  1.0319e-01,
         4.4087e-02, -5.0218e-02, -5.8156e-02, -3.5020e-02, -5.4660e-02,
         1.2717e-01,  7.4903e-02,  1.2770e-01,  4.5165e-04,  2.8521e-02,
         4.9040e-02, -1.3386e-01,  1.2628e-02, -9.4597e-03, -7.9288e-02,
        -1.0974e-01,  1.2520e-01,  1.1498e-01,  6.5544e-02,  1.3495e-01,
        -5.7390e-02, -2.4427e-02,  5.3545e-02, -2.3367e-02, -2.7752e-02,
        -1.1689e-01,  3.7994e-02, -8.5465e-02,  5.1430e-03,  1.3788e-01,
        -4.3532e-02, -4.4575e-02,  8.5321e-02, -5.1994e-02, -1.2145e-02,
         1.3205e-01, -5.7979e-02, -1.0117e-01, -7.9146e-02, -3.9208e-02,
        -6.7104e-02, -7.3388e-02,  5.7126e-02,  2.4033e-02, -4.5264e-02,
        -1.0987e-01, -4.4528e-02, -5.9685e-02, -4.6021e-02, -1.2758e-01,
         3.0466e-02, -1.0391e-01, -1.1014e-01, -1.1555e-01,  5.9027e-02,
        -8.5139e-02, -5.8372e-02,  1.1085e-01,  7.5090e-02,  8.1090e-02,
        -1.3428e-01, -1.0141e-01, -5.3388e-02,  1.1683e-01,  1.4467e-02,
        -1.0577e-01,  8.8556e-04, -1.0984e-01, -3.0985e-02, -3.8887e-02,
         1.2242e-01,  4.3803e-02, -2.4660e-02,  2.3890e-02, -4.0823e-02,
         5.5565e-02,  5.5941e-02,  3.7978e-02, -5.5123e-02,  1.2065e-01,
        -2.0417e-02, -5.5058e-02,  8.8574e-02,  1.1527e-01,  1.4074e-01,
         4.1897e-02, -4.8210e-02,  7.1827e-02,  1.2133e-01, -1.3871e-01,
        -1.7520e-02, -9.6444e-02,  2.6355e-02,  5.8490e-02, -2.9216e-02,
        -1.1831e-02,  6.3655e-02, -2.3769e-02, -1.1876e-01,  1.1316e-01,
        -7.1179e-02, -1.5536e-02,  1.3340e-02, -8.4990e-03, -1.3303e-01,
         6.4884e-02, -6.4238e-02, -7.3350e-02,  3.3788e-02, -7.3802e-02,
        -6.5359e-02, -4.7652e-02, -5.3129e-02, -5.9063e-02, -3.8139e-02,
         3.6752e-02, -1.1444e-01, -8.5600e-02,  2.0635e-03,  1.9667e-02,
         7.8106e-02, -9.9341e-02,  4.5141e-02,  8.0382e-02,  7.8526e-02,
        -1.3172e-01, -5.3967e-02, -1.2156e-01, -8.9493e-02,  7.8769e-02,
        -2.1117e-02,  6.0063e-02, -8.3015e-02,  2.1490e-02, -8.5540e-02,
         7.0695e-02, -6.1855e-02, -3.5463e-02, -1.2270e-01,  4.6719e-04,
         1.3428e-01,  6.8643e-02, -7.5454e-02,  1.9019e-03, -1.5507e-02,
        -1.1385e-01,  1.1089e-01,  2.2798e-03,  2.9783e-02, -5.7110e-02,
        -6.6174e-02,  2.3319e-02,  5.2285e-02,  3.1721e-02, -6.8157e-02,
         1.3731e-01, -2.0818e-02, -8.6609e-02, -6.6145e-02,  1.3922e-01,
         6.8109e-06, -1.9197e-02, -5.8854e-02, -3.7073e-02, -1.1911e-01,
        -1.1239e-01,  8.2772e-02,  1.2098e-01,  1.3496e-01, -1.0210e-01,
         7.6490e-02, -8.7535e-02,  8.4366e-02,  1.0204e-01,  1.0944e-01,
         1.0183e-01,  8.8469e-02,  2.7526e-03,  6.4981e-02, -5.0596e-02,
         6.1580e-02, -4.5453e-02, -2.3747e-03, -1.2309e-01, -3.6978e-02,
        -7.4370e-02, -4.7704e-02, -9.0310e-02, -1.2720e-01,  9.2089e-03,
         9.1780e-02,  1.2880e-01,  8.2527e-02, -7.3304e-02, -1.3987e-01,
         5.3643e-02,  7.9240e-02, -1.2141e-01,  5.0712e-02,  1.1957e-01,
         8.5668e-03, -8.5201e-02,  1.1595e-01,  6.0389e-02,  9.3649e-02],
       device='cuda:1')
rank: local_param 0 tensor([-0.1264,  0.0707, -0.1273, -0.0172,  0.0084,  0.1005, -0.0512,  0.0407,
         0.0219,  0.0832,  0.0084,  0.0530, -0.0854, -0.0983,  0.1260, -0.1030,
        -0.0241, -0.0171,  0.1383, -0.0306, -0.1077, -0.0359,  0.0729,  0.0560,
         0.1170, -0.0290,  0.0666, -0.1331,  0.0547,  0.0650,  0.0912, -0.0811,
        -0.0378,  0.0342, -0.1005, -0.1125, -0.1361,  0.0079,  0.0878,  0.0363,
         0.0086,  0.0493, -0.0889,  0.0149, -0.0351, -0.0700,  0.1220, -0.1094,
         0.0207, -0.1243, -0.0048, -0.0628,  0.0465, -0.0794,  0.0905, -0.1148,
         0.0849, -0.1062,  0.0757, -0.0595, -0.0003, -0.0258,  0.0918,  0.0463,
        -0.1246,  0.0130, -0.0976,  0.1057,  0.0232, -0.0364, -0.0721,  0.0490,
        -0.0847,  0.0671,  0.0772,  0.0868,  0.0369, -0.1238,  0.1017, -0.0439,
        -0.0418, -0.0152,  0.1034,  0.1087,  0.0218,  0.0675, -0.1318,  0.0003,
        -0.1251,  0.0481, -0.1008, -0.0504,  0.0989,  0.1352, -0.0849, -0.0785,
         0.0175,  0.0556, -0.0230, -0.0442, -0.0929,  0.0604,  0.1386, -0.0685,
         0.0667,  0.0691,  0.1137, -0.0161,  0.0045,  0.1039,  0.0894,  0.1397,
        -0.0405,  0.0560,  0.0988, -0.0960,  0.0281, -0.0316,  0.0909, -0.0635,
         0.0099,  0.0846, -0.1296, -0.1194, -0.0724], device='cuda:0',
       requires_grad=True)
rank: flatten_data 0 tensor([-0.1264,  0.0707, -0.1273, -0.0172,  0.0084,  0.1005, -0.0512,  0.0407,
         0.0219,  0.0832,  0.0084,  0.0530, -0.0854, -0.0983,  0.1260, -0.1030,
        -0.0241, -0.0171,  0.1383, -0.0306, -0.1077, -0.0359,  0.0729,  0.0560,
         0.1170, -0.0290,  0.0666, -0.1331,  0.0547,  0.0650,  0.0912, -0.0811,
        -0.0378,  0.0342, -0.1005, -0.1125, -0.1361,  0.0079,  0.0878,  0.0363,
         0.0086,  0.0493, -0.0889,  0.0149, -0.0351, -0.0700,  0.1220, -0.1094,
         0.0207, -0.1243, -0.0048, -0.0628,  0.0465, -0.0794,  0.0905, -0.1148,
         0.0849, -0.1062,  0.0757, -0.0595, -0.0003, -0.0258,  0.0918,  0.0463,
        -0.1246,  0.0130, -0.0976,  0.1057,  0.0232, -0.0364, -0.0721,  0.0490,
        -0.0847,  0.0671,  0.0772,  0.0868,  0.0369, -0.1238,  0.1017, -0.0439,
        -0.0418, -0.0152,  0.1034,  0.1087,  0.0218,  0.0675, -0.1318,  0.0003,
        -0.1251,  0.0481, -0.1008, -0.0504,  0.0989,  0.1352, -0.0849, -0.0785,
         0.0175,  0.0556, -0.0230, -0.0442, -0.0929,  0.0604,  0.1386, -0.0685,
         0.0667,  0.0691,  0.1137, -0.0161,  0.0045,  0.1039,  0.0894,  0.1397,
        -0.0405,  0.0560,  0.0988, -0.0960,  0.0281, -0.0316,  0.0909, -0.0635,
         0.0099,  0.0846, -0.1296, -0.1194, -0.0724,  0.0907,  0.0948, -0.0966,
         0.0270, -0.0749, -0.0656,  0.1220,  0.0683, -0.0387,  0.0208,  0.0274,
         0.0331, -0.0484, -0.0833,  0.0936,  0.0190,  0.0592, -0.0536,  0.0685,
         0.1029,  0.0860,  0.0385,  0.1391, -0.0003,  0.0301,  0.1344,  0.1374,
        -0.0597,  0.1274,  0.0522, -0.0158,  0.1235, -0.0733,  0.0919,  0.1401,
        -0.0975, -0.0835, -0.1401, -0.0255, -0.1284, -0.0474,  0.0429,  0.1000,
         0.0788,  0.0785,  0.0587, -0.0877, -0.1123,  0.0059,  0.1343,  0.0080,
        -0.0122, -0.0960, -0.0701, -0.1090,  0.1132, -0.0230, -0.1249,  0.0152,
         0.0103, -0.0175,  0.0506,  0.0761, -0.1330, -0.1083, -0.0068, -0.1311,
        -0.1285,  0.1249, -0.0108, -0.0699, -0.0485, -0.1104,  0.1104, -0.0307,
        -0.0795, -0.1073,  0.0827, -0.0195, -0.0149, -0.0369, -0.0683,  0.0252,
         0.1088, -0.0820,  0.0068, -0.1076, -0.0663,  0.1241,  0.0015,  0.1362,
        -0.0248, -0.0771, -0.0845,  0.1253, -0.1088,  0.0742,  0.0352,  0.0417,
         0.0798, -0.0370,  0.0875, -0.1127, -0.0498,  0.1035,  0.0420, -0.0188,
        -0.0330, -0.0864,  0.0860, -0.0045, -0.0048,  0.0334,  0.1044, -0.0722,
        -0.0487,  0.0958,  0.0799, -0.0696, -0.1399,  0.0262,  0.0744,  0.0338,
         0.1003, -0.1122], device='cuda:0')
rank: local_param 0 tensor([ 0.2418,  0.2625, -0.0741,  0.2905, -0.0693,  0.0638, -0.1540,  0.1857,
         0.2788, -0.2320,  0.2749,  0.0592,  0.2336,  0.0428,  0.1525, -0.0446,
         0.2438,  0.0467, -0.1476,  0.0806, -0.1457, -0.0371, -0.1284,  0.2098,
        -0.2496, -0.1458, -0.0893, -0.1901,  0.0298, -0.3123,  0.2856, -0.2686,
         0.2441,  0.0526, -0.1027,  0.1954,  0.0493,  0.2555,  0.0346, -0.0997,
         0.0850, -0.0858,  0.1331,  0.2823,  0.1828, -0.1382,  0.1825,  0.0566,
         0.1606, -0.1927], device='cuda:0', requires_grad=True)
rank: flatten_data 0 tensor([ 0.2418,  0.2625, -0.0741,  0.2905, -0.0693,  0.0638, -0.1540,  0.1857,
         0.2788, -0.2320,  0.2749,  0.0592,  0.2336,  0.0428,  0.1525, -0.0446,
         0.2438,  0.0467, -0.1476,  0.0806, -0.1457, -0.0371, -0.1284,  0.2098,
        -0.2496, -0.1458, -0.0893, -0.1901,  0.0298, -0.3123,  0.2856, -0.2686,
         0.2441,  0.0526, -0.1027,  0.1954,  0.0493,  0.2555,  0.0346, -0.0997,
         0.0850, -0.0858,  0.1331,  0.2823,  0.1828, -0.1382,  0.1825,  0.0566,
         0.1606, -0.1927, -0.3130, -0.1222, -0.2426,  0.2595,  0.0911,  0.1310,
         0.1000, -0.0055,  0.2475, -0.2247,  0.0199, -0.2158,  0.0975, -0.1089,
         0.0969, -0.0659,  0.2623, -0.1874, -0.1886, -0.1886,  0.2844,  0.1054,
         0.3043, -0.2610, -0.3137, -0.2474, -0.2127,  0.1281,  0.1132,  0.2628,
        -0.1633, -0.2156,  0.1678, -0.1278,  0.1919, -0.0750,  0.1809, -0.2457,
        -0.1596,  0.0964,  0.0669, -0.0806,  0.1885,  0.2150, -0.2293, -0.1688,
         0.2896, -0.1067, -0.1121, -0.3060], device='cuda:0')
rank: local_param 0 tensor([-0.1811,  0.0790, -0.0417, -0.2295,  0.0074, -0.2160, -0.2683, -0.1741,
        -0.2768, -0.2014,  0.3161,  0.0597,  0.0974, -0.2949, -0.2077, -0.1053,
         0.0494, -0.2783, -0.1363, -0.1893,  0.0009, -0.1177, -0.0219, -0.2143,
        -0.2171, -0.1845, -0.1082, -0.2496,  0.2651, -0.0628,  0.2721,  0.0985,
        -0.2678,  0.2188, -0.0870, -0.1212, -0.2625, -0.3144,  0.0905, -0.0691,
         0.1231, -0.2595,  0.2348, -0.2321, -0.0546,  0.0661,  0.1633,  0.2553,
         0.2881, -0.2507,  0.0796, -0.1360, -0.0347, -0.2367,  0.2880, -0.2321,
         0.1690,  0.1111,  0.1028, -0.1710,  0.2874,  0.0695,  0.0407, -0.2787,
         0.1327, -0.0474, -0.1449,  0.2716,  0.0705, -0.1750, -0.1601, -0.0151,
         0.1766, -0.0808, -0.1804, -0.1083, -0.2362,  0.1128,  0.2448, -0.2977,
         0.0734,  0.1634,  0.0573, -0.1126,  0.1651,  0.1662,  0.1182, -0.0556,
        -0.0837,  0.0338, -0.0559, -0.0942,  0.2021,  0.2718, -0.0313, -0.0708,
         0.0046, -0.0189,  0.0760,  0.0886, -0.2872, -0.1167,  0.2663,  0.1232,
        -0.0157, -0.1907, -0.1935, -0.2833, -0.1031,  0.1068,  0.2016,  0.1460,
        -0.2795, -0.1902, -0.0499,  0.3059,  0.0457, -0.0819,  0.1308, -0.1204,
        -0.2047,  0.2308, -0.1438, -0.0634, -0.3146,  0.2116,  0.2396,  0.1152,
        -0.2205, -0.3121, -0.2568,  0.2358,  0.1518,  0.2661,  0.1657,  0.0800,
        -0.0031, -0.2405, -0.2709, -0.2958,  0.1295, -0.1553, -0.0636, -0.1820,
        -0.0576, -0.2226, -0.2066,  0.1049, -0.0940,  0.1952, -0.1014, -0.2320,
        -0.0558, -0.1533, -0.0967, -0.3010,  0.1769, -0.2202,  0.1589,  0.1435,
         0.2259, -0.2426,  0.2274, -0.1495,  0.1173,  0.2970, -0.0446, -0.0024,
        -0.0728, -0.2640,  0.1518, -0.3139,  0.1963,  0.2366,  0.2991, -0.0746,
        -0.2598,  0.0711,  0.1747, -0.3147, -0.0718, -0.1896, -0.0277, -0.1557,
        -0.1293, -0.1004, -0.3005,  0.2595,  0.2651, -0.0496, -0.0360, -0.1291,
        -0.2856, -0.3077,  0.1175, -0.1736, -0.2033, -0.0247, -0.1053, -0.1023,
         0.0102, -0.0671, -0.1089, -0.1514, -0.2574,  0.2652, -0.1266,  0.0838,
        -0.1097,  0.0257,  0.2948,  0.1457, -0.2740,  0.1255,  0.3002,  0.0832,
         0.2120,  0.3118, -0.0485,  0.0656, -0.2198, -0.0652,  0.2342,  0.1621,
        -0.2001, -0.2536, -0.2161, -0.3121, -0.2440, -0.0782,  0.2134,  0.0529,
        -0.2405, -0.2537,  0.1573, -0.2352, -0.0389,  0.1517, -0.1464, -0.0345,
        -0.0275, -0.0748, -0.1603, -0.2819, -0.2556, -0.1693,  0.3054, -0.1527,
        -0.2124,  0.0767], device='cuda:0', requires_grad=True)
rank: flatten_data 0 tensor([-0.1811,  0.0790, -0.0417, -0.2295,  0.0074, -0.2160, -0.2683, -0.1741,
        -0.2768, -0.2014,  0.3161,  0.0597,  0.0974, -0.2949, -0.2077, -0.1053,
         0.0494, -0.2783, -0.1363, -0.1893,  0.0009, -0.1177, -0.0219, -0.2143,
        -0.2171, -0.1845, -0.1082, -0.2496,  0.2651, -0.0628,  0.2721,  0.0985,
        -0.2678,  0.2188, -0.0870, -0.1212, -0.2625, -0.3144,  0.0905, -0.0691,
         0.1231, -0.2595,  0.2348, -0.2321, -0.0546,  0.0661,  0.1633,  0.2553,
         0.2881, -0.2507,  0.0796, -0.1360, -0.0347, -0.2367,  0.2880, -0.2321,
         0.1690,  0.1111,  0.1028, -0.1710,  0.2874,  0.0695,  0.0407, -0.2787,
         0.1327, -0.0474, -0.1449,  0.2716,  0.0705, -0.1750, -0.1601, -0.0151,
         0.1766, -0.0808, -0.1804, -0.1083, -0.2362,  0.1128,  0.2448, -0.2977,
         0.0734,  0.1634,  0.0573, -0.1126,  0.1651,  0.1662,  0.1182, -0.0556,
        -0.0837,  0.0338, -0.0559, -0.0942,  0.2021,  0.2718, -0.0313, -0.0708,
         0.0046, -0.0189,  0.0760,  0.0886, -0.2872, -0.1167,  0.2663,  0.1232,
        -0.0157, -0.1907, -0.1935, -0.2833, -0.1031,  0.1068,  0.2016,  0.1460,
        -0.2795, -0.1902, -0.0499,  0.3059,  0.0457, -0.0819,  0.1308, -0.1204,
        -0.2047,  0.2308, -0.1438, -0.0634, -0.3146,  0.2116,  0.2396,  0.1152,
        -0.2205, -0.3121, -0.2568,  0.2358,  0.1518,  0.2661,  0.1657,  0.0800,
        -0.0031, -0.2405, -0.2709, -0.2958,  0.1295, -0.1553, -0.0636, -0.1820,
        -0.0576, -0.2226, -0.2066,  0.1049, -0.0940,  0.1952, -0.1014, -0.2320,
        -0.0558, -0.1533, -0.0967, -0.3010,  0.1769, -0.2202,  0.1589,  0.1435,
         0.2259, -0.2426,  0.2274, -0.1495,  0.1173,  0.2970, -0.0446, -0.0024,
        -0.0728, -0.2640,  0.1518, -0.3139,  0.1963,  0.2366,  0.2991, -0.0746,
        -0.2598,  0.0711,  0.1747, -0.3147, -0.0718, -0.1896, -0.0277, -0.1557,
        -0.1293, -0.1004, -0.3005,  0.2595,  0.2651, -0.0496, -0.0360, -0.1291,
        -0.2856, -0.3077,  0.1175, -0.1736, -0.2033, -0.0247, -0.1053, -0.1023,
         0.0102, -0.0671, -0.1089, -0.1514, -0.2574,  0.2652, -0.1266,  0.0838,
        -0.1097,  0.0257,  0.2948,  0.1457, -0.2740,  0.1255,  0.3002,  0.0832,
         0.2120,  0.3118, -0.0485,  0.0656, -0.2198, -0.0652,  0.2342,  0.1621,
        -0.2001, -0.2536, -0.2161, -0.3121, -0.2440, -0.0782,  0.2134,  0.0529,
        -0.2405, -0.2537,  0.1573, -0.2352, -0.0389,  0.1517, -0.1464, -0.0345,
        -0.0275, -0.0748, -0.1603, -0.2819, -0.2556, -0.1693,  0.3054, -0.1527,
        -0.2124,  0.0767,  0.0872,  0.1733,  0.2404,  0.1761, -0.3135,  0.0280,
         0.1916, -0.0292, -0.1863,  0.3015, -0.1183, -0.1800, -0.2851,  0.0141,
         0.1401,  0.0700,  0.0625, -0.2398, -0.2953,  0.0056,  0.2883,  0.1824,
        -0.1841, -0.0410, -0.2331, -0.1526,  0.0573,  0.1722,  0.2620, -0.2903,
         0.2114, -0.2230,  0.1184,  0.2676,  0.0044,  0.2877, -0.2694, -0.1208,
         0.1844, -0.0689, -0.0647, -0.1318,  0.2180,  0.1551,  0.1013, -0.1777,
        -0.2567,  0.0342,  0.0937, -0.1460, -0.0885,  0.2136,  0.0252,  0.0143,
        -0.0778, -0.2864, -0.2973, -0.1512, -0.1607,  0.0985, -0.0921, -0.1237,
         0.3015,  0.1101,  0.2254, -0.1531, -0.1292,  0.1162, -0.2107, -0.2067,
        -0.0153, -0.1157, -0.2371,  0.1876,  0.2543,  0.0513, -0.0551, -0.2929,
        -0.1152,  0.0805,  0.1491, -0.0400, -0.1250,  0.1762, -0.2518,  0.1999,
        -0.1227,  0.0048, -0.0625,  0.0383, -0.0956,  0.2299, -0.0082,  0.2468,
         0.3040, -0.1541, -0.2307,  0.2537,  0.2478, -0.2415, -0.0244, -0.3118,
        -0.2589,  0.0611,  0.0841,  0.0670, -0.0861,  0.2917,  0.0452, -0.1866,
        -0.0179,  0.0759,  0.1107, -0.2236,  0.1185, -0.1616, -0.2628, -0.1727,
         0.3050,  0.2703,  0.2832,  0.1856,  0.2389, -0.0423, -0.1740,  0.1580,
        -0.1639, -0.2134, -0.1010,  0.0664,  0.1628, -0.1228, -0.1861,  0.0427,
        -0.1864, -0.2059,  0.1648, -0.0531,  0.2890,  0.3076,  0.0946,  0.1088,
         0.0728,  0.0050, -0.0230,  0.0043,  0.1181,  0.2940, -0.0820, -0.1337,
        -0.0766, -0.1528,  0.0538,  0.2360,  0.2473,  0.1452, -0.2327, -0.1697,
        -0.0695, -0.0583,  0.0260, -0.2903,  0.0984, -0.2412, -0.2001, -0.2629,
         0.2755, -0.2994,  0.2386, -0.0106, -0.0368,  0.1978, -0.0292,  0.1983,
         0.2286, -0.2746,  0.1217,  0.0597,  0.0680,  0.0462,  0.0865, -0.1521,
        -0.0405,  0.3005,  0.2125, -0.0119, -0.2974,  0.0139, -0.2153,  0.2572,
        -0.1920, -0.0228, -0.0702,  0.0563,  0.2976,  0.0300,  0.1831,  0.2455,
         0.2553, -0.1092, -0.0707,  0.1524, -0.0863,  0.1481, -0.0691, -0.2145,
         0.1287,  0.0485,  0.1410,  0.3142,  0.2159,  0.2998,  0.0169, -0.2720,
        -0.2218, -0.1964, -0.2787, -0.1585, -0.2911, -0.2918, -0.1890, -0.3117,
        -0.1941,  0.1206,  0.2638, -0.0941, -0.0920,  0.1689, -0.1560, -0.1495,
         0.1948, -0.2755,  0.0387,  0.2793,  0.0542,  0.0860, -0.1842, -0.0044,
         0.0174,  0.0776,  0.1229,  0.2748, -0.2414,  0.0095, -0.1580, -0.2502,
        -0.0253, -0.2784,  0.2207,  0.0366], device='cuda:0')
rank: local_param 1 tensor([ 0.0907,  0.0948, -0.0966,  0.0270, -0.0749, -0.0656,  0.1220,  0.0683,
        -0.0387,  0.0208,  0.0274,  0.0331, -0.0484, -0.0833,  0.0936,  0.0190,
         0.0592, -0.0536,  0.0685,  0.1029,  0.0860,  0.0385,  0.1391, -0.0003,
         0.0301,  0.1344,  0.1374, -0.0597,  0.1274,  0.0522, -0.0158,  0.1235,
        -0.0733,  0.0919,  0.1401, -0.0975, -0.0835, -0.1401, -0.0255, -0.1284,
        -0.0474,  0.0429,  0.1000,  0.0788,  0.0785,  0.0587, -0.0877, -0.1123,
         0.0059,  0.1343,  0.0080, -0.0122, -0.0960, -0.0701, -0.1090,  0.1132,
        -0.0230, -0.1249,  0.0152,  0.0103, -0.0175,  0.0506,  0.0761, -0.1330,
        -0.1083, -0.0068, -0.1311, -0.1285,  0.1249, -0.0108, -0.0699, -0.0485,
        -0.1104,  0.1104, -0.0307, -0.0795, -0.1073,  0.0827, -0.0195, -0.0149,
        -0.0369, -0.0683,  0.0252,  0.1088, -0.0820,  0.0068, -0.1076, -0.0663,
         0.1241,  0.0015,  0.1362, -0.0248, -0.0771, -0.0845,  0.1253, -0.1088,
         0.0742,  0.0352,  0.0417,  0.0798, -0.0370,  0.0875, -0.1127, -0.0498,
         0.1035,  0.0420, -0.0188, -0.0330, -0.0864,  0.0860, -0.0045, -0.0048,
         0.0334,  0.1044, -0.0722, -0.0487,  0.0958,  0.0799, -0.0696, -0.1399,
         0.0262,  0.0744,  0.0338,  0.1003, -0.1122], device='cuda:1',
       requires_grad=True)
rank: flatten_data 1 tensor([-0.1264,  0.0707, -0.1273, -0.0172,  0.0084,  0.1005, -0.0512,  0.0407,
         0.0219,  0.0832,  0.0084,  0.0530, -0.0854, -0.0983,  0.1260, -0.1030,
        -0.0241, -0.0171,  0.1383, -0.0306, -0.1077, -0.0359,  0.0729,  0.0560,
         0.1170, -0.0290,  0.0666, -0.1331,  0.0547,  0.0650,  0.0912, -0.0811,
        -0.0378,  0.0342, -0.1005, -0.1125, -0.1361,  0.0079,  0.0878,  0.0363,
         0.0086,  0.0493, -0.0889,  0.0149, -0.0351, -0.0700,  0.1220, -0.1094,
         0.0207, -0.1243, -0.0048, -0.0628,  0.0465, -0.0794,  0.0905, -0.1148,
         0.0849, -0.1062,  0.0757, -0.0595, -0.0003, -0.0258,  0.0918,  0.0463,
        -0.1246,  0.0130, -0.0976,  0.1057,  0.0232, -0.0364, -0.0721,  0.0490,
        -0.0847,  0.0671,  0.0772,  0.0868,  0.0369, -0.1238,  0.1017, -0.0439,
        -0.0418, -0.0152,  0.1034,  0.1087,  0.0218,  0.0675, -0.1318,  0.0003,
        -0.1251,  0.0481, -0.1008, -0.0504,  0.0989,  0.1352, -0.0849, -0.0785,
         0.0175,  0.0556, -0.0230, -0.0442, -0.0929,  0.0604,  0.1386, -0.0685,
         0.0667,  0.0691,  0.1137, -0.0161,  0.0045,  0.1039,  0.0894,  0.1397,
        -0.0405,  0.0560,  0.0988, -0.0960,  0.0281, -0.0316,  0.0909, -0.0635,
         0.0099,  0.0846, -0.1296, -0.1194, -0.0724,  0.0907,  0.0948, -0.0966,
         0.0270, -0.0749, -0.0656,  0.1220,  0.0683, -0.0387,  0.0208,  0.0274,
         0.0331, -0.0484, -0.0833,  0.0936,  0.0190,  0.0592, -0.0536,  0.0685,
         0.1029,  0.0860,  0.0385,  0.1391, -0.0003,  0.0301,  0.1344,  0.1374,
        -0.0597,  0.1274,  0.0522, -0.0158,  0.1235, -0.0733,  0.0919,  0.1401,
        -0.0975, -0.0835, -0.1401, -0.0255, -0.1284, -0.0474,  0.0429,  0.1000,
         0.0788,  0.0785,  0.0587, -0.0877, -0.1123,  0.0059,  0.1343,  0.0080,
        -0.0122, -0.0960, -0.0701, -0.1090,  0.1132, -0.0230, -0.1249,  0.0152,
         0.0103, -0.0175,  0.0506,  0.0761, -0.1330, -0.1083, -0.0068, -0.1311,
        -0.1285,  0.1249, -0.0108, -0.0699, -0.0485, -0.1104,  0.1104, -0.0307,
        -0.0795, -0.1073,  0.0827, -0.0195, -0.0149, -0.0369, -0.0683,  0.0252,
         0.1088, -0.0820,  0.0068, -0.1076, -0.0663,  0.1241,  0.0015,  0.1362,
        -0.0248, -0.0771, -0.0845,  0.1253, -0.1088,  0.0742,  0.0352,  0.0417,
         0.0798, -0.0370,  0.0875, -0.1127, -0.0498,  0.1035,  0.0420, -0.0188,
        -0.0330, -0.0864,  0.0860, -0.0045, -0.0048,  0.0334,  0.1044, -0.0722,
        -0.0487,  0.0958,  0.0799, -0.0696, -0.1399,  0.0262,  0.0744,  0.0338,
         0.1003, -0.1122], device='cuda:1')
rank: local_param 1 tensor([-0.3130, -0.1222, -0.2426,  0.2595,  0.0911,  0.1310,  0.1000, -0.0055,
         0.2475, -0.2247,  0.0199, -0.2158,  0.0975, -0.1089,  0.0969, -0.0659,
         0.2623, -0.1874, -0.1886, -0.1886,  0.2844,  0.1054,  0.3043, -0.2610,
        -0.3137, -0.2474, -0.2127,  0.1281,  0.1132,  0.2628, -0.1633, -0.2156,
         0.1678, -0.1278,  0.1919, -0.0750,  0.1809, -0.2457, -0.1596,  0.0964,
         0.0669, -0.0806,  0.1885,  0.2150, -0.2293, -0.1688,  0.2896, -0.1067,
        -0.1121, -0.3060], device='cuda:1', requires_grad=True)
rank: flatten_data 1 tensor([ 0.2418,  0.2625, -0.0741,  0.2905, -0.0693,  0.0638, -0.1540,  0.1857,
         0.2788, -0.2320,  0.2749,  0.0592,  0.2336,  0.0428,  0.1525, -0.0446,
         0.2438,  0.0467, -0.1476,  0.0806, -0.1457, -0.0371, -0.1284,  0.2098,
        -0.2496, -0.1458, -0.0893, -0.1901,  0.0298, -0.3123,  0.2856, -0.2686,
         0.2441,  0.0526, -0.1027,  0.1954,  0.0493,  0.2555,  0.0346, -0.0997,
         0.0850, -0.0858,  0.1331,  0.2823,  0.1828, -0.1382,  0.1825,  0.0566,
         0.1606, -0.1927, -0.3130, -0.1222, -0.2426,  0.2595,  0.0911,  0.1310,
         0.1000, -0.0055,  0.2475, -0.2247,  0.0199, -0.2158,  0.0975, -0.1089,
         0.0969, -0.0659,  0.2623, -0.1874, -0.1886, -0.1886,  0.2844,  0.1054,
         0.3043, -0.2610, -0.3137, -0.2474, -0.2127,  0.1281,  0.1132,  0.2628,
        -0.1633, -0.2156,  0.1678, -0.1278,  0.1919, -0.0750,  0.1809, -0.2457,
        -0.1596,  0.0964,  0.0669, -0.0806,  0.1885,  0.2150, -0.2293, -0.1688,
         0.2896, -0.1067, -0.1121, -0.3060], device='cuda:1')
rank: local_param 1 tensor([ 0.0872,  0.1733,  0.2404,  0.1761, -0.3135,  0.0280,  0.1916, -0.0292,
        -0.1863,  0.3015, -0.1183, -0.1800, -0.2851,  0.0141,  0.1401,  0.0700,
         0.0625, -0.2398, -0.2953,  0.0056,  0.2883,  0.1824, -0.1841, -0.0410,
        -0.2331, -0.1526,  0.0573,  0.1722,  0.2620, -0.2903,  0.2114, -0.2230,
         0.1184,  0.2676,  0.0044,  0.2877, -0.2694, -0.1208,  0.1844, -0.0689,
        -0.0647, -0.1318,  0.2180,  0.1551,  0.1013, -0.1777, -0.2567,  0.0342,
         0.0937, -0.1460, -0.0885,  0.2136,  0.0252,  0.0143, -0.0778, -0.2864,
        -0.2973, -0.1512, -0.1607,  0.0985, -0.0921, -0.1237,  0.3015,  0.1101,
         0.2254, -0.1531, -0.1292,  0.1162, -0.2107, -0.2067, -0.0153, -0.1157,
        -0.2371,  0.1876,  0.2543,  0.0513, -0.0551, -0.2929, -0.1152,  0.0805,
         0.1491, -0.0400, -0.1250,  0.1762, -0.2518,  0.1999, -0.1227,  0.0048,
        -0.0625,  0.0383, -0.0956,  0.2299, -0.0082,  0.2468,  0.3040, -0.1541,
        -0.2307,  0.2537,  0.2478, -0.2415, -0.0244, -0.3118, -0.2589,  0.0611,
         0.0841,  0.0670, -0.0861,  0.2917,  0.0452, -0.1866, -0.0179,  0.0759,
         0.1107, -0.2236,  0.1185, -0.1616, -0.2628, -0.1727,  0.3050,  0.2703,
         0.2832,  0.1856,  0.2389, -0.0423, -0.1740,  0.1580, -0.1639, -0.2134,
        -0.1010,  0.0664,  0.1628, -0.1228, -0.1861,  0.0427, -0.1864, -0.2059,
         0.1648, -0.0531,  0.2890,  0.3076,  0.0946,  0.1088,  0.0728,  0.0050,
        -0.0230,  0.0043,  0.1181,  0.2940, -0.0820, -0.1337, -0.0766, -0.1528,
         0.0538,  0.2360,  0.2473,  0.1452, -0.2327, -0.1697, -0.0695, -0.0583,
         0.0260, -0.2903,  0.0984, -0.2412, -0.2001, -0.2629,  0.2755, -0.2994,
         0.2386, -0.0106, -0.0368,  0.1978, -0.0292,  0.1983,  0.2286, -0.2746,
         0.1217,  0.0597,  0.0680,  0.0462,  0.0865, -0.1521, -0.0405,  0.3005,
         0.2125, -0.0119, -0.2974,  0.0139, -0.2153,  0.2572, -0.1920, -0.0228,
        -0.0702,  0.0563,  0.2976,  0.0300,  0.1831,  0.2455,  0.2553, -0.1092,
        -0.0707,  0.1524, -0.0863,  0.1481, -0.0691, -0.2145,  0.1287,  0.0485,
         0.1410,  0.3142,  0.2159,  0.2998,  0.0169, -0.2720, -0.2218, -0.1964,
        -0.2787, -0.1585, -0.2911, -0.2918, -0.1890, -0.3117, -0.1941,  0.1206,
         0.2638, -0.0941, -0.0920,  0.1689, -0.1560, -0.1495,  0.1948, -0.2755,
         0.0387,  0.2793,  0.0542,  0.0860, -0.1842, -0.0044,  0.0174,  0.0776,
         0.1229,  0.2748, -0.2414,  0.0095, -0.1580, -0.2502, -0.0253, -0.2784,
         0.2207,  0.0366], device='cuda:1', requires_grad=True)
rank: flatten_data 1 tensor([-0.1811,  0.0790, -0.0417, -0.2295,  0.0074, -0.2160, -0.2683, -0.1741,
        -0.2768, -0.2014,  0.3161,  0.0597,  0.0974, -0.2949, -0.2077, -0.1053,
         0.0494, -0.2783, -0.1363, -0.1893,  0.0009, -0.1177, -0.0219, -0.2143,
        -0.2171, -0.1845, -0.1082, -0.2496,  0.2651, -0.0628,  0.2721,  0.0985,
        -0.2678,  0.2188, -0.0870, -0.1212, -0.2625, -0.3144,  0.0905, -0.0691,
         0.1231, -0.2595,  0.2348, -0.2321, -0.0546,  0.0661,  0.1633,  0.2553,
         0.2881, -0.2507,  0.0796, -0.1360, -0.0347, -0.2367,  0.2880, -0.2321,
         0.1690,  0.1111,  0.1028, -0.1710,  0.2874,  0.0695,  0.0407, -0.2787,
         0.1327, -0.0474, -0.1449,  0.2716,  0.0705, -0.1750, -0.1601, -0.0151,
         0.1766, -0.0808, -0.1804, -0.1083, -0.2362,  0.1128,  0.2448, -0.2977,
         0.0734,  0.1634,  0.0573, -0.1126,  0.1651,  0.1662,  0.1182, -0.0556,
        -0.0837,  0.0338, -0.0559, -0.0942,  0.2021,  0.2718, -0.0313, -0.0708,
         0.0046, -0.0189,  0.0760,  0.0886, -0.2872, -0.1167,  0.2663,  0.1232,
        -0.0157, -0.1907, -0.1935, -0.2833, -0.1031,  0.1068,  0.2016,  0.1460,
        -0.2795, -0.1902, -0.0499,  0.3059,  0.0457, -0.0819,  0.1308, -0.1204,
        -0.2047,  0.2308, -0.1438, -0.0634, -0.3146,  0.2116,  0.2396,  0.1152,
        -0.2205, -0.3121, -0.2568,  0.2358,  0.1518,  0.2661,  0.1657,  0.0800,
        -0.0031, -0.2405, -0.2709, -0.2958,  0.1295, -0.1553, -0.0636, -0.1820,
        -0.0576, -0.2226, -0.2066,  0.1049, -0.0940,  0.1952, -0.1014, -0.2320,
        -0.0558, -0.1533, -0.0967, -0.3010,  0.1769, -0.2202,  0.1589,  0.1435,
         0.2259, -0.2426,  0.2274, -0.1495,  0.1173,  0.2970, -0.0446, -0.0024,
        -0.0728, -0.2640,  0.1518, -0.3139,  0.1963,  0.2366,  0.2991, -0.0746,
        -0.2598,  0.0711,  0.1747, -0.3147, -0.0718, -0.1896, -0.0277, -0.1557,
        -0.1293, -0.1004, -0.3005,  0.2595,  0.2651, -0.0496, -0.0360, -0.1291,
        -0.2856, -0.3077,  0.1175, -0.1736, -0.2033, -0.0247, -0.1053, -0.1023,
         0.0102, -0.0671, -0.1089, -0.1514, -0.2574,  0.2652, -0.1266,  0.0838,
        -0.1097,  0.0257,  0.2948,  0.1457, -0.2740,  0.1255,  0.3002,  0.0832,
         0.2120,  0.3118, -0.0485,  0.0656, -0.2198, -0.0652,  0.2342,  0.1621,
        -0.2001, -0.2536, -0.2161, -0.3121, -0.2440, -0.0782,  0.2134,  0.0529,
        -0.2405, -0.2537,  0.1573, -0.2352, -0.0389,  0.1517, -0.1464, -0.0345,
        -0.0275, -0.0748, -0.1603, -0.2819, -0.2556, -0.1693,  0.3054, -0.1527,
        -0.2124,  0.0767,  0.0872,  0.1733,  0.2404,  0.1761, -0.3135,  0.0280,
         0.1916, -0.0292, -0.1863,  0.3015, -0.1183, -0.1800, -0.2851,  0.0141,
         0.1401,  0.0700,  0.0625, -0.2398, -0.2953,  0.0056,  0.2883,  0.1824,
        -0.1841, -0.0410, -0.2331, -0.1526,  0.0573,  0.1722,  0.2620, -0.2903,
         0.2114, -0.2230,  0.1184,  0.2676,  0.0044,  0.2877, -0.2694, -0.1208,
         0.1844, -0.0689, -0.0647, -0.1318,  0.2180,  0.1551,  0.1013, -0.1777,
        -0.2567,  0.0342,  0.0937, -0.1460, -0.0885,  0.2136,  0.0252,  0.0143,
        -0.0778, -0.2864, -0.2973, -0.1512, -0.1607,  0.0985, -0.0921, -0.1237,
         0.3015,  0.1101,  0.2254, -0.1531, -0.1292,  0.1162, -0.2107, -0.2067,
        -0.0153, -0.1157, -0.2371,  0.1876,  0.2543,  0.0513, -0.0551, -0.2929,
        -0.1152,  0.0805,  0.1491, -0.0400, -0.1250,  0.1762, -0.2518,  0.1999,
        -0.1227,  0.0048, -0.0625,  0.0383, -0.0956,  0.2299, -0.0082,  0.2468,
         0.3040, -0.1541, -0.2307,  0.2537,  0.2478, -0.2415, -0.0244, -0.3118,
        -0.2589,  0.0611,  0.0841,  0.0670, -0.0861,  0.2917,  0.0452, -0.1866,
        -0.0179,  0.0759,  0.1107, -0.2236,  0.1185, -0.1616, -0.2628, -0.1727,
         0.3050,  0.2703,  0.2832,  0.1856,  0.2389, -0.0423, -0.1740,  0.1580,
        -0.1639, -0.2134, -0.1010,  0.0664,  0.1628, -0.1228, -0.1861,  0.0427,
        -0.1864, -0.2059,  0.1648, -0.0531,  0.2890,  0.3076,  0.0946,  0.1088,
         0.0728,  0.0050, -0.0230,  0.0043,  0.1181,  0.2940, -0.0820, -0.1337,
        -0.0766, -0.1528,  0.0538,  0.2360,  0.2473,  0.1452, -0.2327, -0.1697,
        -0.0695, -0.0583,  0.0260, -0.2903,  0.0984, -0.2412, -0.2001, -0.2629,
         0.2755, -0.2994,  0.2386, -0.0106, -0.0368,  0.1978, -0.0292,  0.1983,
         0.2286, -0.2746,  0.1217,  0.0597,  0.0680,  0.0462,  0.0865, -0.1521,
        -0.0405,  0.3005,  0.2125, -0.0119, -0.2974,  0.0139, -0.2153,  0.2572,
        -0.1920, -0.0228, -0.0702,  0.0563,  0.2976,  0.0300,  0.1831,  0.2455,
         0.2553, -0.1092, -0.0707,  0.1524, -0.0863,  0.1481, -0.0691, -0.2145,
         0.1287,  0.0485,  0.1410,  0.3142,  0.2159,  0.2998,  0.0169, -0.2720,
        -0.2218, -0.1964, -0.2787, -0.1585, -0.2911, -0.2918, -0.1890, -0.3117,
        -0.1941,  0.1206,  0.2638, -0.0941, -0.0920,  0.1689, -0.1560, -0.1495,
         0.1948, -0.2755,  0.0387,  0.2793,  0.0542,  0.0860, -0.1842, -0.0044,
         0.0174,  0.0776,  0.1229,  0.2748, -0.2414,  0.0095, -0.1580, -0.2502,
        -0.0253, -0.2784,  0.2207,  0.0366], device='cuda:1')
rank: local_param 0 tensor([-0.0762,  0.0739, -0.1338, -0.0547, -0.0276, -0.1202, -0.0899, -0.0231,
         0.1073,  0.1366,  0.0900, -0.0844, -0.0925,  0.1234,  0.0500,  0.0038,
         0.0191, -0.1137, -0.0472,  0.1361, -0.0349, -0.0071, -0.1174, -0.0791,
        -0.0029, -0.0878, -0.0175,  0.0576, -0.1383,  0.0420, -0.0935, -0.0690,
         0.0543,  0.1124, -0.0387, -0.0581, -0.1279, -0.0729, -0.1238, -0.0324,
         0.0289, -0.1325,  0.1235,  0.0887, -0.1384, -0.0675,  0.0461, -0.0291,
        -0.0154, -0.0639,  0.1136, -0.0791,  0.1173,  0.0091,  0.0284,  0.1103,
        -0.0233, -0.0805, -0.0229,  0.1147, -0.1049,  0.0321, -0.1390,  0.0741,
         0.0523,  0.0060,  0.0607,  0.0002,  0.0783, -0.1120, -0.0208,  0.0627,
         0.1408,  0.0720, -0.1028,  0.1088, -0.0315, -0.0302, -0.1285, -0.0223,
         0.1000,  0.0197, -0.0824,  0.0435, -0.0453,  0.1291, -0.1227, -0.0447,
        -0.1366, -0.0557,  0.0446,  0.1361,  0.0238,  0.1386,  0.0277,  0.0817,
         0.1134,  0.1182, -0.0792,  0.1300,  0.0857, -0.0661, -0.0675, -0.1186,
         0.0355, -0.1146,  0.0597,  0.0447, -0.1229,  0.0385, -0.0115,  0.0646,
         0.0811, -0.1406,  0.1297,  0.1186,  0.0563, -0.1293, -0.0505, -0.0410,
        -0.0363,  0.0798,  0.0514,  0.1120, -0.0530,  0.0476,  0.0503, -0.1177,
        -0.1372, -0.0734,  0.0968, -0.1331, -0.1231,  0.0792,  0.0763,  0.1163,
        -0.1068, -0.1035,  0.0725,  0.1230,  0.0846,  0.0222,  0.0466,  0.1342,
        -0.0912, -0.0642,  0.0989, -0.0968, -0.0780,  0.1032,  0.0446,  0.0457,
        -0.0599, -0.0020,  0.1294, -0.0849,  0.0011,  0.0673, -0.0976,  0.1373,
        -0.0707, -0.0340, -0.0383, -0.0922, -0.1388,  0.0797,  0.0376, -0.1325,
        -0.0910,  0.1398,  0.0541,  0.0567, -0.0846, -0.0620, -0.0213, -0.0259,
        -0.0969,  0.0117,  0.0141, -0.0179,  0.0196, -0.0561,  0.0368,  0.0533,
        -0.0745, -0.1402,  0.0740,  0.0337, -0.0719,  0.1363, -0.0640,  0.0956,
         0.0717, -0.1186,  0.0912, -0.1300, -0.0783, -0.0236, -0.0953,  0.1382,
        -0.0284,  0.0562, -0.1263,  0.0814, -0.0440, -0.1076,  0.0207,  0.0685,
         0.1224, -0.0864, -0.0696,  0.0272,  0.0384,  0.0544,  0.0776, -0.0321,
         0.0786,  0.1043, -0.0369,  0.1006,  0.0691,  0.1247, -0.0804, -0.0698,
        -0.0409,  0.0072,  0.0849, -0.0807,  0.0708, -0.0507,  0.0854, -0.0067,
        -0.1239, -0.0778, -0.1024,  0.0701, -0.0948, -0.0118,  0.0305, -0.0776,
         0.0408, -0.1381, -0.1012, -0.1281, -0.0428, -0.0515,  0.0203, -0.0262,
         0.0665,  0.1297], device='cuda:0', requires_grad=True)
rank: flatten_data 0 tensor([-7.6220e-02,  7.3904e-02, -1.3385e-01, -5.4702e-02, -2.7552e-02,
        -1.2017e-01, -8.9928e-02, -2.3083e-02,  1.0731e-01,  1.3656e-01,
         8.9981e-02, -8.4446e-02, -9.2521e-02,  1.2342e-01,  5.0023e-02,
         3.7572e-03,  1.9139e-02, -1.1366e-01, -4.7219e-02,  1.3613e-01,
        -3.4879e-02, -7.0943e-03, -1.1743e-01, -7.9112e-02, -2.8878e-03,
        -8.7845e-02, -1.7538e-02,  5.7553e-02, -1.3834e-01,  4.2004e-02,
        -9.3509e-02, -6.9021e-02,  5.4293e-02,  1.1245e-01, -3.8652e-02,
        -5.8063e-02, -1.2788e-01, -7.2925e-02, -1.2383e-01, -3.2367e-02,
         2.8858e-02, -1.3249e-01,  1.2348e-01,  8.8726e-02, -1.3844e-01,
        -6.7548e-02,  4.6125e-02, -2.9056e-02, -1.5412e-02, -6.3854e-02,
         1.1359e-01, -7.9054e-02,  1.1728e-01,  9.1248e-03,  2.8429e-02,
         1.1033e-01, -2.3301e-02, -8.0517e-02, -2.2873e-02,  1.1470e-01,
        -1.0493e-01,  3.2100e-02, -1.3899e-01,  7.4148e-02,  5.2251e-02,
         5.9952e-03,  6.0697e-02,  1.5906e-04,  7.8256e-02, -1.1195e-01,
        -2.0768e-02,  6.2737e-02,  1.4083e-01,  7.2039e-02, -1.0284e-01,
         1.0877e-01, -3.1537e-02, -3.0196e-02, -1.2854e-01, -2.2262e-02,
         1.0003e-01,  1.9720e-02, -8.2371e-02,  4.3531e-02, -4.5346e-02,
         1.2912e-01, -1.2275e-01, -4.4672e-02, -1.3655e-01, -5.5696e-02,
         4.4583e-02,  1.3613e-01,  2.3751e-02,  1.3864e-01,  2.7669e-02,
         8.1676e-02,  1.1337e-01,  1.1822e-01, -7.9157e-02,  1.3002e-01,
         8.5668e-02, -6.6126e-02, -6.7487e-02, -1.1862e-01,  3.5516e-02,
        -1.1463e-01,  5.9740e-02,  4.4661e-02, -1.2287e-01,  3.8537e-02,
        -1.1502e-02,  6.4604e-02,  8.1146e-02, -1.4059e-01,  1.2970e-01,
         1.1860e-01,  5.6269e-02, -1.2925e-01, -5.0519e-02, -4.0985e-02,
        -3.6345e-02,  7.9751e-02,  5.1417e-02,  1.1203e-01, -5.2966e-02,
         4.7594e-02,  5.0317e-02, -1.1775e-01, -1.3718e-01, -7.3382e-02,
         9.6810e-02, -1.3314e-01, -1.2310e-01,  7.9224e-02,  7.6301e-02,
         1.1630e-01, -1.0676e-01, -1.0351e-01,  7.2547e-02,  1.2298e-01,
         8.4618e-02,  2.2154e-02,  4.6609e-02,  1.3423e-01, -9.1246e-02,
        -6.4207e-02,  9.8920e-02, -9.6766e-02, -7.7982e-02,  1.0324e-01,
         4.4622e-02,  4.5689e-02, -5.9940e-02, -1.9517e-03,  1.2943e-01,
        -8.4884e-02,  1.1119e-03,  6.7260e-02, -9.7631e-02,  1.3735e-01,
        -7.0656e-02, -3.3960e-02, -3.8264e-02, -9.2158e-02, -1.3877e-01,
         7.9741e-02,  3.7572e-02, -1.3246e-01, -9.1023e-02,  1.3978e-01,
         5.4056e-02,  5.6745e-02, -8.4612e-02, -6.1999e-02, -2.1348e-02,
        -2.5863e-02, -9.6909e-02,  1.1651e-02,  1.4056e-02, -1.7907e-02,
         1.9606e-02, -5.6052e-02,  3.6805e-02,  5.3336e-02, -7.4492e-02,
        -1.4023e-01,  7.4025e-02,  3.3734e-02, -7.1925e-02,  1.3629e-01,
        -6.3958e-02,  9.5565e-02,  7.1747e-02, -1.1857e-01,  9.1208e-02,
        -1.3003e-01, -7.8350e-02, -2.3577e-02, -9.5325e-02,  1.3816e-01,
        -2.8366e-02,  5.6171e-02, -1.2628e-01,  8.1412e-02, -4.3951e-02,
        -1.0758e-01,  2.0679e-02,  6.8513e-02,  1.2239e-01, -8.6379e-02,
        -6.9594e-02,  2.7190e-02,  3.8362e-02,  5.4373e-02,  7.7623e-02,
        -3.2068e-02,  7.8569e-02,  1.0427e-01, -3.6942e-02,  1.0062e-01,
         6.9096e-02,  1.2474e-01, -8.0366e-02, -6.9835e-02, -4.0890e-02,
         7.1738e-03,  8.4881e-02, -8.0732e-02,  7.0803e-02, -5.0683e-02,
         8.5434e-02, -6.7143e-03, -1.2390e-01, -7.7817e-02, -1.0235e-01,
         7.0140e-02, -9.4830e-02, -1.1783e-02,  3.0512e-02, -7.7555e-02,
         4.0796e-02, -1.3809e-01, -1.0119e-01, -1.2815e-01, -4.2777e-02,
        -5.1519e-02,  2.0251e-02, -2.6151e-02,  6.6480e-02,  1.2965e-01,
         5.0741e-02, -5.5715e-02, -1.3242e-01,  5.1223e-02, -7.0068e-02,
         7.1966e-02,  9.4538e-02,  5.4549e-02,  1.3270e-01,  1.3432e-01,
         2.9945e-02, -1.0304e-01,  1.2635e-01, -6.7104e-02, -6.6801e-02,
         1.1834e-01,  1.0957e-01,  4.2731e-02,  8.8648e-03, -1.1896e-01,
        -1.4680e-02,  1.3564e-01,  3.6014e-02,  1.2108e-02, -2.9366e-02,
        -4.9325e-02,  8.4290e-02,  8.7212e-03,  9.2005e-02, -2.5031e-02,
         6.1788e-02,  5.8374e-02,  2.2552e-02,  8.8865e-02,  8.8621e-02,
         1.3109e-01,  1.0872e-01, -3.6161e-02, -1.1973e-01,  2.5854e-02,
        -1.2344e-03, -3.6886e-02, -2.3682e-02,  6.6514e-03,  1.0319e-01,
         4.4087e-02, -5.0218e-02, -5.8156e-02, -3.5020e-02, -5.4660e-02,
         1.2717e-01,  7.4903e-02,  1.2770e-01,  4.5165e-04,  2.8521e-02,
         4.9040e-02, -1.3386e-01,  1.2628e-02, -9.4597e-03, -7.9288e-02,
        -1.0974e-01,  1.2520e-01,  1.1498e-01,  6.5544e-02,  1.3495e-01,
        -5.7390e-02, -2.4427e-02,  5.3545e-02, -2.3367e-02, -2.7752e-02,
        -1.1689e-01,  3.7994e-02, -8.5465e-02,  5.1430e-03,  1.3788e-01,
        -4.3532e-02, -4.4575e-02,  8.5321e-02, -5.1994e-02, -1.2145e-02,
         1.3205e-01, -5.7979e-02, -1.0117e-01, -7.9146e-02, -3.9208e-02,
        -6.7104e-02, -7.3388e-02,  5.7126e-02,  2.4033e-02, -4.5264e-02,
        -1.0987e-01, -4.4528e-02, -5.9685e-02, -4.6021e-02, -1.2758e-01,
         3.0466e-02, -1.0391e-01, -1.1014e-01, -1.1555e-01,  5.9027e-02,
        -8.5139e-02, -5.8372e-02,  1.1085e-01,  7.5090e-02,  8.1090e-02,
        -1.3428e-01, -1.0141e-01, -5.3388e-02,  1.1683e-01,  1.4467e-02,
        -1.0577e-01,  8.8556e-04, -1.0984e-01, -3.0985e-02, -3.8887e-02,
         1.2242e-01,  4.3803e-02, -2.4660e-02,  2.3890e-02, -4.0823e-02,
         5.5565e-02,  5.5941e-02,  3.7978e-02, -5.5123e-02,  1.2065e-01,
        -2.0417e-02, -5.5058e-02,  8.8574e-02,  1.1527e-01,  1.4074e-01,
         4.1897e-02, -4.8210e-02,  7.1827e-02,  1.2133e-01, -1.3871e-01,
        -1.7520e-02, -9.6444e-02,  2.6355e-02,  5.8490e-02, -2.9216e-02,
        -1.1831e-02,  6.3655e-02, -2.3769e-02, -1.1876e-01,  1.1316e-01,
        -7.1179e-02, -1.5536e-02,  1.3340e-02, -8.4990e-03, -1.3303e-01,
         6.4884e-02, -6.4238e-02, -7.3350e-02,  3.3788e-02, -7.3802e-02,
        -6.5359e-02, -4.7652e-02, -5.3129e-02, -5.9063e-02, -3.8139e-02,
         3.6752e-02, -1.1444e-01, -8.5600e-02,  2.0635e-03,  1.9667e-02,
         7.8106e-02, -9.9341e-02,  4.5141e-02,  8.0382e-02,  7.8526e-02,
        -1.3172e-01, -5.3967e-02, -1.2156e-01, -8.9493e-02,  7.8769e-02,
        -2.1117e-02,  6.0063e-02, -8.3015e-02,  2.1490e-02, -8.5540e-02,
         7.0695e-02, -6.1855e-02, -3.5463e-02, -1.2270e-01,  4.6719e-04,
         1.3428e-01,  6.8643e-02, -7.5454e-02,  1.9019e-03, -1.5507e-02,
        -1.1385e-01,  1.1089e-01,  2.2798e-03,  2.9783e-02, -5.7110e-02,
        -6.6174e-02,  2.3319e-02,  5.2285e-02,  3.1721e-02, -6.8157e-02,
         1.3731e-01, -2.0818e-02, -8.6609e-02, -6.6145e-02,  1.3922e-01,
         6.8109e-06, -1.9197e-02, -5.8854e-02, -3.7073e-02, -1.1911e-01,
        -1.1239e-01,  8.2772e-02,  1.2098e-01,  1.3496e-01, -1.0210e-01,
         7.6490e-02, -8.7535e-02,  8.4366e-02,  1.0204e-01,  1.0944e-01,
         1.0183e-01,  8.8469e-02,  2.7526e-03,  6.4981e-02, -5.0596e-02,
         6.1580e-02, -4.5453e-02, -2.3747e-03, -1.2309e-01, -3.6978e-02,
        -7.4370e-02, -4.7704e-02, -9.0310e-02, -1.2720e-01,  9.2089e-03,
         9.1780e-02,  1.2880e-01,  8.2527e-02, -7.3304e-02, -1.3987e-01,
         5.3643e-02,  7.9240e-02, -1.2141e-01,  5.0712e-02,  1.1957e-01,
         8.5668e-03, -8.5201e-02,  1.1595e-01,  6.0389e-02,  9.3649e-02],
       device='cuda:0')
rank: local_param 1 tensor([ 5.0741e-02, -5.5715e-02, -1.3242e-01,  5.1223e-02, -7.0068e-02,
         7.1966e-02,  9.4538e-02,  5.4549e-02,  1.3270e-01,  1.3432e-01,
         2.9945e-02, -1.0304e-01,  1.2635e-01, -6.7104e-02, -6.6801e-02,
         1.1834e-01,  1.0957e-01,  4.2731e-02,  8.8648e-03, -1.1896e-01,
        -1.4680e-02,  1.3564e-01,  3.6014e-02,  1.2108e-02, -2.9366e-02,
        -4.9325e-02,  8.4290e-02,  8.7212e-03,  9.2005e-02, -2.5031e-02,
         6.1788e-02,  5.8374e-02,  2.2552e-02,  8.8865e-02,  8.8621e-02,
         1.3109e-01,  1.0872e-01, -3.6161e-02, -1.1973e-01,  2.5854e-02,
        -1.2344e-03, -3.6886e-02, -2.3682e-02,  6.6514e-03,  1.0319e-01,
         4.4087e-02, -5.0218e-02, -5.8156e-02, -3.5020e-02, -5.4660e-02,
         1.2717e-01,  7.4903e-02,  1.2770e-01,  4.5165e-04,  2.8521e-02,
         4.9040e-02, -1.3386e-01,  1.2628e-02, -9.4597e-03, -7.9288e-02,
        -1.0974e-01,  1.2520e-01,  1.1498e-01,  6.5544e-02,  1.3495e-01,
        -5.7390e-02, -2.4427e-02,  5.3545e-02, -2.3367e-02, -2.7752e-02,
        -1.1689e-01,  3.7994e-02, -8.5465e-02,  5.1430e-03,  1.3788e-01,
        -4.3532e-02, -4.4575e-02,  8.5321e-02, -5.1994e-02, -1.2145e-02,
         1.3205e-01, -5.7979e-02, -1.0117e-01, -7.9146e-02, -3.9208e-02,
        -6.7104e-02, -7.3388e-02,  5.7126e-02,  2.4033e-02, -4.5264e-02,
        -1.0987e-01, -4.4528e-02, -5.9685e-02, -4.6021e-02, -1.2758e-01,
         3.0466e-02, -1.0391e-01, -1.1014e-01, -1.1555e-01,  5.9027e-02,
        -8.5139e-02, -5.8372e-02,  1.1085e-01,  7.5090e-02,  8.1090e-02,
        -1.3428e-01, -1.0141e-01, -5.3388e-02,  1.1683e-01,  1.4467e-02,
        -1.0577e-01,  8.8556e-04, -1.0984e-01, -3.0985e-02, -3.8887e-02,
         1.2242e-01,  4.3803e-02, -2.4660e-02,  2.3890e-02, -4.0823e-02,
         5.5565e-02,  5.5941e-02,  3.7978e-02, -5.5123e-02,  1.2065e-01,
        -2.0417e-02, -5.5058e-02,  8.8574e-02,  1.1527e-01,  1.4074e-01,
         4.1897e-02, -4.8210e-02,  7.1827e-02,  1.2133e-01, -1.3871e-01,
        -1.7520e-02, -9.6444e-02,  2.6355e-02,  5.8490e-02, -2.9216e-02,
        -1.1831e-02,  6.3655e-02, -2.3769e-02, -1.1876e-01,  1.1316e-01,
        -7.1179e-02, -1.5536e-02,  1.3340e-02, -8.4990e-03, -1.3303e-01,
         6.4884e-02, -6.4238e-02, -7.3350e-02,  3.3788e-02, -7.3802e-02,
        -6.5359e-02, -4.7652e-02, -5.3129e-02, -5.9063e-02, -3.8139e-02,
         3.6752e-02, -1.1444e-01, -8.5600e-02,  2.0635e-03,  1.9667e-02,
         7.8106e-02, -9.9341e-02,  4.5141e-02,  8.0382e-02,  7.8526e-02,
        -1.3172e-01, -5.3967e-02, -1.2156e-01, -8.9493e-02,  7.8769e-02,
        -2.1117e-02,  6.0063e-02, -8.3015e-02,  2.1490e-02, -8.5540e-02,
         7.0695e-02, -6.1855e-02, -3.5463e-02, -1.2270e-01,  4.6719e-04,
         1.3428e-01,  6.8643e-02, -7.5454e-02,  1.9019e-03, -1.5507e-02,
        -1.1385e-01,  1.1089e-01,  2.2798e-03,  2.9783e-02, -5.7110e-02,
        -6.6174e-02,  2.3319e-02,  5.2285e-02,  3.1721e-02, -6.8157e-02,
         1.3731e-01, -2.0818e-02, -8.6609e-02, -6.6145e-02,  1.3922e-01,
         6.8109e-06, -1.9197e-02, -5.8854e-02, -3.7073e-02, -1.1911e-01,
        -1.1239e-01,  8.2772e-02,  1.2098e-01,  1.3496e-01, -1.0210e-01,
         7.6490e-02, -8.7535e-02,  8.4366e-02,  1.0204e-01,  1.0944e-01,
         1.0183e-01,  8.8469e-02,  2.7526e-03,  6.4981e-02, -5.0596e-02,
         6.1580e-02, -4.5453e-02, -2.3747e-03, -1.2309e-01, -3.6978e-02,
        -7.4370e-02, -4.7704e-02, -9.0310e-02, -1.2720e-01,  9.2089e-03,
         9.1780e-02,  1.2880e-01,  8.2527e-02, -7.3304e-02, -1.3987e-01,
         5.3643e-02,  7.9240e-02, -1.2141e-01,  5.0712e-02,  1.1957e-01,
         8.5668e-03, -8.5201e-02,  1.1595e-01,  6.0389e-02,  9.3649e-02],
       device='cuda:1', requires_grad=True)
rank: flatten_data 1 tensor([-7.6220e-02,  7.3904e-02, -1.3385e-01, -5.4702e-02, -2.7552e-02,
        -1.2017e-01, -8.9928e-02, -2.3083e-02,  1.0731e-01,  1.3656e-01,
         8.9981e-02, -8.4446e-02, -9.2521e-02,  1.2342e-01,  5.0023e-02,
         3.7572e-03,  1.9139e-02, -1.1366e-01, -4.7219e-02,  1.3613e-01,
        -3.4879e-02, -7.0943e-03, -1.1743e-01, -7.9112e-02, -2.8878e-03,
        -8.7845e-02, -1.7538e-02,  5.7553e-02, -1.3834e-01,  4.2004e-02,
        -9.3509e-02, -6.9021e-02,  5.4293e-02,  1.1245e-01, -3.8652e-02,
        -5.8063e-02, -1.2788e-01, -7.2925e-02, -1.2383e-01, -3.2367e-02,
         2.8858e-02, -1.3249e-01,  1.2348e-01,  8.8726e-02, -1.3844e-01,
        -6.7548e-02,  4.6125e-02, -2.9056e-02, -1.5412e-02, -6.3854e-02,
         1.1359e-01, -7.9054e-02,  1.1728e-01,  9.1248e-03,  2.8429e-02,
         1.1033e-01, -2.3301e-02, -8.0517e-02, -2.2873e-02,  1.1470e-01,
        -1.0493e-01,  3.2100e-02, -1.3899e-01,  7.4148e-02,  5.2251e-02,
         5.9952e-03,  6.0697e-02,  1.5906e-04,  7.8256e-02, -1.1195e-01,
        -2.0768e-02,  6.2737e-02,  1.4083e-01,  7.2039e-02, -1.0284e-01,
         1.0877e-01, -3.1537e-02, -3.0196e-02, -1.2854e-01, -2.2262e-02,
         1.0003e-01,  1.9720e-02, -8.2371e-02,  4.3531e-02, -4.5346e-02,
         1.2912e-01, -1.2275e-01, -4.4672e-02, -1.3655e-01, -5.5696e-02,
         4.4583e-02,  1.3613e-01,  2.3751e-02,  1.3864e-01,  2.7669e-02,
         8.1676e-02,  1.1337e-01,  1.1822e-01, -7.9157e-02,  1.3002e-01,
         8.5668e-02, -6.6126e-02, -6.7487e-02, -1.1862e-01,  3.5516e-02,
        -1.1463e-01,  5.9740e-02,  4.4661e-02, -1.2287e-01,  3.8537e-02,
        -1.1502e-02,  6.4604e-02,  8.1146e-02, -1.4059e-01,  1.2970e-01,
         1.1860e-01,  5.6269e-02, -1.2925e-01, -5.0519e-02, -4.0985e-02,
        -3.6345e-02,  7.9751e-02,  5.1417e-02,  1.1203e-01, -5.2966e-02,
         4.7594e-02,  5.0317e-02, -1.1775e-01, -1.3718e-01, -7.3382e-02,
         9.6810e-02, -1.3314e-01, -1.2310e-01,  7.9224e-02,  7.6301e-02,
         1.1630e-01, -1.0676e-01, -1.0351e-01,  7.2547e-02,  1.2298e-01,
         8.4618e-02,  2.2154e-02,  4.6609e-02,  1.3423e-01, -9.1246e-02,
        -6.4207e-02,  9.8920e-02, -9.6766e-02, -7.7982e-02,  1.0324e-01,
         4.4622e-02,  4.5689e-02, -5.9940e-02, -1.9517e-03,  1.2943e-01,
        -8.4884e-02,  1.1119e-03,  6.7260e-02, -9.7631e-02,  1.3735e-01,
        -7.0656e-02, -3.3960e-02, -3.8264e-02, -9.2158e-02, -1.3877e-01,
         7.9741e-02,  3.7572e-02, -1.3246e-01, -9.1023e-02,  1.3978e-01,
         5.4056e-02,  5.6745e-02, -8.4612e-02, -6.1999e-02, -2.1348e-02,
        -2.5863e-02, -9.6909e-02,  1.1651e-02,  1.4056e-02, -1.7907e-02,
         1.9606e-02, -5.6052e-02,  3.6805e-02,  5.3336e-02, -7.4492e-02,
        -1.4023e-01,  7.4025e-02,  3.3734e-02, -7.1925e-02,  1.3629e-01,
        -6.3958e-02,  9.5565e-02,  7.1747e-02, -1.1857e-01,  9.1208e-02,
        -1.3003e-01, -7.8350e-02, -2.3577e-02, -9.5325e-02,  1.3816e-01,
        -2.8366e-02,  5.6171e-02, -1.2628e-01,  8.1412e-02, -4.3951e-02,
        -1.0758e-01,  2.0679e-02,  6.8513e-02,  1.2239e-01, -8.6379e-02,
        -6.9594e-02,  2.7190e-02,  3.8362e-02,  5.4373e-02,  7.7623e-02,
        -3.2068e-02,  7.8569e-02,  1.0427e-01, -3.6942e-02,  1.0062e-01,
         6.9096e-02,  1.2474e-01, -8.0366e-02, -6.9835e-02, -4.0890e-02,
         7.1738e-03,  8.4881e-02, -8.0732e-02,  7.0803e-02, -5.0683e-02,
         8.5434e-02, -6.7143e-03, -1.2390e-01, -7.7817e-02, -1.0235e-01,
         7.0140e-02, -9.4830e-02, -1.1783e-02,  3.0512e-02, -7.7555e-02,
         4.0796e-02, -1.3809e-01, -1.0119e-01, -1.2815e-01, -4.2777e-02,
        -5.1519e-02,  2.0251e-02, -2.6151e-02,  6.6480e-02,  1.2965e-01,
         5.0741e-02, -5.5715e-02, -1.3242e-01,  5.1223e-02, -7.0068e-02,
         7.1966e-02,  9.4538e-02,  5.4549e-02,  1.3270e-01,  1.3432e-01,
         2.9945e-02, -1.0304e-01,  1.2635e-01, -6.7104e-02, -6.6801e-02,
         1.1834e-01,  1.0957e-01,  4.2731e-02,  8.8648e-03, -1.1896e-01,
        -1.4680e-02,  1.3564e-01,  3.6014e-02,  1.2108e-02, -2.9366e-02,
        -4.9325e-02,  8.4290e-02,  8.7212e-03,  9.2005e-02, -2.5031e-02,
         6.1788e-02,  5.8374e-02,  2.2552e-02,  8.8865e-02,  8.8621e-02,
         1.3109e-01,  1.0872e-01, -3.6161e-02, -1.1973e-01,  2.5854e-02,
        -1.2344e-03, -3.6886e-02, -2.3682e-02,  6.6514e-03,  1.0319e-01,
         4.4087e-02, -5.0218e-02, -5.8156e-02, -3.5020e-02, -5.4660e-02,
         1.2717e-01,  7.4903e-02,  1.2770e-01,  4.5165e-04,  2.8521e-02,
         4.9040e-02, -1.3386e-01,  1.2628e-02, -9.4597e-03, -7.9288e-02,
        -1.0974e-01,  1.2520e-01,  1.1498e-01,  6.5544e-02,  1.3495e-01,
        -5.7390e-02, -2.4427e-02,  5.3545e-02, -2.3367e-02, -2.7752e-02,
        -1.1689e-01,  3.7994e-02, -8.5465e-02,  5.1430e-03,  1.3788e-01,
        -4.3532e-02, -4.4575e-02,  8.5321e-02, -5.1994e-02, -1.2145e-02,
         1.3205e-01, -5.7979e-02, -1.0117e-01, -7.9146e-02, -3.9208e-02,
        -6.7104e-02, -7.3388e-02,  5.7126e-02,  2.4033e-02, -4.5264e-02,
        -1.0987e-01, -4.4528e-02, -5.9685e-02, -4.6021e-02, -1.2758e-01,
         3.0466e-02, -1.0391e-01, -1.1014e-01, -1.1555e-01,  5.9027e-02,
        -8.5139e-02, -5.8372e-02,  1.1085e-01,  7.5090e-02,  8.1090e-02,
        -1.3428e-01, -1.0141e-01, -5.3388e-02,  1.1683e-01,  1.4467e-02,
        -1.0577e-01,  8.8556e-04, -1.0984e-01, -3.0985e-02, -3.8887e-02,
         1.2242e-01,  4.3803e-02, -2.4660e-02,  2.3890e-02, -4.0823e-02,
         5.5565e-02,  5.5941e-02,  3.7978e-02, -5.5123e-02,  1.2065e-01,
        -2.0417e-02, -5.5058e-02,  8.8574e-02,  1.1527e-01,  1.4074e-01,
         4.1897e-02, -4.8210e-02,  7.1827e-02,  1.2133e-01, -1.3871e-01,
        -1.7520e-02, -9.6444e-02,  2.6355e-02,  5.8490e-02, -2.9216e-02,
        -1.1831e-02,  6.3655e-02, -2.3769e-02, -1.1876e-01,  1.1316e-01,
        -7.1179e-02, -1.5536e-02,  1.3340e-02, -8.4990e-03, -1.3303e-01,
         6.4884e-02, -6.4238e-02, -7.3350e-02,  3.3788e-02, -7.3802e-02,
        -6.5359e-02, -4.7652e-02, -5.3129e-02, -5.9063e-02, -3.8139e-02,
         3.6752e-02, -1.1444e-01, -8.5600e-02,  2.0635e-03,  1.9667e-02,
         7.8106e-02, -9.9341e-02,  4.5141e-02,  8.0382e-02,  7.8526e-02,
        -1.3172e-01, -5.3967e-02, -1.2156e-01, -8.9493e-02,  7.8769e-02,
        -2.1117e-02,  6.0063e-02, -8.3015e-02,  2.1490e-02, -8.5540e-02,
         7.0695e-02, -6.1855e-02, -3.5463e-02, -1.2270e-01,  4.6719e-04,
         1.3428e-01,  6.8643e-02, -7.5454e-02,  1.9019e-03, -1.5507e-02,
        -1.1385e-01,  1.1089e-01,  2.2798e-03,  2.9783e-02, -5.7110e-02,
        -6.6174e-02,  2.3319e-02,  5.2285e-02,  3.1721e-02, -6.8157e-02,
         1.3731e-01, -2.0818e-02, -8.6609e-02, -6.6145e-02,  1.3922e-01,
         6.8109e-06, -1.9197e-02, -5.8854e-02, -3.7073e-02, -1.1911e-01,
        -1.1239e-01,  8.2772e-02,  1.2098e-01,  1.3496e-01, -1.0210e-01,
         7.6490e-02, -8.7535e-02,  8.4366e-02,  1.0204e-01,  1.0944e-01,
         1.0183e-01,  8.8469e-02,  2.7526e-03,  6.4981e-02, -5.0596e-02,
         6.1580e-02, -4.5453e-02, -2.3747e-03, -1.2309e-01, -3.6978e-02,
        -7.4370e-02, -4.7704e-02, -9.0310e-02, -1.2720e-01,  9.2089e-03,
         9.1780e-02,  1.2880e-01,  8.2527e-02, -7.3304e-02, -1.3987e-01,
         5.3643e-02,  7.9240e-02, -1.2141e-01,  5.0712e-02,  1.1957e-01,
         8.5668e-03, -8.5201e-02,  1.1595e-01,  6.0389e-02,  9.3649e-02],
       device='cuda:1')
rank: local_param 0 tensor([-0.1264,  0.0707, -0.1273, -0.0172,  0.0084,  0.1005, -0.0512,  0.0407,
         0.0219,  0.0832,  0.0084,  0.0530, -0.0854, -0.0983,  0.1260, -0.1030,
        -0.0241, -0.0171,  0.1383, -0.0306, -0.1077, -0.0359,  0.0729,  0.0560,
         0.1170, -0.0290,  0.0666, -0.1331,  0.0547,  0.0650,  0.0912, -0.0811,
        -0.0378,  0.0342, -0.1005, -0.1125, -0.1361,  0.0079,  0.0878,  0.0363,
         0.0086,  0.0493, -0.0889,  0.0149, -0.0351, -0.0700,  0.1220, -0.1094,
         0.0207, -0.1243, -0.0048, -0.0628,  0.0465, -0.0794,  0.0905, -0.1148,
         0.0849, -0.1062,  0.0757, -0.0595, -0.0003, -0.0258,  0.0918,  0.0463,
        -0.1246,  0.0130, -0.0976,  0.1057,  0.0232, -0.0364, -0.0721,  0.0490,
        -0.0847,  0.0671,  0.0772,  0.0868,  0.0369, -0.1238,  0.1017, -0.0439,
        -0.0418, -0.0152,  0.1034,  0.1087,  0.0218,  0.0675, -0.1318,  0.0003,
        -0.1251,  0.0481, -0.1008, -0.0504,  0.0989,  0.1352, -0.0849, -0.0785,
         0.0175,  0.0556, -0.0230, -0.0442, -0.0929,  0.0604,  0.1386, -0.0685,
         0.0667,  0.0691,  0.1137, -0.0161,  0.0045,  0.1039,  0.0894,  0.1397,
        -0.0405,  0.0560,  0.0988, -0.0960,  0.0281, -0.0316,  0.0909, -0.0635,
         0.0099,  0.0846, -0.1296, -0.1194, -0.0724], device='cuda:0',
       requires_grad=True)
rank: flatten_data 0 tensor([-0.1264,  0.0707, -0.1273, -0.0172,  0.0084,  0.1005, -0.0512,  0.0407,
         0.0219,  0.0832,  0.0084,  0.0530, -0.0854, -0.0983,  0.1260, -0.1030,
        -0.0241, -0.0171,  0.1383, -0.0306, -0.1077, -0.0359,  0.0729,  0.0560,
         0.1170, -0.0290,  0.0666, -0.1331,  0.0547,  0.0650,  0.0912, -0.0811,
        -0.0378,  0.0342, -0.1005, -0.1125, -0.1361,  0.0079,  0.0878,  0.0363,
         0.0086,  0.0493, -0.0889,  0.0149, -0.0351, -0.0700,  0.1220, -0.1094,
         0.0207, -0.1243, -0.0048, -0.0628,  0.0465, -0.0794,  0.0905, -0.1148,
         0.0849, -0.1062,  0.0757, -0.0595, -0.0003, -0.0258,  0.0918,  0.0463,
        -0.1246,  0.0130, -0.0976,  0.1057,  0.0232, -0.0364, -0.0721,  0.0490,
        -0.0847,  0.0671,  0.0772,  0.0868,  0.0369, -0.1238,  0.1017, -0.0439,
        -0.0418, -0.0152,  0.1034,  0.1087,  0.0218,  0.0675, -0.1318,  0.0003,
        -0.1251,  0.0481, -0.1008, -0.0504,  0.0989,  0.1352, -0.0849, -0.0785,
         0.0175,  0.0556, -0.0230, -0.0442, -0.0929,  0.0604,  0.1386, -0.0685,
         0.0667,  0.0691,  0.1137, -0.0161,  0.0045,  0.1039,  0.0894,  0.1397,
        -0.0405,  0.0560,  0.0988, -0.0960,  0.0281, -0.0316,  0.0909, -0.0635,
         0.0099,  0.0846, -0.1296, -0.1194, -0.0724,  0.0907,  0.0948, -0.0966,
         0.0270, -0.0749, -0.0656,  0.1220,  0.0683, -0.0387,  0.0208,  0.0274,
         0.0331, -0.0484, -0.0833,  0.0936,  0.0190,  0.0592, -0.0536,  0.0685,
         0.1029,  0.0860,  0.0385,  0.1391, -0.0003,  0.0301,  0.1344,  0.1374,
        -0.0597,  0.1274,  0.0522, -0.0158,  0.1235, -0.0733,  0.0919,  0.1401,
        -0.0975, -0.0835, -0.1401, -0.0255, -0.1284, -0.0474,  0.0429,  0.1000,
         0.0788,  0.0785,  0.0587, -0.0877, -0.1123,  0.0059,  0.1343,  0.0080,
        -0.0122, -0.0960, -0.0701, -0.1090,  0.1132, -0.0230, -0.1249,  0.0152,
         0.0103, -0.0175,  0.0506,  0.0761, -0.1330, -0.1083, -0.0068, -0.1311,
        -0.1285,  0.1249, -0.0108, -0.0699, -0.0485, -0.1104,  0.1104, -0.0307,
        -0.0795, -0.1073,  0.0827, -0.0195, -0.0149, -0.0369, -0.0683,  0.0252,
         0.1088, -0.0820,  0.0068, -0.1076, -0.0663,  0.1241,  0.0015,  0.1362,
        -0.0248, -0.0771, -0.0845,  0.1253, -0.1088,  0.0742,  0.0352,  0.0417,
         0.0798, -0.0370,  0.0875, -0.1127, -0.0498,  0.1035,  0.0420, -0.0188,
        -0.0330, -0.0864,  0.0860, -0.0045, -0.0048,  0.0334,  0.1044, -0.0722,
        -0.0487,  0.0958,  0.0799, -0.0696, -0.1399,  0.0262,  0.0744,  0.0338,
         0.1003, -0.1122], device='cuda:0')

rank: local_param 1 tensor([ 0.0907,  0.0948, -0.0966,  0.0270, -0.0749, -0.0656,  0.1220,  0.0683,
        -0.0387,  0.0208,  0.0274,  0.0331, -0.0484, -0.0833,  0.0936,  0.0190,
         0.0592, -0.0536,  0.0685,  0.1029,  0.0860,  0.0385,  0.1391, -0.0003,
         0.0301,  0.1344,  0.1374, -0.0597,  0.1274,  0.0522, -0.0158,  0.1235,
        -0.0733,  0.0919,  0.1401, -0.0975, -0.0835, -0.1401, -0.0255, -0.1284,
        -0.0474,  0.0429,  0.1000,  0.0788,  0.0785,  0.0587, -0.0877, -0.1123,
         0.0059,  0.1343,  0.0080, -0.0122, -0.0960, -0.0701, -0.1090,  0.1132,
        -0.0230, -0.1249,  0.0152,  0.0103, -0.0175,  0.0506,  0.0761, -0.1330,
        -0.1083, -0.0068, -0.1311, -0.1285,  0.1249, -0.0108, -0.0699, -0.0485,
        -0.1104,  0.1104, -0.0307, -0.0795, -0.1073,  0.0827, -0.0195, -0.0149,
        -0.0369, -0.0683,  0.0252,  0.1088, -0.0820,  0.0068, -0.1076, -0.0663,
         0.1241,  0.0015,  0.1362, -0.0248, -0.0771, -0.0845,  0.1253, -0.1088,
         0.0742,  0.0352,  0.0417,  0.0798, -0.0370,  0.0875, -0.1127, -0.0498,
         0.1035,  0.0420, -0.0188, -0.0330, -0.0864,  0.0860, -0.0045, -0.0048,
         0.0334,  0.1044, -0.0722, -0.0487,  0.0958,  0.0799, -0.0696, -0.1399,
         0.0262,  0.0744,  0.0338,  0.1003, -0.1122], device='cuda:1',
       requires_grad=True)
rank: flatten_data 1 tensor([-0.1264,  0.0707, -0.1273, -0.0172,  0.0084,  0.1005, -0.0512,  0.0407,
         0.0219,  0.0832,  0.0084,  0.0530, -0.0854, -0.0983,  0.1260, -0.1030,
        -0.0241, -0.0171,  0.1383, -0.0306, -0.1077, -0.0359,  0.0729,  0.0560,
         0.1170, -0.0290,  0.0666, -0.1331,  0.0547,  0.0650,  0.0912, -0.0811,
        -0.0378,  0.0342, -0.1005, -0.1125, -0.1361,  0.0079,  0.0878,  0.0363,
         0.0086,  0.0493, -0.0889,  0.0149, -0.0351, -0.0700,  0.1220, -0.1094,
         0.0207, -0.1243, -0.0048, -0.0628,  0.0465, -0.0794,  0.0905, -0.1148,
         0.0849, -0.1062,  0.0757, -0.0595, -0.0003, -0.0258,  0.0918,  0.0463,
        -0.1246,  0.0130, -0.0976,  0.1057,  0.0232, -0.0364, -0.0721,  0.0490,
        -0.0847,  0.0671,  0.0772,  0.0868,  0.0369, -0.1238,  0.1017, -0.0439,
        -0.0418, -0.0152,  0.1034,  0.1087,  0.0218,  0.0675, -0.1318,  0.0003,
        -0.1251,  0.0481, -0.1008, -0.0504,  0.0989,  0.1352, -0.0849, -0.0785,
         0.0175,  0.0556, -0.0230, -0.0442, -0.0929,  0.0604,  0.1386, -0.0685,
         0.0667,  0.0691,  0.1137, -0.0161,  0.0045,  0.1039,  0.0894,  0.1397,
        -0.0405,  0.0560,  0.0988, -0.0960,  0.0281, -0.0316,  0.0909, -0.0635,
         0.0099,  0.0846, -0.1296, -0.1194, -0.0724,  0.0907,  0.0948, -0.0966,
         0.0270, -0.0749, -0.0656,  0.1220,  0.0683, -0.0387,  0.0208,  0.0274,
         0.0331, -0.0484, -0.0833,  0.0936,  0.0190,  0.0592, -0.0536,  0.0685,
         0.1029,  0.0860,  0.0385,  0.1391, -0.0003,  0.0301,  0.1344,  0.1374,
        -0.0597,  0.1274,  0.0522, -0.0158,  0.1235, -0.0733,  0.0919,  0.1401,
        -0.0975, -0.0835, -0.1401, -0.0255, -0.1284, -0.0474,  0.0429,  0.1000,
         0.0788,  0.0785,  0.0587, -0.0877, -0.1123,  0.0059,  0.1343,  0.0080,
        -0.0122, -0.0960, -0.0701, -0.1090,  0.1132, -0.0230, -0.1249,  0.0152,
         0.0103, -0.0175,  0.0506,  0.0761, -0.1330, -0.1083, -0.0068, -0.1311,
        -0.1285,  0.1249, -0.0108, -0.0699, -0.0485, -0.1104,  0.1104, -0.0307,
        -0.0795, -0.1073,  0.0827, -0.0195, -0.0149, -0.0369, -0.0683,  0.0252,
         0.1088, -0.0820,  0.0068, -0.1076, -0.0663,  0.1241,  0.0015,  0.1362,
        -0.0248, -0.0771, -0.0845,  0.1253, -0.1088,  0.0742,  0.0352,  0.0417,
         0.0798, -0.0370,  0.0875, -0.1127, -0.0498,  0.1035,  0.0420, -0.0188,
        -0.0330, -0.0864,  0.0860, -0.0045, -0.0048,  0.0334,  0.1044, -0.0722,
        -0.0487,  0.0958,  0.0799, -0.0696, -0.1399,  0.0262,  0.0744,  0.0338,
         0.1003, -0.1122], device='cuda:1')
FAILED

=================================== FAILURES ===================================
_______________________ test_sharded_optimizer[ToyModel] _______________________

model_class = <class 'tests.common.ToyModel'>

    @pytest.mark.parametrize("model_class", [ToyModel, ToyModelWithTiedWeights])
    def test_sharded_optimizer(model_class):
        world_size = 2
>       mp.spawn(
            _test_sharded_optimizer,
            args=(world_size, model_class),
            nprocs=world_size,
            join=True,
        )

tests/test_sharded_optimizer.py:21: 
_ _ _ _ _ _ _ _ _ _ _ _ _ _ _ _ _ _ _ _ _ _ _ _ _ _ _ _ _ _ _ _ _ _ _ _ _ _ _ _ 
.venv/lib/python3.12/site-packages/torch/multiprocessing/spawn.py:340: in spawn
    return start_processes(fn, args, nprocs, join, daemon, start_method="spawn")
           ^^^^^^^^^^^^^^^^^^^^^^^^^^^^^^^^^^^^^^^^^^^^^^^^^^^^^^^^^^^^^^^^^^^^^
.venv/lib/python3.12/site-packages/torch/multiprocessing/spawn.py:296: in start_processes
    while not context.join():
              ^^^^^^^^^^^^^^
_ _ _ _ _ _ _ _ _ _ _ _ _ _ _ _ _ _ _ _ _ _ _ _ _ _ _ _ _ _ _ _ _ _ _ _ _ _ _ _ 

self = <torch.multiprocessing.spawn.ProcessContext object at 0x7f3dc7238c80>
timeout = None, grace_period = None

    def join(
        self, timeout: Optional[float] = None, grace_period: Optional[float] = None
    ):
        r"""Join one or more processes within spawn context.
    
        Attempt to join one or more processes in this spawn context.
        If one of them exited with a non-zero exit status, this function
        kills the remaining processes (optionally with a grace period)
        and raises an exception with the cause of the first process exiting.
    
        Returns ``True`` if all processes have been joined successfully,
        ``False`` if there are more processes that need to be joined.
    
        Args:
            timeout (float): Wait this long (in seconds) before giving up on waiting.
            grace_period (float): When any processes fail, wait this long (in seconds)
                for others to shutdown gracefully before terminating them. If they
                still don't exit, wait another grace period before killing them.
        """
        # Ensure this function can be called even when we're done.
        if len(self.sentinels) == 0:
            return True
    
        # Wait for any process to fail or all of them to succeed.
        ready = multiprocessing.connection.wait(
            self.sentinels.keys(),
            timeout=timeout,
        )
    
        error_index = None
        for sentinel in ready:
            index = self.sentinels.pop(sentinel)
            process = self.processes[index]
            process.join()
            if process.exitcode != 0:
                error_index = index
                break
    
        # Return if there was no error.
        if error_index is None:
            # Return whether or not all processes have been joined.
            return len(self.sentinels) == 0
        # An error occurred. Clean-up all processes before returning.
        # First, allow a grace period for processes to shutdown themselves.
        if grace_period is not None:
            self._join_procs_with_timeout(grace_period)
        # Then, terminate processes that are still alive. Try SIGTERM first.
        for process in self.processes:
            if process.is_alive():
                log.warning("Terminating process %s via signal SIGTERM", process.pid)
                process.terminate()
    
        # Try SIGKILL if the process isn't going down after another grace_period.
        # The reason is related to python signal handling is limited
        # to main thread and if that is in c/c++ land and stuck it won't
        # to handle it. We have seen processes getting stuck not handling
        # SIGTERM for the above reason.
        self._join_procs_with_timeout(30 if grace_period is None else grace_period)
        for process in self.processes:
            if process.is_alive():
                log.warning(
                    "Unable to shutdown process %s via SIGTERM , forcefully exiting via SIGKILL",
                    process.pid,
                )
                process.kill()
            process.join()
    
        # The file will only be created if the process crashed.
        failed_process = self.processes[error_index]
        if not os.access(self.error_files[error_index], os.R_OK):
            exitcode = self.processes[error_index].exitcode
            if exitcode < 0:
                try:
                    name = signal.Signals(-exitcode).name
                except ValueError:
                    name = f"<Unknown signal {-exitcode}>"
                raise ProcessExitedException(
                    "process %d terminated with signal %s" % (error_index, name),
                    error_index=error_index,
                    error_pid=failed_process.pid,
                    exit_code=exitcode,
                    signal_name=name,
                )
            else:
                raise ProcessExitedException(
                    "process %d terminated with exit code %d" % (error_index, exitcode),
                    error_index=error_index,
                    error_pid=failed_process.pid,
                    exit_code=exitcode,
                )
    
        with open(self.error_files[error_index], "rb") as fh:
            original_trace = pickle.load(fh)
        msg = "\n\n-- Process %d terminated with the following error:\n" % error_index
        msg += original_trace
>       raise ProcessRaisedException(msg, error_index, failed_process.pid)
E       torch.multiprocessing.spawn.ProcessRaisedException: 
E       
E       -- Process 0 terminated with the following error:
E       Traceback (most recent call last):
E         File "/data/home/xts/code/cs336/assignment2-systems/.venv/lib/python3.12/site-packages/torch/multiprocessing/spawn.py", line 90, in _wrap
E           fn(i, *args)
E         File "/data/home/xts/code/cs336/assignment2-systems/tests/test_sharded_optimizer.py", line 81, in _test_sharded_optimizer
E           numpy.testing.assert_allclose(
E         File "/data/home/xts/code/cs336/assignment2-systems/.venv/lib/python3.12/site-packages/numpy/testing/_private/utils.py", line 1718, in assert_allclose
E           assert_array_compare(compare, actual, desired, err_msg=str(err_msg),
E         File "/data/home/xts/code/cs336/assignment2-systems/.venv/lib/python3.12/site-packages/numpy/testing/_private/utils.py", line 926, in assert_array_compare
E           raise AssertionError(msg)
E       AssertionError: 
E       Not equal to tolerance rtol=1e-07, atol=0
E       
E       Mismatched elements: 100 / 100 (100%)
E       Max absolute difference among violations: 0.5716527
E       Max relative difference among violations: 49.12797
E        ACTUAL: array([[-0.026667, -0.00079 , -0.313498, -0.0022  , -0.294558, -0.179467,
E               -0.402429, -0.069695,  0.014778, -0.443939],
E              [ 0.019049, -0.376395, -0.21296 , -0.384443, -0.286556, -0.273836,...
E        DESIRED: array([[ 0.241768,  0.262472, -0.074083,  0.29049 , -0.069287,  0.063812,
E               -0.153957,  0.185715,  0.278768, -0.231994],
E              [ 0.274864,  0.059185,  0.233632,  0.042827,  0.152481, -0.044649,...

.venv/lib/python3.12/site-packages/torch/multiprocessing/spawn.py:215: ProcessRaisedException
_______________ test_sharded_optimizer[ToyModelWithTiedWeights] ________________

model_class = <class 'tests.common.ToyModelWithTiedWeights'>

    @pytest.mark.parametrize("model_class", [ToyModel, ToyModelWithTiedWeights])
    def test_sharded_optimizer(model_class):
        world_size = 2
>       mp.spawn(
            _test_sharded_optimizer,
            args=(world_size, model_class),
            nprocs=world_size,
            join=True,
        )

tests/test_sharded_optimizer.py:21: 
_ _ _ _ _ _ _ _ _ _ _ _ _ _ _ _ _ _ _ _ _ _ _ _ _ _ _ _ _ _ _ _ _ _ _ _ _ _ _ _ 
.venv/lib/python3.12/site-packages/torch/multiprocessing/spawn.py:340: in spawn
    return start_processes(fn, args, nprocs, join, daemon, start_method="spawn")
           ^^^^^^^^^^^^^^^^^^^^^^^^^^^^^^^^^^^^^^^^^^^^^^^^^^^^^^^^^^^^^^^^^^^^^
.venv/lib/python3.12/site-packages/torch/multiprocessing/spawn.py:296: in start_processes
    while not context.join():
              ^^^^^^^^^^^^^^
_ _ _ _ _ _ _ _ _ _ _ _ _ _ _ _ _ _ _ _ _ _ _ _ _ _ _ _ _ _ _ _ _ _ _ _ _ _ _ _ 

self = <torch.multiprocessing.spawn.ProcessContext object at 0x7f3dc5d4e450>
timeout = None, grace_period = None

    def join(
        self, timeout: Optional[float] = None, grace_period: Optional[float] = None
    ):
        r"""Join one or more processes within spawn context.
    
        Attempt to join one or more processes in this spawn context.
        If one of them exited with a non-zero exit status, this function
        kills the remaining processes (optionally with a grace period)
        and raises an exception with the cause of the first process exiting.
    
        Returns ``True`` if all processes have been joined successfully,
        ``False`` if there are more processes that need to be joined.
    
        Args:
            timeout (float): Wait this long (in seconds) before giving up on waiting.
            grace_period (float): When any processes fail, wait this long (in seconds)
                for others to shutdown gracefully before terminating them. If they
                still don't exit, wait another grace period before killing them.
        """
        # Ensure this function can be called even when we're done.
        if len(self.sentinels) == 0:
            return True
    
        # Wait for any process to fail or all of them to succeed.
        ready = multiprocessing.connection.wait(
            self.sentinels.keys(),
            timeout=timeout,
        )
    
        error_index = None
        for sentinel in ready:
            index = self.sentinels.pop(sentinel)
            process = self.processes[index]
            process.join()
            if process.exitcode != 0:
                error_index = index
                break
    
        # Return if there was no error.
        if error_index is None:
            # Return whether or not all processes have been joined.
            return len(self.sentinels) == 0
        # An error occurred. Clean-up all processes before returning.
        # First, allow a grace period for processes to shutdown themselves.
        if grace_period is not None:
            self._join_procs_with_timeout(grace_period)
        # Then, terminate processes that are still alive. Try SIGTERM first.
        for process in self.processes:
            if process.is_alive():
                log.warning("Terminating process %s via signal SIGTERM", process.pid)
                process.terminate()
    
        # Try SIGKILL if the process isn't going down after another grace_period.
        # The reason is related to python signal handling is limited
        # to main thread and if that is in c/c++ land and stuck it won't
        # to handle it. We have seen processes getting stuck not handling
        # SIGTERM for the above reason.
        self._join_procs_with_timeout(30 if grace_period is None else grace_period)
        for process in self.processes:
            if process.is_alive():
                log.warning(
                    "Unable to shutdown process %s via SIGTERM , forcefully exiting via SIGKILL",
                    process.pid,
                )
                process.kill()
            process.join()
    
        # The file will only be created if the process crashed.
        failed_process = self.processes[error_index]
        if not os.access(self.error_files[error_index], os.R_OK):
            exitcode = self.processes[error_index].exitcode
            if exitcode < 0:
                try:
                    name = signal.Signals(-exitcode).name
                except ValueError:
                    name = f"<Unknown signal {-exitcode}>"
                raise ProcessExitedException(
                    "process %d terminated with signal %s" % (error_index, name),
                    error_index=error_index,
                    error_pid=failed_process.pid,
                    exit_code=exitcode,
                    signal_name=name,
                )
            else:
                raise ProcessExitedException(
                    "process %d terminated with exit code %d" % (error_index, exitcode),
                    error_index=error_index,
                    error_pid=failed_process.pid,
                    exit_code=exitcode,
                )
    
        with open(self.error_files[error_index], "rb") as fh:
            original_trace = pickle.load(fh)
        msg = "\n\n-- Process %d terminated with the following error:\n" % error_index
        msg += original_trace
>       raise ProcessRaisedException(msg, error_index, failed_process.pid)
E       torch.multiprocessing.spawn.ProcessRaisedException: 
E       
E       -- Process 0 terminated with the following error:
E       Traceback (most recent call last):
E         File "/data/home/xts/code/cs336/assignment2-systems/.venv/lib/python3.12/site-packages/torch/multiprocessing/spawn.py", line 90, in _wrap
E           fn(i, *args)
E         File "/data/home/xts/code/cs336/assignment2-systems/tests/test_sharded_optimizer.py", line 81, in _test_sharded_optimizer
E           numpy.testing.assert_allclose(
E         File "/data/home/xts/code/cs336/assignment2-systems/.venv/lib/python3.12/site-packages/numpy/testing/_private/utils.py", line 1718, in assert_allclose
E           assert_array_compare(compare, actual, desired, err_msg=str(err_msg),
E         File "/data/home/xts/code/cs336/assignment2-systems/.venv/lib/python3.12/site-packages/numpy/testing/_private/utils.py", line 926, in assert_array_compare
E           raise AssertionError(msg)
E       AssertionError: 
E       Not equal to tolerance rtol=1e-07, atol=0
E       
E       Mismatched elements: 100 / 100 (100%)
E       Max absolute difference among violations: 0.55658996
E       Max relative difference among violations: 52.115307
E        ACTUAL: array([[-0.036362, -0.019471, -0.320029,  0.005506, -0.315154, -0.200179,
E               -0.393712, -0.087331, -0.002579, -0.464757],
E              [ 0.005235, -0.19333 , -0.034103, -0.207363, -0.108438, -0.283913,...
E        DESIRED: array([[ 0.241768,  0.262472, -0.074083,  0.29049 , -0.069287,  0.063812,
E               -0.153957,  0.185715,  0.278768, -0.231994],
E              [ 0.274864,  0.059185,  0.233632,  0.042827,  0.152481, -0.044649,...

.venv/lib/python3.12/site-packages/torch/multiprocessing/spawn.py:215: ProcessRaisedException
=========================== short test summary info ============================
FAILED tests/test_sharded_optimizer.py::test_sharded_optimizer[ToyModel] - to...
FAILED tests/test_sharded_optimizer.py::test_sharded_optimizer[ToyModelWithTiedWeights]
============================== 2 failed in 16.59s ==============================
